sample_ID,minADE_k,minFDE_k,MR_k,b-minFDE_k
1,0.17498925198101423,0.3427507370398726,0.0,0.8469239918235034
