sample_ID,minADE_k,minFDE_k,b-minFDE_k
000bcc7d-7d21-4146-9dce-099fc5bf397f,2.601209612647318,6.913648566530649,7.689101290567235
001426de-215b-406a-9899-42c7175fee65,2.490422901931074,5.683784102820546,6.683784102621748
0027b1d0-130d-448a-b268-7146cb641147,2.0159505386522563,4.227362104901749,5.201956025334559
00391f55-7dc9-4d8d-92ef-28999a8e02ce,1.9242047495542285,4.586672715051294,5.360692861829129
003bd10e-8b91-4eb2-a021-42ece3a55095,2.652872841298698,8.602650834194444,9.31719672267806
003f00b0-4471-45e2-a52f-0e678d612877,2.6186362189553543,6.470602372559105,7.46429886760969
0056da65-81d9-49d1-b04c-7aea0940e760,2.098739647664291,4.547412293105632,5.170792829266784
005c8157-7114-4ed0-ab4f-044121aacc7b,2.0563918558565706,4.403716348363282,4.937674915159902
008a4a99-1460-4657-a709-07f90eb6d99f,2.942678906494111,6.633030222749186,7.614924995583298
00999e8e-7dbf-4505-8dc9-ad7c1ac6e169,3.228119385873069,12.194615940648044,13.194614781170728
00b1c081-0d88-410e-800e-ed4156d99ccf,2.8478853571645897,13.708360691939069,14.325435615596518
00bb835d-d924-41f8-8e8c-9f64c1f7a0e7,2.361504332711738,9.483262349909944,10.415651761623902
00bfaf80-a6a4-41e3-9d10-57245422e915,2.959467497710312,12.942480732952026,13.942479813289363
00ca52d0-3b3a-4d1c-8881-91804572e114,2.314449845530225,4.20073017362106,4.55919415007226
00ce1ea2-e686-4c0d-80bb-bbc4143ab52e,4.888464834774143,13.213972248406112,13.895429273629432
00d485ed-e46d-436b-96a3-09de47fd126f,1.963273907484948,3.732213659702445,4.732166042765867
00d691fe-bdf9-44c4-8353-c7294abb663a,4.243583922430206,8.838884878232115,9.470450566933923
00eba31c-b362-4988-b1c7-fcbc7b848513,3.0223655172151287,4.899173985857165,5.50315280963032
00f223dd-5087-45e9-bd48-a365f3a489bd,1.9045388916309507,6.416085532985176,7.23177660163761
010088f2-e5e1-445f-a802-ac6385c1a438,2.557318472984075,4.055127552781997,4.913215191718654
01037dbe-3b2b-4226-93f1-8a960cf5d65d,8.605031368283539,20.524995436822483,21.076258924144263
01126055-5bd5-4812-bd1b-4ccea2ec9c5b,2.4853549936307338,6.527647166273816,7.381587871236839
012cab93-cd09-4492-8b44-2f87af922cbe,1.7797987020887294,5.226026733308257,6.098571344812942
013d44ca-0858-4af6-8806-19c6e953c2d5,2.5240993515114427,6.649135892182279,7.470192667361746
014de049-1584-4beb-85e3-5cbc1924dac4,3.974170649726133,3.839008421384999,4.6728854516871925
014e38cf-46db-4351-81fe-ea7e8bcf431a,2.2115657386806395,4.580189509665855,4.966099464573364
0153e617-b911-4cf2-a5a1-5691854632ce,3.32997596646012,9.327316599712498,10.26475752864705
015a0652-bdb4-469b-8023-3a322e2f2dd7,2.9858305236936813,6.536999667396883,7.180806771158493
01632969-4590-4e93-8a2f-0af2744b2e3a,1.97354387894865,5.538303325597092,6.515426988671543
01674ea8-41c7-42ce-be4d-52f5d2a7f514,3.01817863639256,8.657276778046889,9.25631370680806
016fdffa-7cfa-4fa2-9d1c-845cb3d83dea,1.9315221931814197,3.798802542294483,4.798790205015706
01844147-17ff-4335-8186-c10c2b989260,3.0024626865429265,6.115471026357732,6.613586320812682
01923d56-b497-4e8c-8cbf-5e7015e32f45,2.372812196705851,5.192632411974754,6.109878465477459
01c9075c-654b-48e2-8c3f-e9d0cddf29b7,3.114440196712268,4.669086740157301,5.669086479473518
01dbea5b-473f-4fe6-9db9-614da1178a85,1.8259344427492985,4.522100669249581,5.363053474786263
01e2ad13-f04b-45a6-b23e-c9f2f56a00bb,4.176939321856251,9.383725843625664,10.291613825925284
02029ddf-71b0-4f2c-acb2-798d1b8016f9,2.0398513751470904,3.904969499351726,4.515515030106378
020a881c-1681-45e2-a30d-0621d041fe87,2.585291335977204,8.080033394084614,9.08003007648971
021e448f-715b-4152-9dc8-7d21ce063381,2.071270845099824,5.809846828849537,6.256234144037092
02237c5b-d744-4dc4-a04d-3eb0e0b33881,2.5228648070214863,9.194937605777747,9.881802025705973
0229b9d4-5fae-4934-ba9d-1b920ef0f207,3.580597491929683,9.857082513695888,10.820019572307556
02377c92-3f4d-474e-9d0e-73779ba25891,13.290664911173645,35.254068511574935,36.252861463914925
024025b7-6ec4-4eef-84b3-e243f1957c50,2.0881201908031364,4.537084124458786,5.461531839203926
0245babc-3385-4edf-bee9-872c7a7837d0,1.882462738676832,4.379827854948372,5.360954844282256
024bf290-64f0-433f-988b-886eb308a8a5,2.297645446626968,9.040891120822328,9.669202883772105
02694be8-9aac-4980-8778-ae86a4afbec8,2.061946323689441,4.61095038786815,5.280881348548908
02966d94-9f00-4cd8-a806-d3a476cf3c32,2.703677605399025,6.430430134767144,6.844903903872123
0297f16b-0527-4c50-a87a-6f35117da34b,2.0720554700522915,7.63441084049057,8.168102600699196
02a99087-c25b-425c-926c-007dc78474c9,1.9312197306719747,4.042168463012585,4.9760067827233785
02aa7deb-81d2-4ece-981d-93f0efc4655e,3.13592998834702,5.338104241652935,6.180897840398179
02bcf7cd-0f01-487d-8839-c302f12f3ec0,3.2812828871425865,7.074959826446964,8.051340771994926
02c35b4a-870c-4a6f-9bed-06e60dfa389e,1.903068046963835,4.685283711795508,5.067763981974236
02ca062b-beb7-41fe-9e42-179c3c25dbed,2.2617560194447064,7.537969563652399,8.424933194643557
02cada90-5198-417e-a4c5-da59f0927e2b,3.2049052060099177,13.176885091204564,14.024879052611464
02d727c0-b13d-4158-b8d9-11c6720f6d6c,3.0403542364542,10.683464065045248,11.683454166941996
02e36fdf-3a0a-4cd7-82b5-d70e241821c5,2.544377369065288,4.620733077921164,5.620733077279322
02f020ae-3cee-4b3c-afdd-55afcf090618,3.1847856873454865,6.901839522435513,7.479116451660352
02f30ea8-4972-4b99-8c4c-ffcdea195b58,2.095788844049397,3.983773056654253,4.867615067878517
02fdfa2f-5f1c-42c9-8f59-e1f1cf8f3220,4.909370327103075,13.339351669551474,14.201073623725664
0306aa15-90b5-4f1a-bf11-06cd50ba8ea6,2.337776255952973,6.23881653811316,7.145477464854452
03225938-a3fb-49b3-a1f4-0336552fd40c,2.7840123747849432,5.7727535908007015,6.592931385664392
03353ef9-1ecd-4de7-8ab5-a6262825f9aa,3.5323133525834254,10.166170317972789,10.970030316933244
034346c6-225b-46d3-9f1b-9db792e41554,3.25707288615304,9.407190869460342,9.99929302935686
034b32ab-e395-407b-ac7f-d3527a31ce06,2.3628632534404708,5.842391444656986,6.762563137370337
034e69d5-5818-4e82-92cc-3922b5d57dae,2.900940637475169,8.837833772379788,9.75129375732167
0353078b-564e-4015-84e9-398fa13794ae,2.401969526860176,7.71228042412935,8.48705847307082
035f83eb-63c4-4eed-bc4d-e5b98f7d2191,2.878612829273384,8.617377557594168,9.48136440481814
03690c49-1e35-4fbe-bc05-b7b17532c330,1.9853398612517248,5.260966816088614,6.175288426186682
0370ca36-32bb-48e6-af2a-d9e6c6d722eb,2.013071253525656,4.2900466947176445,4.814151857578578
03729675-9096-49ac-95ce-2b9d4a4aede6,3.0259203855755885,7.7674856578540945,8.76730915395602
037ad150-2c75-4733-9a36-7eabb8602c66,2.4042938791213597,4.109876542256861,5.107896010016416
037f0095-a7ae-42b1-9dd2-c295f869c14e,3.2730314878108038,6.640896384283352,7.013245839588018
037f1893-0271-4eb6-b619-e68bce86cee8,1.890980980256157,4.376796675900264,5.117890467763453
03840385-d189-4468-ada4-04ce8b990b81,2.205212110325308,5.503825455272429,6.375038964846779
0399a31f-22cb-4f9b-8caa-bfe33ea19732,2.748243707677663,4.7674442093005,5.602109686583126
03aedf22-baf5-4733-9ceb-a50d22f7efd0,3.6712563944184096,10.15401928130957,11.086707483122684
03b73451-3884-4bab-a622-e36cb4c140df,2.281386740333587,3.833708683043342,4.578677514571156
03c6db66-ec57-4225-ad6d-038f68d8cb41,5.566101487865499,15.844893009714127,16.841848911967215
03d2be79-c3e2-4cda-aa32-3828ff9a2ad0,10.154417345980097,32.24847580288399,33.22218504223761
03de0a1a-381c-4298-860f-af7cbc974628,1.7998715818972846,6.627022944137782,7.297682164436299
03fb04b5-3cfa-4bce-8c1e-34fa501931ed,2.4240182190498176,7.354686222406333,8.256552955974115
04052779-634f-42ad-b172-51f874ba4a92,2.094610197845593,3.977287384758928,4.792308622082583
040e9950-478a-460e-a489-6f4352d554a0,2.618167935018211,4.607538623204876,5.590261526983855
041d4c59-5ab2-4913-b5bc-2810482bce65,3.833352783664646,6.937974744459106,7.570969020251189
042c5cd1-b923-43db-94c1-c3673ba3ec01,2.7380792910934724,6.625714776971385,7.099391833977238
042de819-adbe-4d52-a144-a053e1349131,2.216029770396999,4.250007251997262,5.250007250966456
0434e867-4b20-4cab-9ede-1c0fb164d535,2.193302993384768,6.57090896609528,7.502144437113421
044a6161-3e06-4fc2-bba7-f8cd2194f293,2.065471533152964,4.651048126835798,5.36745768009447
045212c2-41ca-4047-adea-5b7d8cfd24e1,1.785299153515472,5.029838152496512,5.487874443441658
0465a312-82bc-4700-8220-51420199451e,3.0927110935729467,11.96236339905145,12.70014147280142
04684ece-0d86-497c-add8-94efe3d0fed6,2.690067563441031,8.992208742293247,9.582723984392777
048cdfcb-6653-43f2-b19e-afaf1d81a8bf,2.449431923829219,5.4220556176223225,5.8329021561035175
049bb32d-1137-4443-b343-e9a46a4a65b8,3.172987036634728,6.420394029922065,7.418390783499668
04a18a58-3b7d-4449-af89-5a25376f7894,3.671074722973636,14.473933743134936,15.39711195758454
04a23b69-2c1e-4fea-be04-9f5a2d4ce3b3,1.9261340823349555,5.208488105056168,6.095841615856836
04ad79ec-a8c5-4512-8899-8babca0869f3,1.77103156515145,4.875625733263233,5.693859752037058
04b17398-2413-438f-95b6-f3eaa18b8f71,2.459895568260748,5.224445943644263,5.698685646566415
04b3b41a-ace8-47aa-9501-7e6169f142fe,3.160269483044007,4.294727380180428,4.982544003499792
04b7630b-107c-4a3d-9768-f7135f7db3f4,4.514168105968385,14.193504728206369,14.576354104047354
04b889f2-5cd5-4f4e-853a-ec6281ce232c,2.1302644804589472,5.974779560242913,6.850431792373675
04bd1754-a903-44dd-8c98-d59eb9a976af,2.2398365700283605,6.387761601907222,6.938590615170107
04d7259c-574c-4d7e-af29-8b5a34d4c31c,4.1767027007334825,9.235586193592711,10.17595414104433
04fc2dd7-ff62-4ebe-b2f5-9a9c68a70045,2.4510113768573047,4.023918332744848,4.947744620278476
050ae68d-52b9-4818-b489-6aee3795b964,2.768703579618939,11.985256246976766,12.28394225988538
05242916-21e6-44fc-9a00-e59d912d94f3,2.71311209420251,8.140121613201133,9.018713404807125
05243074-f057-425d-b31d-8fa9c828b286,2.747917925201313,7.97069009919395,8.572514526918381
05258ee2-c36e-46ea-8d27-c3377a403195,2.5629587823513487,6.145367125289241,6.728357685139728
053e1102-ecb7-4ad4-a043-581d29a0177a,2.1786880154156125,4.160905066795685,5.04127196815331
0540df58-3539-40a5-83b0-20bd003c46b9,1.7371190698939258,4.506589318324623,5.160102166532954
055b074e-f0f1-4bff-8c8b-a00a6be2583e,2.681633274805534,9.69655153277264,10.691406663166587
055efe45-2d4f-4e73-90a9-268feda3e44f,1.745133236192139,3.70283016078175,4.688418109389197
056cbd09-0cf7-4a0b-bad3-0ad0156fc6f5,2.1141394385184027,5.047924111956062,6.047924089597603
056f2b09-ee12-4ee0-a23c-2ba8ecad5a21,1.827614165044944,4.224107003267923,4.732568578366433
05807f8e-3fe8-4f6f-b2f9-81ab0b4786db,3.0118841199268847,5.087277131267106,5.655000594256418
059636a1-e197-4178-8d1d-4cf10b8f91b3,3.015821631206528,7.74506346926877,8.625774617807298
0599c69a-f389-4c86-bc05-85cf99e03275,3.937050625356632,14.63026562426184,15.54005862679163
05a22986-8ec0-42bd-b357-807923e8b572,2.006097074247585,7.604838493360861,8.45638241153379
05b6224f-d3d6-4a7c-ae05-a00a2b01f152,9.969112601678727,22.621812683732674,22.9002099681437
05c56b52-d764-4f37-9146-586f49729aba,2.0692070541207017,5.669137979364171,6.420754850771164
05c9eedd-9ea0-48cf-af87-04f52f4fda46,2.334826724101458,5.023355632077151,6.023270781591635
05cbce9c-e077-48e8-9c78-680082604793,2.6311391199329885,7.907072713114542,8.588955670996343
05d163b9-433b-4453-9c36-562b97297a2c,2.1034839642303305,7.374010277828558,8.373972168368525
05d82f68-dd04-447a-b0cf-58eebd3615ce,3.036782179553836,6.784923420161452,7.670595443446109
05e30929-d2ff-42d6-8fb9-ebb91b4bec18,2.113058098527609,7.674312455357894,8.668213131671514
05fbca5d-276f-4c01-9a34-90a1165d4286,1.803543939091321,6.347531681988866,6.807731352365865
060d8134-4ded-442d-bd26-24094b117dac,2.198883165589152,7.799920885237305,8.799844493937105
060fe11a-1c83-4fe2-871c-de4d9f4d4910,2.1526993152317173,4.086623597872402,4.705989474504395
063ea5bc-3e6a-4d00-9678-f82609ba27cc,2.348216452719221,4.407355750033971,4.953291115463337
065c43e3-63f0-4462-a86f-f31d51c9a4c6,2.391159728505593,4.132136137026108,4.728751192898204
065ca264-7e7b-46e9-a9cc-ac0c47c32240,2.152996263176303,5.23161385760367,5.825894781007215
06696f18-1ef9-4de4-907c-91c4d8634a50,1.7352013331749947,5.469359476210669,6.297364836317471
066a0c6c-38a5-448c-b820-058f7e926cdf,2.37217477785025,8.410852071127023,9.32315912226897
0670efd3-07d2-4b7a-80d1-02bb71e17293,2.331281287037663,4.195739467243165,5.099998201414165
0683553f-f954-44d6-b510-1556a3a7fc61,3.965028347139544,11.181057010245672,12.00853062411847
06869be7-4e93-4092-a1f5-2a6e244562aa,3.984714979047757,11.17281304387492,11.75479292839976
069b1a21-0a25-4859-8d06-d143b37dd674,2.5854073527824992,4.471312484433241,5.450459490830458
06a89fe8-293d-4ab7-9280-2b71e12bbdc3,2.3572635143839435,3.819089710917739,4.745213819888268
06b33ea5-6e3f-44c7-a41f-6f4841d8eda2,1.896702672010697,4.855534202013382,5.700518090403834
06b34486-3461-4de1-bdc0-598075885c8d,2.2367764962037446,6.292236556154828,7.268951294212323
06b72de5-8b77-492f-b3ed-6745d2a6c6c7,1.7876844137265762,4.383577569554829,5.379806228715786
06c848d6-e5af-4570-b5cb-43a516eddeb3,1.7612893336799318,6.540701780504648,7.531473076374896
06ddb95c-4c16-4b88-8e54-9e4939cdd25b,3.155737363802845,10.9643157941302,11.96429277909256
0714e16f-4ebe-4caf-9dfa-58034f9fb0ad,2.468924392956012,4.835775428200438,5.654012419115381
0719d479-296c-4043-8a5a-f683175ba700,2.613425577696111,4.704420684505902,5.704370289375796
071e01ad-8295-4a11-a318-b55a88d1c59d,2.337368927402659,4.421096213284156,4.821078930432134
07275ea4-501d-4c41-a05e-5e41f6d4e536,2.081263039018648,5.094453484907841,6.036986388135007
072907c1-fa75-4451-8fc5-4a12c01df726,2.046541436222581,6.751256140020852,7.74049127346739
073a362f-9426-4ea6-9d03-800256167e6e,1.7481750167748955,5.072038400968655,5.932868218984691
073eac45-3764-48c4-b98f-3b4567e0cd75,3.669899415058498,10.302494887454698,10.693887156047673
0746e7c7-67d9-4bdb-9c48-59513e54e6b0,1.9427491532248269,4.460206586803072,4.827122769050336
0765309d-754c-4586-afe8-68612d22bfba,2.157711035189708,5.582867563745864,6.581619158300175
076e8d13-9721-4451-86a3-bab7a84f6daf,4.937465319420556,14.48661805686688,15.019126419956333
07885736-896b-46e9-a704-c4a1754849e0,2.268436095614188,7.303724317140468,7.9284151796269455
078f1d43-e738-420a-9ade-2b16f1b092f0,2.644469887795367,9.914804246034386,10.779746320576985
07925879-79c1-4cbe-abae-6473f38d886b,1.7796332692676051,5.747657246373971,6.711782880385991
079d2f4e-7283-4255-9ae0-688e1b978d34,3.355607932527917,6.131512429063126,6.451210458904582
07a8e835-7d02-45a3-b0ae-da8fd2c19ca0,2.5054324076005443,5.340254570355519,6.12649907449465
07b43641-3ba3-479b-b549-ee6dc54b23cc,2.0043948084497667,3.9094105684764338,4.720467082781322
07b8cdee-307c-4d3e-9ded-bdad01adcd84,3.632396921758197,5.751055553201286,6.726348589962172
07d1d248-3039-413f-b216-7cab41aa12ba,2.139876061552425,6.529729007486052,7.274614431045645
07e4cb82-5884-4314-9468-0d27c74f3205,2.120225309234393,6.940996757961747,7.716739054318788
07e6fdfa-7afa-47d2-b7a7-fe07ea3bcb3d,1.9763402674368395,4.964554667112707,5.776320227236672
07f399b4-4bd7-487e-b59f-b4dfbec85990,2.3502714806126943,8.694050972720317,9.694031194680305
07fc58fc-13ab-40de-b45c-f8c030e98092,1.977017053890386,4.973779420832055,5.827730775216365
0807de78-2bec-4aa1-8ad5-b909d577f05f,3.1082655802738897,10.537695737839783,11.517415827702086
0808f584-23cb-445b-ad76-7eff26610168,1.8734587181785345,6.503534415232071,7.455803937887524
08175b41-7996-4406-960e-33a8b6991bf2,2.2907227892924573,6.6144221226894695,7.546685951973751
081ba1af-5dff-4a85-9ef3-4e6bf6b6a4f7,3.4881178362051366,10.537067603626534,11.336555836695098
081c38e4-46a2-4bf4-8835-c4052592f6a8,2.0207336750806086,5.593491972741119,6.321083025832116
081c64a8-ae6b-4ebb-8fea-4810c332da8b,1.9684319494500968,7.6782268674602205,8.610082584249025
0821c125-14d7-4f02-8eb2-f265fb005eca,2.6715658724879305,4.236249374544742,4.99257860791341
083cf471-59aa-41bf-9df1-868a53a5c8fc,2.921560102945052,6.313580767290648,6.9676647081193765
0851ccce-c283-48e4-b4e3-e607f2cbb90b,2.625590692655515,7.216852862905695,8.027683348785077
0873dbcf-b26e-4110-a0c9-79c315100d71,2.2143857670425926,3.863369631153184,4.621146269983351
08798929-4512-49d7-8138-15c2d0e6349e,1.8547421760988052,4.564016433427707,5.564015641671037
087d42ef-ba9b-4213-8498-36dca5cceef1,2.235527627872233,5.772776682440734,6.583963369621617
089ad6cb-6529-4c55-ab2c-d2aeaf3bd061,3.4570328222512865,7.690718291157085,8.409120729620073
08a38768-6ec5-42c8-afd3-e90b3492b670,3.79939504574011,9.752491800703282,10.347481900147706
08a67000-b280-46b0-93b1-12eadf1ae668,2.325290601775565,5.1697077599988654,6.027389967688261
08ad7b23-c716-4e15-afec-16b1872c0032,2.227978476852358,4.116103961131142,4.966696323807463
08b8fde5-7028-4e11-9338-897c5ae34253,1.999863846531522,6.04839549688245,6.982413511534368
08c1ec9d-d2f0-4496-a5eb-92aab174cf1c,2.397877384404604,6.687903005158751,7.687902456745892
08c68137-6794-4b6b-b298-da734423ff48,2.286817439972192,6.5986184315527305,7.598546152373613
08d175dc-1f05-4892-963c-7e90bfd218b7,3.412245189351848,9.802049165284949,10.441379404380251
08dbe44f-215b-47a1-a149-b729a2bdbfc8,2.178311884408191,5.543255071872436,6.20503435387646
08df6fdd-a1b0-4f1e-a5a8-ac81768b25bb,1.9207889641753693,5.242455807433322,6.106195862872315
0909057c-75e0-4e54-9f58-742d73efa7ca,2.9796484177743645,9.982930968297165,10.97179765287959
09116882-7122-4084-b033-1cf63e748b9f,1.889275242979857,4.407865165013009,4.851645655484992
09125125-828e-4e88-b50b-e22b57ff94c5,3.589568119937864,7.077356763460018,7.901871362085292
091ee556-2b5d-4bd1-a9ca-7b47c81b43f6,2.101492519072208,6.764769132739392,7.588900117675292
091fb68a-41d8-4177-ae61-266227b442de,2.285870206884526,8.253961645982404,9.197056070983605
0926c2a1-e1d5-4b49-893c-d77c7a258a70,1.8267387648957611,4.800435638072916,5.449245683673625
0937d5b6-0b4e-4da8-ae48-943e04e0fd1e,3.63271026337363,9.506460353721282,10.153502179961972
095f99da-0226-4cc8-a022-8f35c9c4ac44,2.452847430910948,6.250168610073567,7.1804333739305575
0965ece2-bea5-4427-b99d-55b85f7e82d6,2.3886984090505865,4.158791668322847,5.118024715742972
0983910c-155d-4e4b-a50a-c835a3034788,3.3928153592254446,10.066061016260408,10.968410608571933
098fe124-0b2c-476a-a0bc-187fd8cfe980,1.915737821002708,4.38361336770095,4.878624375088435
0990f6cc-1fc8-423d-8cfe-0d6566d05f8d,5.297510095898194,16.09956647363892,16.585759398449234
099800d5-e435-4440-bda9-a55678461dab,2.4778517411841574,5.240331174816639,5.717365465340771
09a2ed55-b7bf-42cb-bc5e-976414321a43,2.164970924539146,6.773915947090883,7.28839611698376
09a51dc1-530e-440a-9df8-142a603aaca8,2.000377672057406,5.591601549819546,6.181656787057784
09b363fb-2eab-4c5c-8981-7603166729d1,2.679689862992966,5.10228627270823,6.08924757684375
09c8c299-e61d-4786-a7d1-d592318ba019,2.349268358611821,5.01374953844649,5.486493565242387
09cd0f08-1463-4a0f-9f72-e17c73c1600f,3.237503204611272,11.565436907948204,12.56543592392388
09d271e9-fe00-42c7-89e0-ab39da2fd331,3.369540880794572,6.112063762890215,6.969682029772001
09f12a96-2ce3-41d2-94a8-5001ed28e12c,2.232784359472177,5.017676747521289,5.562252176524157
09f2564e-5fe5-4447-9703-a26cc4e090b2,8.562155040130003,18.634244912262908,19.34146002479616
09f877d3-ce8f-4c15-9d95-e6343d3a4330,4.950213277418682,11.434946227583447,12.434945913434644
0a07b871-28ab-4ef0-8b4e-6bc1ceae52f6,1.8158263179825944,4.439127050903986,5.439089037261734
0a1991f8-efd2-450a-ba29-1432130f4d9f,1.7917547783944177,5.165751751204784,5.853953961337705
0a1c5e99-7844-4381-9516-ccdbb58ca6e0,4.192943185032164,11.131715788986456,11.966962235771364
0a233fa3-765e-48cb-a265-196290236ee3,3.046798740059607,9.482077084627392,10.358291403921358
0a2d9376-1c13-4144-9599-7022af3b90eb,2.659591640749164,6.084761973170777,6.995883296281079
0a3df56e-4945-409c-bf30-4a1a9494358e,2.009802831882779,5.994652496546366,6.7409212830504135
0a484962-5e9a-4446-bc32-a89a57eefd59,2.6657130295680744,5.680424661325415,6.157605773660906
0a4c2e9d-0508-4aee-92ad-c0aa8ce413fa,3.0325272666435703,11.63604057149941,12.22192776877886
0a52276e-cdd6-4f7f-9670-bac371a0fd31,2.7202866562112478,5.6460202228466425,6.415659120368872
0a621690-3e6c-44d1-83fd-e769df0b8776,4.043827801378344,13.647400801241988,14.2708601352489
0a681e64-9cbe-421e-a0d9-ea85ad60df4a,2.6448916109952334,5.781970995761641,6.602440137591361
0a743e55-f7a7-4678-b739-cee5cf2c8eee,1.9185408503084247,4.755717234742875,5.1629745436458325
0a79cc14-150d-446f-80d9-7d38c95224ba,4.188902799149535,12.23530169012274,13.232347351287803
0a9492ce-5e44-4fc7-851b-9829ae42d218,3.2538564354084887,9.26740246809116,10.028927325450422
0aa3cc7d-a6e4-4214-94f1-548e9ede7e73,3.128709706162849,5.576731529650132,6.069378568206661
0ab671b0-536b-418b-8eb3-5de613bf9bc8,18.878332200706826,33.15946287851407,33.516270716137576
0ad13f95-5511-4a08-af60-61bafd9bca41,2.251694714818949,4.839355535953814,5.755517204774712
0ad57dcb-0453-4da0-809e-aa753f4d4156,2.0262050333043264,4.949349705241475,5.671054293822185
0ad8366e-dadc-40d9-a69d-015771115709,1.9155751878147569,4.251209717022897,4.88407714846679
0adda426-ea99-48ef-9b5f-d4444a7f74ce,2.873316531401157,4.403878871372812,5.334541653637807
0ae7eae9-9285-424a-9df9-4e209822e065,4.081992109862792,6.38329567477693,7.0528391668891
0b0d8438-3a8f-43e0-88ef-67b75f1d2b41,1.761459703996048,3.9828307871695623,4.789084726375138
0b1e3c4c-6dc3-480d-a718-51428bf397cf,1.775153558281194,4.561218412671948,5.251565664641689
0b311c03-e35b-4a35-8021-2b6fef5318d7,3.14676830162435,5.643035983831524,6.035357795822352
0b3790ac-4dd2-4edc-b71e-5d9a7f8a214e,4.189328840939725,9.091460554565064,9.758907890421598
0b3c2758-1d6f-4ade-b6af-b147a43cdca3,3.187251319299984,6.537443457322581,7.423246788284972
0b4104a3-b7f7-4226-b9ff-86f74524398d,1.9008363325777171,4.073282305473022,4.643094464027583
0b444f18-79b5-4914-9804-2ba989bbd1e4,2.042846680858581,6.729683057951205,7.410087417488094
0b513112-d97f-4f42-bf9c-29e234fbd365,1.7551839266988294,4.000623078323867,4.797363157134605
0b52bc2b-acaa-4f53-8ad1-5bcdb1c8b453,1.884466530447632,3.8914350050958473,4.480776807491319
0b5415c7-38e1-4cb7-bda5-68ded3453fa0,10.934651303294032,32.40848227649737,32.959042449294905
0b608683-b5e1-47b0-8ebf-0aa60f64940c,2.3111323413949427,4.687410732201851,5.487224142123047
0b739322-3571-4007-a6a8-5042cf916194,2.964330195682843,12.201431627743949,13.20142940520704
0b7ed6c0-e381-4bd1-bc85-4bf4a5bab17e,4.310272714394805,10.740192237351406,11.740192233573929
0b881f78-fd40-44ed-8ee4-3404aa8705df,1.7648786443856694,4.1441622622344445,4.948042233032457
0b8af799-213b-46b2-8917-aec3d3717576,2.3674966580223726,6.925134580952215,7.409906378283208
0b92c897-9c8c-4832-9a08-939aeaeb7db5,2.4026240043315763,6.889117843100947,7.872374638805412
0b9ec300-b1ab-4c33-8542-75b63fd48cc8,2.6589834487984043,4.190400622361444,5.163718518211612
0ba5ffc9-e0a8-47f8-a2eb-b6bbd63abb2b,1.869585657998457,3.7455867797802127,4.684619591696591
0bac492e-14a5-4f56-8b77-5b5181acce58,5.921350460460736,17.193135933005458,18.16356047241522
0bd13c08-efab-4a8a-a25e-6d18219278e9,2.0877130416850145,4.486224828487648,5.486224295338741
0bdea34d-1557-4f2e-aefc-9e37ac5cea9b,2.4010211676079183,4.737507045466722,5.737507039979097
0bdfe439-fd35-4e6f-b505-66138e2f0390,1.9529008961408825,4.433701071358303,5.324786027424696
0bf50aa1-82a9-4d94-816e-5354f4dc5be0,1.9546616597393012,5.41725878841423,6.105991288282475
0c0617d8-7611-4858-bd46-1358037105ee,2.850527009218065,6.980700059127568,7.76300863856864
0c151c6b-d51c-4100-b6d6-1044da9561ac,2.9494091022820825,7.802250906280373,8.4208485570129
0c216391-f0c7-4b9d-9863-11fb49089f00,3.258630722473628,5.461048716021039,6.461036663165244
0c4372ef-8fbb-4129-b318-143455fdb509,3.063835629408552,6.6519254642256,7.484607902000526
0c4d4aac-fed5-4855-b716-db5e7333df6a,3.1548682332987954,6.104489355814545,6.870237515259565
0c4e2672-6e22-4cd2-b5c9-b896fb77d967,2.97501022693518,7.23868566335518,8.238685618037131
0c5503ac-444f-49be-ab21-9f71f96a1721,1.9469115464756868,8.426160115005104,9.426160080081464
0c600ceb-5304-4cfa-9ce3-646f9acbd720,4.333270199973037,6.87111387571544,7.731763525060007
0c61c1bd-7a8e-4e98-8af5-e1c4b9454b11,2.1312901705057565,5.352359371056749,6.346927925392695
0c766a8c-ef63-40f1-8c7a-988df8653990,2.38992769396565,5.6384506436528135,6.571416128293556
0c7b5066-20c8-4397-babd-c49c54ea5217,3.157370290258957,3.861065966973647,4.859788771934116
0c7deb12-40cc-4820-8736-88d3fe2acbff,1.7712438836804347,4.948996256445449,5.450039688101244
0c83f4bb-a669-46c6-afda-720b99c34fb5,4.019758762550183,7.406037907856798,8.406037897132062
0c84f3ba-2f13-44f7-84db-628479dcd432,1.8431948182824207,8.043050240170428,8.955408818114496
0ca1297c-3f72-4d37-a193-4d0c52fe5f29,2.986424643556208,7.74790627921688,8.146538260498751
0cb97f25-1f83-4933-ab6d-787c63b4cfcf,2.367869716160298,4.677334870966086,5.670606613541365
0cbfcccb-514b-4119-bfff-647d11a9dbf0,1.8039474491737388,4.190005797446214,4.840882582785279
0cbffe4d-dab5-4d80-a31a-65320bf1fc3a,2.395706088593197,6.950458053425135,7.401676097388293
0cc26ffd-dda5-4a45-adb1-143ea4960cad,2.2090790606759465,7.159363917613617,8.157130256490486
0ccdfcd9-0363-4f32-89cf-85aa709a65eb,2.6673110667752797,6.553721021227758,7.52319627464729
0d079864-69b9-4d7e-9c4d-cb0a22602920,2.7068946752083183,8.99061669611387,9.930039500292065
0d0a5b88-1c93-434f-ad53-0af572f879e9,1.936304323261213,5.17125021915653,5.774111780100197
0d150ad5-0565-4817-8d53-49032043a86d,2.3680493402767167,3.923498718630532,4.910710984505136
0d1d0e18-94a0-485f-bf68-c9e7680b57bd,2.157766414313151,5.60744908761691,6.414087572391469
0d255ce4-d698-43e9-bc55-34752444896d,4.210578793828155,10.120174149741455,10.654281407267778
0d54bdd4-9b49-448c-abe5-b24a80e407ea,1.8058860981628175,4.332238639753427,4.878368820994863
0d5afbea-3289-4f74-ab67-b0fa09cab152,2.384139805739887,6.310359672235647,7.2804564778738365
0d5d3529-e0fe-43d1-830f-76a022c5b108,1.7467953162217331,5.888934930032652,6.888798404025138
0d60ac30-7a70-4dff-ad96-6e3d48173feb,1.8093294512907627,4.074812242910686,4.521668552843256
0d6f8e41-d316-49f6-8319-66820fa3dd42,2.080412383632825,5.706769679219005,6.591991830862374
0d74b65d-6c5c-41cc-9702-c159f31ae06b,2.034542554380997,3.7215766699365984,4.719094105022078
0d816d20-3342-4f35-ab33-245803202251,1.850691369323714,3.710302863216673,4.666873370157641
0d97548f-5923-484b-8690-d48851a1564e,2.3554404937152458,3.697232987672388,4.495433037364983
0db4ab0a-d5be-4451-a2ed-c48c4dc791d0,1.746284573394724,4.363668175720037,5.013953719896883
0dc6c66a-4742-44ad-b123-a9b869448170,2.1589746446423828,5.752354387102089,6.594919810603807
0dcd61fc-2c83-42d1-8334-4b45ae7c883b,1.970559303349304,4.403685393192081,5.036432392425349
0dcda1a1-23d8-48c1-b997-f1c7f2ae326d,2.0948342996855844,6.408068861385574,7.050676953826157
0dd56bb4-b2e0-4468-8a17-39fe10603582,1.9430429606884856,5.472099758739371,6.463301742197617
0dd95ed6-84f8-4ccb-9853-8228ae62b5b8,3.6443819632835943,14.42155913669938,15.233520931854702
0de08c4a-ec08-4d7f-a7b1-32674d1b1c9d,2.9124293596590505,9.489706197593732,10.126590371800091
0ded2af7-a675-4ced-a7f3-fd2ecacdf68a,2.0204375768084257,6.404013359923762,7.3194986910895
0e01021b-7fcb-40cc-8653-86e1c7d8dea3,1.9916418308500152,5.627123933563896,6.210605300197786
0e0d4a60-4da6-4359-85a9-e1d6a2cab64b,4.169677658199048,7.801327346823102,8.743014187856836
0e0dfb09-dfc4-4dfa-8a95-71e1e7ecafa7,1.946795816027644,5.648268906207263,6.622119891846283
0e13e900-c696-4710-a6b3-5d2ebed9c274,1.926675899761517,4.178421452238295,5.113039417451212
0e1625ba-d751-4d24-9e6b-49a09f4d7719,1.7361996695684565,4.063599981610231,4.969767944147136
0e2d6539-9f83-4512-9986-6bd04a0112cc,2.3493825871906773,5.374688825974716,6.2361712714547854
0e2d774e-415d-45f9-828a-ecaabe13b98b,2.768770440643832,9.598746736221676,10.034646410307564
0e4ecdc3-ffb0-4f2e-8ca0-e177e6e4a8ba,3.044132294446742,5.027652174762429,5.638049523257021
0e6d6e35-e724-4e54-815b-5e96df74b3c7,3.0560504796711685,5.46582954240003,6.408349756774828
0e7c84fb-46b7-44a7-beb5-7da1e219a7b1,1.9073167612381172,5.437104197902894,5.714585484345074
0e8152f7-58a5-45f2-8491-c92958256005,3.016263309333425,7.683608486944759,8.683439225013089
0e8cf48c-cc94-4b94-82fb-1128dfeb408c,1.7484635559890365,4.091555488815159,4.580021453493035
0e970522-9a88-44b4-ab55-931fe1bd167b,3.232370883117805,8.602476173691294,9.207366514595948
0eb7485d-0aae-47f1-86eb-b118229f48f6,2.405759398756605,7.638995793130669,8.30394167575417
0eb8e54d-ac2e-4517-910a-fd73e60aa8e2,2.0639909724408554,5.544296860778187,6.359936517669327
0ebe7d11-ffcb-4e3e-946c-d5d3229aea91,1.999828777778231,5.723937803512632,6.456573504545572
0ec4c875-5717-4b5f-9821-e8a234d711a9,2.362999619910583,7.259284927870929,7.930881880690254
0edf7970-9de0-432a-a69f-2ff17cb77ecf,2.995771242843716,6.818586961416535,7.545430718824302
0ef48c03-d208-410d-9e02-a23adf172b40,3.0702576249125717,3.861401512853946,4.682579061009717
0f09b0d6-e276-4f11-bdc3-35883f157cda,1.7947841862718878,3.946974416354006,4.894969070854188
0f0d8e9f-42bd-4d83-8e0a-31bc27611ca1,1.7528789024381843,3.712498544493567,4.6323893447158895
0f0fd5a1-d193-4a59-a665-b73c990834ba,4.539733560187663,12.242674402770456,13.154788222811243
0f22dabe-29e7-41bf-8954-66055f36efc9,2.582613630495048,4.200510730239299,4.777638330597465
0f31c635-a92e-4911-b92b-bba89dcb6b84,1.7909090499916789,4.641490429452143,5.554896191282783
0f37c113-7ca4-4eb6-af3e-8a646162c136,1.8895680162485984,4.882137867719314,5.776161828264472
0f473580-4141-499a-aa4b-0b7b79fa70e2,2.1169418679545178,6.6239019543787965,7.246794748571236
0f4f57c9-c54f-49c3-b2f8-f53cbf3e7b13,1.836590723008553,5.703342634574788,6.667916120707269
0f527076-ed00-4545-953e-fe2842e683a1,2.134072069177323,6.2913389719743416,7.291145854285453
0f5b1893-a68a-4bdd-ad5a-7255f9749376,2.3330300156812087,3.747036489689337,4.746950304652852
0f5d4d86-276e-43aa-b988-621d7e80b489,2.563157034814478,6.871263632813707,7.416080535203025
0f85958b-d730-46ec-997d-cf901a3f64bd,2.879255658121367,9.500257963512482,9.92886324645544
0f8b5653-45d4-4a65-a2ba-61117e8dcc2c,3.8892279002880783,11.416533019444833,12.30684116543396
0fa7ad39-f425-410f-a01b-2a9d068b7621,1.914040166905439,4.166716513174962,4.903517207768675
0fc16f7a-3a5b-44de-a4dc-6e04cef18fd4,2.5104925853048154,5.373482786894557,5.943202543608471
0fc722a5-ceed-42d7-953e-f6cad1c1c527,2.388641008394724,4.839933712279093,5.59509717059183
0fd45249-9090-4c6a-8952-d10df716e1d7,2.2382474452536463,7.766078058205241,8.740704381775556
0fd79149-604d-43e8-9837-7e15bd8b6dd4,2.370005642053987,4.874673222424016,5.711521831112067
0fe44f85-fcde-4c7f-a0f1-1a4b9e80aec6,2.3182419234282685,4.663505524170189,5.663463122086069
0fea8d52-3c95-4a31-8619-074d3d11cfe8,1.7475705216276214,4.020668521252763,4.989939366806385
0ffa5612-2af9-4d9f-89c4-1a8960d4e880,2.233599061921712,4.213599188437097,4.686000954618422
10145c17-09a7-4668-9be5-f498eb8fd283,3.464231757758061,9.95259064437544,10.716758175277672
101f42f6-f0df-45ca-87e3-416137855ff4,2.629445823050999,7.026632623701081,7.636487665197363
1028e79b-5483-470e-bade-be9f7660220e,3.289430934503808,7.8349852284106865,8.834984054320874
102ca100-2157-4414-b6ab-f0f0cdee174d,3.757680286878344,8.538029619744245,9.15189546362584
103a9e2f-8a74-4d6e-8f2b-43d091378185,2.204502294481949,4.375351944519115,5.247024674675302
104fd597-6552-4616-a613-1af0e973ee10,1.857060118145804,6.743104272399592,7.033343237515137
1066e689-b0c8-4399-8b9c-0801faad24be,1.8117143388733947,6.396821482453049,7.295819190983944
106ed365-3eff-4934-b69b-34ac5f04b508,3.835626386414552,10.301885051576296,11.30152015446652
10730ca9-49b5-4e6c-bd40-33b1de545096,3.403000412264438,9.751625708085474,10.356689512194103
10799bea-b1d3-4232-85c8-f2e7f220cc0d,2.056308623183434,4.88094262515506,5.403110519265029
107a69c7-dde5-45d6-9608-d462d9724317,3.681734401635512,4.789659243251208,5.541656253561947
107e989d-ef3c-48ba-a20f-5ff7979c69b2,2.156673769682587,5.466323080281502,6.461129105334013
107ffb90-d2f9-474f-94bd-2a66ad2e07a1,2.1703291320388307,4.78257850933549,5.474084637148205
10853a66-f341-4b89-9320-867320f7eae7,1.740771648330979,3.755507613693012,4.617626344966329
109e3db2-fcde-45a4-a14b-f27dacda3d82,1.8749017315989709,4.8126107497863,5.284877304525283
10a511ce-6e03-48d4-8c5c-7b280577abd8,1.7437533556301097,6.959856702095678,7.68167751934365
10a732c8-b99d-43a2-af93-1852594605b4,13.83044715987566,42.04704441334763,42.81198379950398
10b2ee15-2644-4a5e-99a3-72f09583a4ea,4.027940432502852,8.044608622662034,8.82731259044915
10b7597e-2b0a-4b6b-9ea5-1c2f07d5766a,2.4481210000136766,7.707503146433819,8.298172731446565
10bca144-0efb-43a0-8aa4-a37b3535d333,1.8613620406931253,5.146393136380197,6.083322166961431
10c0abb3-dfac-4238-8d34-e81774cf99d5,1.9761018254459528,5.064707589460967,5.993388794456441
10dc8d17-221f-407d-9b35-5507ef2b8b67,1.8640363984011528,5.801877219395803,6.587629520373351
10deb50c-8579-4779-ab91-2824ecf2c705,2.753830807282257,3.913345911801948,4.651363701686242
10feb33d-6525-4d0d-a5ab-b7256829ed4a,7.379929715697137,24.73550804600425,25.63220368246558
1106aecf-c37e-4f0c-a440-cc8aa5536009,3.405436961602235,10.48147532201484,11.47302169348344
11120625-ce09-4f33-9b21-f6b4a3047c15,1.7497500637491714,4.386105698626277,5.331265711559711
11264401-27ea-4381-9912-42d8eadd724d,5.65417845745738,15.661054420578958,16.44304738156905
112a90f6-77c9-44d5-9adc-d594bc7acbda,1.7876136063805668,5.149417114204911,5.833090854597846
112c7542-4f61-426b-9172-c0364ac7270c,2.664402239997254,4.663502061058979,5.573661865158185
112d153b-9e9b-4d1a-8998-9049efbbd01e,4.19985642775862,12.21097542782672,12.784796730603624
112d68ee-a27a-418f-8c84-2c7eb0d9dd98,2.020036042302064,4.327851249633596,5.30870059273358
1140758d-7a7c-45ff-aa3e-39deecc12059,1.731997003288811,4.247242169789833,5.246883079225017
1142f328-59e3-454c-9a10-52feb2158d93,2.750189687610693,5.47097635032055,6.470973481383569
1144e7ef-331c-41d4-82c8-be24770f7d7f,1.9510379825014448,3.759281279923981,4.437810398330057
114575b3-6a78-4556-9506-f8b04278d49b,2.202774648838441,6.311646664676241,7.003845365936813
1157a732-b61b-4a85-9457-3b75f084058c,2.176246640001818,6.103863574059287,6.668159517555601
115c17f7-2d3a-40c5-bb0c-5d9533306c51,3.1088592216873487,4.40708897716365,4.870307992314824
115ca319-36a1-4934-b162-64d7d63be712,3.6640735275808822,9.045224719876485,9.938333132407609
11610821-9e33-4b27-91d2-82a2d86134b2,2.7189222446750905,4.054367399009934,4.55323426625846
1165129b-1354-4a9c-b1da-1f18bf71f09d,2.7137617881292693,5.244881322987999,5.701033543368943
11687ba6-7830-45ad-9899-a2c596a1c45b,2.505443172146475,8.452850387936722,9.444734929477988
116e56d9-4321-46f1-a109-0f454f843ecb,10.502054594186042,23.07897635894012,23.84617730557925
1174dfac-2c68-4347-a955-d8ba1ef76911,2.785295537582939,5.90683484187113,6.576037996657711
118a4d79-c380-493d-a66b-3fe17890be77,2.615633186762904,10.098514763548932,10.996629699229493
118d51d2-a385-4efd-9354-141a3c4a8890,3.0662334162745872,8.952314893739738,9.952143555516964
119eca9e-3b65-43a2-b7a7-c68e0c04b903,2.692898334327927,4.316896939993646,4.921280275287079
11b67fcf-4034-49f8-9b5b-87d3f17a1931,3.4924660841204225,8.222763000288072,9.17447469382168
11ba3529-a98d-4902-8dab-c43a5255e615,2.1104031970935235,6.003572607524224,6.980874254646286
11d4c586-e374-4708-a042-fcfef717ac7b,3.8040244646545913,9.681642354720267,10.658468714971823
11d5e059-ae51-4a39-866e-406c76607de5,2.459462000155754,3.76737956545724,4.623602418659052
11e5440f-6cd2-4a80-8f73-5eb8528cab96,3.2497525413249773,5.3385697104377305,5.871147418588746
11e8a3f8-fe93-4f39-ac3f-062d3afe427b,3.198378322718197,8.424287854112835,9.39063051801407
11ee3bc6-1c4b-4862-be8d-fbc8a0bf32d1,2.045285964688028,5.16747236823454,6.001201126371132
11ee8667-08f6-4a88-a2ea-263d6180d586,2.56744567176628,6.109805734099536,6.70706516396329
11f4b0b6-eb89-4ef7-9c7a-37588f429b72,2.58838468111865,6.252429992859612,7.190843214576228
1200a6e5-467d-4959-84b2-e098db4d2a03,1.884177677523704,3.957431631511954,4.427072171490115
1206134e-27df-4972-b411-b6d3ff9165df,1.7328714088162809,5.139967812786634,6.054779383604856
1209e19d-512d-4235-b837-05918358c1a6,5.244636804313634,11.664744076572031,11.997232225775948
120ab068-ed65-4d01-b47f-f2f4b044e01d,1.8542231755729568,5.248832559102997,6.2473260201836185
1218ae6a-a505-40d7-8ed2-8c39cabf434d,2.2382026594453666,5.677229028315597,6.108627883330824
121cc7b9-cf9e-4f76-a97a-33e4eb08587c,2.993182922653068,7.9075155025221315,8.754216601265387
121d3076-7700-4764-a5b6-a384d3d220b3,4.182098983342073,13.499867056175598,14.399269053848055
1228c458-dd3e-4b7b-81b9-78347cdc1670,2.387262070310709,7.402641106849612,8.31139009606646
123ada24-b873-4b45-9bc6-b3d60764a8a1,4.739618446480352,9.7694594136689,10.131001295410751
125a8ecd-f839-49f8-8ded-a5bbadf166e2,1.9391603421975725,6.407990569873018,7.251758602329159
1264f1fd-e654-4f8c-8c83-32c2c6384410,3.1888946405970744,7.355420938901513,8.35542093875207
1270f6e9-2220-47f1-98d0-127d38b7e5a4,2.402721410598177,4.958183861767259,5.680486272554812
12760622-cae5-4272-a44a-82d08e213bc6,1.9252834537947965,4.948761613909761,5.752724179066183
127e647d-5e02-490a-a675-d07aadb3c0d1,2.7971824717007507,5.138024166024112,5.583557085698007
1295f96c-1030-48b5-b0e6-989bfa988cb7,3.058268290462594,5.677431373319888,6.621384099479625
12b54ecc-9192-4e89-b149-5f0448dfdbde,2.154336832795244,4.496509308430533,5.474974604289339
12ba526b-da24-420b-9145-1f8355ee949f,2.78830467681946,6.5543322174299545,7.5543319838781695
12beeb68-dc88-465b-ad4e-b59178f82ed9,3.173007899415636,7.977528634975833,8.779780629888064
12c0b2e5-6a95-4fa8-b223-429754cf728d,4.634589134371596,13.424926017374489,14.414409360182688
12ef00aa-efd9-4cfa-aac8-7f4a3a7a692c,2.710865559509452,9.40446012879607,10.098742039029592
12f090da-9143-44d1-85a8-b5f8af765671,1.986860416178701,5.173946095027174,5.944783870298235
12f25308-0c0a-438c-8b49-1d6d2f5bde6f,4.768596872724816,15.43634420781756,16.349842657531813
12f7b825-da9a-4ca6-a1cf-5f0095907613,2.1899918819032487,3.941774403069497,4.941766846135773
12fc759d-7a66-405f-9132-92ca72b9ed98,3.159241072628946,5.5206797356052135,6.429749011777334
12fe51db-fe14-4157-b2d7-cdfafd304c5a,1.863189985936808,3.917510985711998,4.746165888720913
1305f53e-5f0b-4834-b302-f8d991a9f5dc,1.909971046794392,8.178136356902849,9.050918256487469
13096345-0a5d-4589-b192-0d8eaf11935a,3.9667510233653216,11.03403703981688,12.034036922826544
1309b18c-6c32-44bc-af40-a2b13381c809,2.527337198461488,6.823460861879319,7.714102714524564
130e6085-4ef1-4c0c-9ec5-9d068edd6c3a,2.0810166936834475,4.131320270615543,4.632963966714083
131ffb04-805e-4c1a-ae76-10b53a149021,2.015834334605158,5.348095338450944,6.040739411411803
1325bbe5-36b2-464f-9016-7dcda3104df8,2.577873812973261,10.04107734751847,10.874841472481874
1328cb29-d0ca-4a16-8dd6-5fd344b2461b,3.917391950686929,15.220118493847677,15.77552518640526
13442ad9-127d-4318-8bb3-c0cef416c699,3.1669204579587804,8.61137465857026,9.611374570086452
13446a06-cdf3-4acf-8e55-c7505c2e59bf,1.7367048272056802,5.017443785204199,5.750080294140419
13449b64-2266-4fe9-91fb-724c7aaf3bda,4.3172050111649325,15.579232962124768,16.46469369896076
1344b651-1b88-4c7d-97ea-29b3ce9fa517,1.85279916871762,4.169810340046423,5.035490506408733
134e3436-fddb-4077-ad44-970a542b0b30,2.3622383027806544,4.172719271269962,4.751480221558792
1355a02a-d801-4723-9cc3-7a9d389e0d8f,3.3746634804173485,10.888351173864718,11.412328729587465
13569962-2ba6-4de1-b1a4-4297989d6326,2.1679812850965443,7.886119979566951,8.413357761101677
13600821-376b-43cd-836c-5b45a0ea5c8a,1.910579099367449,5.922760244855188,6.489738800395133
1379d656-d58e-4065-aa75-0445677fa901,1.7530027944925928,4.050240928782812,4.932090280221402
1379f69a-d86e-43fe-8393-2d96a4cc384f,1.928935646474588,6.4830795098410645,7.483074902276515
13829206-de99-49b3-91e7-d4beef6b6e44,1.9357913138692664,4.68074193624067,5.680741801124247
13878712-9aed-4015-8fb1-5481204148e7,2.0735631319274743,4.786464421576877,5.3492839103466165
13a73471-66f9-4f5b-8993-5042b0b700c9,2.2322355797804665,4.921503327147256,5.640627835620734
13b6a57d-7125-4bbd-9dfe-299d5ab52242,2.207902032479473,8.060817924291966,8.91923371549683
13b9c9ee-5a7e-44fe-8c52-6a06abb8887d,1.9766966331244096,7.8402315772411555,8.833437048572058
13de74db-d2be-40b7-840c-b0de04310d27,3.753291000958438,11.2946330423645,11.793421845887863
13f3427e-3915-4c7e-b7f8-7f93143b47a9,4.171348712239274,13.506799912018288,14.05939813841853
13f666c6-b4da-4442-a6a7-3a5af76224f4,7.583996356311165,19.27823218198448,19.69857295854185
140099be-06ad-4787-a308-12595e1bc05e,2.710865559509452,9.40446012879607,10.098742039029592
1400b6b9-f8e2-4e97-846e-688257bd0d63,2.1443398036954964,5.191430125982427,6.139338598031182
140c87fb-a5a2-4a1f-8741-55b06fcf33f5,2.169640315516097,4.717339580965972,5.248489816290342
140d2ac1-8c84-4973-aba3-e4f4b7af774b,2.646886347694397,3.9841869444127047,4.724817889503941
14190644-5d5c-48df-9d25-c7c63db05e5f,2.590906139688052,4.824975883349634,5.820235465699542
142184c5-2dc1-4243-b161-100a7a933bfe,2.0118328287013822,3.885268284153271,4.777656303856846
142acbb0-6479-41fd-9961-dd10fa06fbd1,2.281351494780865,4.955121411154511,5.954137680148161
142d724d-4598-4b30-9325-c48eeb9b4ddb,6.497123159101302,17.027822272502352,17.303335392083852
1433a18e-6b6c-48a2-82a5-6b62ee44324d,2.7318207308500826,6.828285881590661,7.332571885782505
143465d5-ade2-4260-970a-c48192f8ec7c,2.603949362139335,4.817125791274426,5.539989685938962
1434e69f-9078-47cc-b7d1-15a9eadc580b,2.6557746070650485,4.838220719670994,5.303182274249558
1437680f-77db-463e-87dc-7bdf26b39243,2.0876010521101054,6.004592049985444,6.9789100955503045
143b0daa-75a8-4853-9519-958ac0ae7906,2.3463237780715405,6.014250193681988,7.014137695938949
143cca1e-3a95-401a-9784-ecfb9dce38c8,3.369603507897064,8.040974745074752,8.940929335832951
143da02e-3aed-4607-ae50-bec824420463,2.9121278046021724,5.768620778645082,6.21520059926187
1460785b-4fa3-4acb-92a0-3c12b72375c4,2.125721518838392,5.463888199028309,6.1078073297804645
146e6416-b550-459e-be22-077fd335cb20,1.974619078405204,3.9281733693759984,4.862943732483915
14710c35-2306-4df8-93ad-d40aea06540b,2.2813344328483085,8.005252061305248,8.639316495086979
1475cf8c-19bb-46a7-bffb-c672bbb8e653,2.4820807283495574,7.456501743443213,8.25234071249594
148a63bd-72b0-4d34-b38f-997d1c86da7e,1.8746995501098784,3.923381439440447,4.840993880431674
14a3d4b8-81f3-48f3-be9b-d90a35eac372,1.8413098516968869,6.695794912308064,7.5823215858739825
14b59176-d249-41a9-b8c7-845a2dfbafb6,2.323692419010912,6.6568528046251805,7.656851911657621
14b6ee52-9c12-4ebe-8e0f-5659b307b300,2.6235114639645696,6.5878837337191305,7.496961415545152
14b7a59b-a4a7-45eb-9288-15c47d160336,3.532162543119877,7.992554010243447,8.85579941746711
14e83d98-d2cf-4a01-b5aa-abcde86a5637,2.7594940338744296,6.859781410086459,7.534144800019351
14e9712f-9ec1-470f-a2c3-4964b0898909,2.617164097835832,5.632598101218351,6.615416432172525
14f58d37-c09a-43eb-9f7c-1c3a0f66b3fc,2.109688030180432,6.269222173634966,6.815752191477617
152ee0c6-0ca7-426e-8efa-89a1dddf6a94,2.211983942540271,7.900787176965126,8.861628619683733
1541b69a-e658-42fb-a3b4-67df07f9bb5a,2.2690232854778585,4.258001111249371,4.882505097342385
154bd066-5fc4-4032-81d9-089fae749499,2.8240350611679097,5.53812743108995,6.538127426147133
155359c8-be51-4e64-a2bc-0181e717830c,2.258525294507827,3.790964644162276,4.742892024827328
15580498-36c3-4861-a74a-5bb07deeff38,1.81727539210983,5.827510156415349,6.239337521333125
155f255a-cb50-43cd-a258-dc2503b4605e,2.20402652536113,4.615955633445413,5.392538026997715
1577392e-ace3-4939-84e3-4e42dfdf5728,1.7561302643173822,4.51825460748971,4.94410718764724
158532ff-8253-40c7-95bf-e3dddd25c16f,3.780448089339101,6.407422893421967,7.04704541431044
15955436-0263-4acd-b522-9e22996bdcce,1.9349674185560417,5.678913177734262,6.651495521806017
159ee174-d9da-4fdb-bd8e-6fbee6f8045e,1.97466860633492,6.31379160568839,7.184726025652786
15a60ed7-4ee9-42b9-b2ee-81b8227622c7,2.10102610622504,6.581453305585282,7.224615514859133
15a95c6a-16a7-4a06-8fee-353f508f9625,2.527873603682002,3.684095577447599,4.432091562366503
15ae0b79-3c44-454a-8c01-e0011716e227,3.5037501183475475,9.493781068476853,10.37634648374988
15b57360-bfd6-4d34-a4c2-5d9a43f39e09,2.243700225207964,9.832283246666632,10.661646598159814
15b6f11f-daf5-4cc3-b3dc-67d047a91747,2.3237126995395103,4.646670622782136,5.49231673622168
15c6deb5-27cf-4af5-9dc4-6dd6a95fd3ab,2.4418524091095235,7.513620884583936,8.5136208789323
15c9cae2-4e7e-4cfa-a05e-a3f9cb77536c,1.9407678732068736,7.21824387301072,7.867052098726041
15cb433d-60c3-4c3f-bb67-c48d5c3fd59b,2.4777988303706,5.962656232047843,6.9197485163247645
15ee770b-8374-4096-9904-7eed591c1ce9,2.7939017046518555,4.245087389951272,5.078134120571965
15f220fb-cfcb-447b-9a08-e5371a5090f2,1.7335496029964998,4.174223992883601,5.173292618105204
15f35b11-bf83-491d-99a1-c39b83f47617,4.389332535539385,11.031954134338887,11.923087083556402
16009301-b160-4c9b-98a0-7f65fe97e23e,2.3287928621121825,5.792099926898196,6.730316061940184
160ecd71-8202-4359-b810-5d6a3b46e0f9,2.3968681808168943,5.232810206423554,6.231074718866845
161fe3d2-c482-42de-a5dd-b8cf1f1d1a14,1.9361303859422485,3.742059048313126,4.5753619635311225
1635127f-934d-4bd9-9e97-0fe640196509,2.92186806518915,6.977775467963719,7.951361506109217
16381cc4-21c2-4dfc-b1b6-a2903132bb3a,2.152947521947782,4.8090070752758045,5.67477968529537
1646a714-6688-45b9-93d0-4f09def85920,3.674352113891923,7.731240186057548,8.653275372814901
1648f89a-05a0-4fff-98c2-4d7acb66343b,2.7706046571256358,9.150506644878728,10.140689888730336
1656634e-a92f-4d16-ae3d-698448a70566,4.318520305416679,14.52550741035093,15.525505155312684
16591358-1dd0-4c4e-a400-6bc5e8ebe952,4.07740171246882,8.648593845467227,9.355836879579904
165cd977-7e5b-46f1-aaf2-9e47c282e821,2.06413983343064,3.960694271760816,4.661952247932551
16899f3d-11ae-4076-9d0e-c62d0284fc6c,2.133444946253591,8.211999018379347,9.211999018333604
16ac7430-8e44-4872-be5b-a3b3b6cc7449,2.7197711586899733,6.092341319459091,6.8900866685504845
16c585d3-5c62-4297-958e-615cb2f96183,2.10724403393139,7.276307942082797,8.236966837682044
16e206d8-48c3-4451-ae1a-531637b5bf40,2.650816055922164,9.55859390072468,10.558321966992924
16e526dd-5aeb-4ebe-9eb5-9d32865018b9,3.8517594149005023,12.709857618442555,13.031090412202191
17115f64-d480-4de5-a277-5a433c93482e,6.468936458431077,14.79401956865328,15.601106636400385
17222c55-7c02-43e2-944f-6f4c7bee2b7b,2.125834124668632,8.394697241674999,9.342019943582352
1722ec6d-24ca-48a6-88c9-53a2c7146c3b,2.286550682492516,4.08598051427296,4.830869678635268
172e4aff-e494-43b8-b203-63342ccd8519,2.524088383569288,6.764864309281974,7.716817990598895
172ed718-cbe2-4ff6-bfab-3b8621f3b761,1.793489827750341,5.5284823479844345,6.224707815058898
17311e44-18dd-4fa8-bef7-7a23917675db,5.177719931520345,9.241739018328923,9.720263103674707
1732cbb1-9d2b-4b46-aaaa-44a8b278ccff,2.388399412142667,6.671098502554557,7.65274865047998
173a510e-d923-4a58-9df6-57bbbed4a1f2,1.8666672431027669,3.8570237080256575,4.857023707059512
174c8577-a6aa-47d4-8909-3e3e893739cc,3.517889874825273,9.44113441465237,10.36570622966196
174f5c8f-37db-4118-9fd3-7df4738a0426,1.7675665828516705,5.150551968751417,5.584387323356031
17539cf2-9105-49bb-8a5a-b84d2820532a,2.1112809231528944,7.811281854310313,8.104327871576059
17693c22-7151-4b63-a61b-1e6eeaa04613,1.797409042390589,4.715493763535701,5.317853402034437
177289ba-26ad-45c1-87c6-d0f92548aa2f,2.5018428625798146,4.711840312013418,5.45280158808965
17777c3c-3e1d-4399-9f2e-a77913d9da48,1.9115989432744067,4.814468615383034,5.76111078712415
177f714c-1a3c-4ccb-970a-74e93f5884c9,2.19730838124035,7.848335654113726,8.492578566238855
1784aa4d-f7f8-4214-8483-55cbf857e4a9,1.9428131552427337,3.870781877488517,4.468415980577976
179052cf-55ff-484a-9295-5053be956f18,1.9492124503690604,5.177691464469099,5.736399936718913
179ae7cc-81bd-42bb-963a-529f0c637daf,1.9753789316917032,4.563660318232696,5.514582610095833
179afea2-c36d-446c-8966-2dff3f5b489e,2.649998459570325,6.752882437845647,7.317997103291131
179fd52f-9784-45dc-8d91-1daee80a5aa3,3.0442694331852613,5.374963156458188,6.021598914778387
17a2d08d-0340-4637-889d-f999f6cc4e9a,1.7352083529586282,5.537477822917598,6.3866139099403005
17b00372-73a5-4b79-80c7-7fb3f4059f25,2.293274408871089,5.003544350281511,5.865539043121539
17dd5b69-f241-4335-90e9-535d18d52826,2.9907826382090987,10.456699879148887,11.297730457615852
17f10c62-0419-4bb0-a8fe-9a2338b955b2,1.9847840489964264,4.463247487789505,5.305961827886539
17f3cb6d-0cc9-4cf3-ad53-65d2543c4b3f,5.107542773390588,11.633039171972236,12.444939469624044
17fa6596-795b-47fb-8173-5318d60504ae,1.9797136337919452,6.8790639846746,7.256553751641985
17ff83ab-11f8-40da-be6e-ab96baaa8cfe,2.4833387309561545,6.019890027299192,6.967242065799763
180fd886-11a1-410e-b232-7f8e73a069b6,4.805799070002661,11.37657602218976,12.127218528657515
18199f10-a1f6-4dce-864e-ee133548de6b,2.4225666176406846,8.390552653881501,8.996101515714201
181f003f-5d49-4cd5-8499-a9138165fff6,1.8856324442673285,6.9316717999490685,7.737398713947822
182154da-0c15-4d2e-8b86-f278d37f1545,2.963073442513341,8.441173044753963,9.064349022369948
182413a4-95d1-44e5-84a8-b3d8e0cd9142,2.149993346921662,5.396675938896395,6.286975414240222
182e7990-5048-4c5e-9aa8-112983ab9998,2.098916400806256,8.156782101907513,9.148357861283682
182f7466-7da6-4f0f-886a-139629ec5fca,2.301629566414417,7.34213303015158,8.269997675275851
1840d059-0644-477c-9d2a-b70e11094d74,2.156682281062038,7.276545635400964,8.27654548933453
18411aba-5a39-4a3f-9511-b323c045a7d4,1.827611216395168,3.6572051505355394,4.425399753048538
184de11e-f6da-4537-997f-c864df0e9497,3.5386557318192686,8.422993693951703,9.332778614584532
18819f8e-fadd-4ead-9a89-cf6c26603d2c,2.122564024824511,5.995416963963232,6.385568046250037
18903038-4192-42bb-819a-c1ac836db090,14.997328866294955,39.50860081666449,40.4762948184786
1893691b-808e-4aa4-be52-2f171fe741e2,2.0455309525879977,5.014440443096748,5.880043601753965
18af9206-27cf-4d7f-b0bb-b32ac6b15ec8,2.3919772003118145,6.294992520501462,7.265597729939437
18b75c7e-abdc-4f5e-8919-ade386c6ca9a,2.0853596501667164,4.418120320477319,4.942624229680176
18b98d7e-fd48-40e8-b702-d83a3e7e4373,2.934228215007173,7.66111932318643,8.58737214390846
18bd77f0-d92a-48a3-a7f4-a59685d35de4,1.7484497635459393,7.001079350735066,7.692666161540674
18cb3a95-f98c-4dc7-819f-6acdb39aefc1,2.9198898467666825,8.20577096703016,9.16676919036907
18d2ecb2-dacc-45e4-921f-b354f53632d3,1.9315131028757344,3.851643893918709,4.497076342918873
18ee6988-2c5d-4483-8583-dfc10f79bc5d,2.0830142255749946,4.290180073894918,4.845534617497573
18f7fa13-b827-4e6f-8edb-8f697f79dd5a,1.7290843922860633,5.65981068459784,6.65869515762184
19078b81-f94b-4fb1-93f2-6994f01818e6,2.408983580977231,4.367421743864703,5.006593677066622
19087383-debd-4444-a1fe-185925f723dd,2.559895443490617,6.201902670052209,7.056949353994362
1917c0fc-3309-403d-8cc7-41516ef309f8,2.755445349745065,7.221234221855781,8.217726389246614
191a37e3-e6a1-4b2e-b3b8-9b0d76e7fcbe,1.8294443546151675,4.27434418204406,4.8371214653972485
1926d141-d19c-4971-85b4-11fa936c5f7f,8.606126416379402,18.85138617047753,19.78596071976978
193f2a08-725b-4df7-be1e-9f7e20021808,2.798172440473581,5.937430157803771,6.90472636292768
19406244-c9c9-4609-8273-87bd08ab6ee9,2.2292620512641217,5.463440333408339,6.4395813529081085
194c2679-5a97-4dbf-be18-55b9387f12e1,1.9470591776125203,5.493496156910268,6.451655433778926
1953d520-01f8-44ed-9293-92f408c99d3c,3.5231463694633782,8.999131764553875,9.369337351568776
195562da-7dc7-4dd5-9365-717071eee821,2.2749141089767004,4.253603059013834,4.871425152751528
197211a1-6fc6-418c-a344-b039e790c754,3.2754004476572383,9.18129948660846,9.826041038312416
19791b7a-b9be-41c8-a459-c6fd8df4e811,1.9057306528425,5.1433248077716085,6.142977174638217
197dbb4e-b6ab-406e-9bb2-a11a464e7c84,1.7393293236167366,4.1944874629296205,5.059591701681229
197f443f-12a0-4fc2-af0e-7b89d861c24c,3.1624107741363874,6.150022023201688,7.115726858311079
19834fec-c8ce-473e-b189-707ed98eadb6,1.8120707795516784,7.418026602636865,7.867308718493771
19853665-cdda-44ad-b989-8544dbfedf76,2.2432173890174614,4.222480682293341,5.158812841692724
19902dbf-9a9a-4aba-a180-1dd69fefd5e8,2.2284335909310453,6.894860179164714,7.861602622673268
1996a9b3-87bf-493c-b460-e54a8237518c,3.2711057069680294,9.689250756534667,10.518821397765231
19a0a0cb-d508-4ab3-95fa-f7dfaa10dd33,2.744638285812424,6.557785582557919,7.169806155447864
19a3658a-414c-4c74-a9e3-248f572d1300,3.1330901329245,5.01968103156068,5.61409193412802
19a66e99-5d13-4c37-963d-0df3b7c5c469,7.9182661368538465,26.577679065135133,27.57767817528383
19b92bb0-bc6c-4e73-b725-1f382d949dd5,2.373481715976005,4.699906951279756,5.593512872941675
19d1bbd3-0e01-4b2e-a6cb-708c360038e9,2.359575703033409,4.036036662763285,4.6846229897960505
19d2b191-7a4e-43a5-aaa4-11651964b9be,12.48087612822678,32.33311636081057,33.302552877565574
19d58db8-7d91-4f5d-933e-d3e9af0bfcab,1.9174856162966896,7.913341439154425,8.3460461376662
19d934e5-bab6-43c0-83d4-a75424a0c5b0,6.186603993341219,23.54606354836444,24.11555528601716
19da2803-8ae5-4e83-8f8f-55093193dba6,2.255658049822701,7.085296784966895,7.960072046831948
19dece3d-3bc1-445b-b514-c57be7b9afa5,5.5734220635056095,13.951981153947717,14.861505683366763
19ef2da9-a026-4d0a-918a-6818a176e941,6.358945621107151,16.85616914284689,17.856168772976428
19f30386-5fef-415c-8666-e07dd50f86a8,2.76585494854783,11.082650449046572,11.72880714662672
19f87bf4-4c5d-4968-8460-fcf21da8b6cf,2.3779847422163964,4.5874983764749695,5.304884761312135
1a118cc5-7792-4563-8c20-3a239a3c6677,5.074814842722641,15.16267969675052,15.71289775622999
1a221662-d728-4e1e-beac-713abe63dd1a,2.381999502171368,6.11195540084544,6.665784412567394
1a39da8d-b4a5-413b-b475-34bcb357d103,2.7633200996289964,5.232384578550085,5.8445913500570095
1a3c4de5-6d46-4295-872a-223ea8869403,4.983905396353536,11.689693207558287,12.689599208747946
1a4f85f9-2837-41d5-a771-b2bda3f7d256,5.133381186479222,9.752448243462329,10.501560285400648
1a538972-38d9-4984-a834-fabb499cca1f,1.882001852984538,4.262185968839784,5.262135242621135
1a56f58a-2936-420d-9381-2503635f6660,4.217347706391117,11.267863671223012,12.251609436885566
1a5a5911-39db-4a31-9f43-f19ac7e8b3b8,4.928519723687647,18.515245193970514,19.12480193481972
1a67b336-1875-4dfb-936f-e0c86dea574a,2.3970831124426346,5.291102413049089,6.25414315740685
1a73742e-a66f-4dde-ab5b-32d278a0be4a,2.709055139596672,8.14249785094456,9.02374907457675
1a8030ea-a614-444f-bd5f-17d9ba54faf3,1.9826882168396875,5.332111069678499,6.329093563303085
1a928c08-ac94-4136-9256-7fb5e4747198,3.3265098130783146,7.951664324093403,8.282127266450777
1ab0df78-7d39-4eb6-b350-b03db6e517f6,1.9885945210551803,4.186401631249297,5.183375226532307
1ab4c133-d953-490e-a0f3-4a2d402a8973,2.8086331649121123,6.708098053603955,7.706018190840812
1ad90e5e-e406-4b96-820b-bb71a5d3f6a7,1.9788121024156176,5.370428936786067,5.992921189689638
1add94d3-87d1-423e-a7f4-65338b98200e,3.100259457216786,5.07761019028166,6.0776089071838335
1ae2e6a0-1669-4491-a846-e3062a309d2a,1.853038632186005,4.942913809642146,5.936793421558569
1af4e817-f605-4835-b9f0-56bb9f208e3c,3.3508480270890457,8.096239264446146,9.09622880734818
1b0cd44b-b848-4ef4-85d8-5b800c6c151a,2.8051950973608,4.635566511822472,5.474554539224288
1b0d48fa-8ceb-47b6-924a-9cf238d18443,2.131039270369932,5.952380236362545,6.583027236196354
1b118b9f-aaf7-4903-a456-72507b53b3eb,2.128126848582573,5.899317668080511,6.516931720110715
1b1d17ed-bee8-4460-9028-767518abaf28,2.359854117273423,4.368873837704411,4.874556575670907
1b2443cd-f07e-4e2b-a229-eba377bcb19b,2.255464065722548,4.770121784117499,5.704190184227479
1b26bdf5-a9d6-4204-b853-18d781713f18,3.313446611376208,7.312476389351296,8.312426624308006
1b439419-f4b6-4852-a0bd-f0b89ae851e2,1.9764451912105545,5.515842583511482,6.51569276970983
1b443a6d-1261-4839-8bbf-213a1285395a,3.509643281032137,10.348655496299298,11.344813585248597
1b527b95-9bfe-48be-86e4-948bb4949764,2.060137237396966,6.211164635210298,6.921668126292085
1b58ed98-86ba-4186-9b91-1da1f70da938,2.6263009430429545,5.727947065127046,6.511461524939816
1b5f5e53-71d8-434f-b745-10476c7dee8d,2.2951758121590347,5.133575814167572,5.548174434538015
1b6c293d-3982-437a-8f04-36bf9a2e9364,5.068856972005466,16.314838142643502,17.097689889949297
1b6d54e5-1d8a-4c27-8405-1b62139e5bf6,4.677383543067834,8.846618537952255,9.55117315467079
1b7c32ba-ef7b-4e52-8811-e6a9b8a89e7f,3.8411546774414815,8.682239045444913,9.32793206611225
1b8256d8-68bb-4312-b40c-af21b8e2be08,2.265041372435357,5.26253652394303,5.931583021413894
1b97da63-ead8-4519-a106-eb6ba4dac23a,2.0524545756127743,5.216573541750268,6.182975568466726
1ba0d6fe-c3d1-4f82-934c-732f1e6caf1c,2.2879236739024846,7.258618983521552,8.246753885717043
1ba920b6-fb64-43c8-a2d3-f8a8dcfb8112,1.9093990716266451,5.5524469788403055,6.396795485473593
1baab7b7-37e6-4081-8a87-e524a633e761,5.764387339875193,20.21513414335964,21.21469269572293
1bbb9133-ea2d-422c-b388-a0b951075d53,2.61446205879889,8.921443184980692,9.846152323199073
1bd3eb14-6fd5-4e62-8553-848aea0e90ea,2.2169490800713905,5.287040725081551,5.948884238136031
1bdcb3a1-9c65-422a-9486-c58bbd8271d5,2.1228511577879976,4.328538038699292,5.022479394140734
1bdf7191-3be1-4efe-9ee1-670d7471154b,2.8226967845288677,9.251420424779498,9.92393756906744
1be6a9e8-02b6-4e65-adee-7187e5aad482,3.5491440392511624,7.286378091222692,8.14846159946813
1bfa2f5b-a705-4f9d-93d3-9a2b80ac1b18,3.2004584753727525,6.63805686624979,7.530072734440093
1c0233a5-e935-4e66-9c44-e437459655e5,2.153556311372996,3.693692138646748,4.693692122103667
1c15eac3-e899-4d3f-b705-baa569dc2eee,2.542888802708068,6.831983287337005,7.66541546139203
1c25b423-278f-40f1-84a9-3b39df676fd4,2.139500625516886,4.349718662510337,5.200319263391668
1c5970b5-3848-4f38-a103-66a35e4090f0,4.549364776445239,12.585329395408584,13.585329288914156
1c775cfc-3cb2-4b7b-8152-f8f30215a241,2.028295943816614,3.7125301047945967,4.528715836038568
1c77eea3-2b9d-4da2-b3c0-06be81f465a7,3.839779747076048,8.256951668406073,9.185757589990471
1c7fec77-61f8-4412-b560-68aa1076717b,3.3502583181817425,11.772001707283057,12.417768646547872
1c8352c2-0783-4d61-943f-f7dd413e3bf2,1.769047081647133,6.793049210680761,7.747729304998544
1c860959-3d46-4f9b-a6d4-2c243ee31e53,1.7998132737042123,5.652895057522944,6.630832731274115
1c8e0a17-14d7-4dbf-a9aa-003d5b0a0edb,1.8152594580556607,3.935305029470372,4.612211411702596
1c9f4b90-70a0-47c7-a002-5855f2f74295,3.2763447734027453,11.259597805986456,12.1829201326042
1ca0648f-7dee-4911-a883-8fa0c3e85d5f,2.950370968094537,7.996666940120149,8.689687771471515
1cb18a24-cb47-4fb3-92ea-6928aebc115c,3.689266223359307,10.59506192264494,11.18932188032302
1cd76333-b210-4485-baf3-a41d0cd865d8,2.1872844044120905,5.328792092730148,6.157343705444197
1d00dde6-abc6-4004-9135-8464ee96f1ad,3.635744875495448,10.999678627077786,11.582015472606018
1d0c2b0c-620d-45f6-9a82-4e658fb53d3d,1.7517450728613786,6.682664691722961,7.635210915061027
1d121cc4-0e6b-4dd8-bd8c-7b3d6a4fad4a,1.801603013618725,6.510970669600402,7.483253381707083
1d14b9a2-a6fc-4222-8e4f-fae7144d9e84,2.2386055519082046,4.342959539339407,4.7830731193146665
1d273244-37fc-41a1-b969-31f71670b431,2.47818644462296,5.793925312109674,6.496127624371311
1d2f8a5f-dc11-49cd-88e8-a31f02ee5d78,2.0182156551295605,4.791788493301199,5.74676910284568
1d308b0c-3ecc-4785-ac1c-088f45ea0ef3,1.8676576777846223,4.099136434049175,4.730483882277285
1d585d41-8842-435d-becd-3feef68918a4,2.5002491371672284,6.663382792375693,7.589461899547289
1d5b63db-0109-4237-b081-cbdba8ad9395,3.1736142399603846,5.27056586938631,5.851338562410676
1d5c59c8-b0f9-48ca-b9a3-702c540bcf44,3.206342146735638,6.407782908139228,7.183826253136279
1d71aeb0-dd25-4060-9347-f47d32992bff,3.384189070758906,10.952766199649178,11.829867082006649
1d7a9c9d-cd5e-4fd9-96d8-279326a6003e,2.391290371048663,8.59226404848113,9.175577102980476
1d84c09a-893e-4633-968e-6dfef3f9c671,3.1959456307121146,5.058888421342541,5.816719410430334
1d95baa7-81fb-477c-908c-f91b22f0e1d1,3.1532372242621656,9.01200657475569,9.925127150597078
1d96cd89-0704-4be8-8c10-9b8e56f29709,1.9332092987912253,5.164520347593718,5.575619194101483
1d9c9ee1-10d2-48c0-817b-1dc78919d6f6,2.0046663336505843,4.965566586357368,5.4948799713738445
1da5df73-1ad7-4971-81be-56b3051f8204,2.3470739777795995,7.942438508385964,8.812749327456954
1db520f3-4bd5-478c-8b38-cf0cb43b6a78,4.6558113767298055,14.57762594500172,15.157096887333887
1dc05756-c129-44ee-aae2-a12f1a0fcb95,1.9337229113134125,4.35478427355562,5.056111548912044
1dcd06cd-2f37-4d60-9d70-59bd8154ba76,2.700239322026704,6.086812679419261,7.086812667643088
1ddb61dd-a703-4672-8f25-3f2afad1ac16,1.8477359606728936,3.9128168459353936,4.787967835845413
1de22b40-0c4e-455c-b1fe-e9298b545c58,1.897777715619968,4.191970776266239,5.0442368809489695
1df06866-ae84-4c37-8a9a-d0b923378e46,2.5700038323913783,5.094066525125166,5.887733819084338
1df5270a-e11a-40b3-834d-c6ba7a8b3590,3.865733883679684,10.828084518026865,11.772578252357668
1e0bbece-a86e-4338-83a5-99378a96e943,2.43651875257526,8.104695224595476,9.08073803322469
1e0d5b8a-9024-475d-bc9c-eb34214c7959,3.798036400213405,12.904121599713172,13.506343995902215
1e112a4e-de9d-4ce0-960f-808a77ae578e,4.823309076815532,10.148103772976285,10.947498099001328
1e127f81-c314-4463-bb41-53866fdcadd5,4.79041821949353,8.404510693701619,9.398622360007886
1e14b9d6-faee-4ffd-9a7f-a331a9efdbcd,1.9688297702313569,4.174313362330948,5.127029915292066
1e20db51-5f33-4d09-8877-98d70ca963b5,2.213806882575744,8.390235755718093,8.920639502995103
1e367651-c58e-4592-a784-cf5ce99c2b48,8.312542323591211,19.47905728378541,20.470600267808337
1e36ec9d-b41e-4be4-bcb8-e0647f2129b5,4.126975322859336,7.628254007016257,8.369979078070564
1e5325db-269c-44d6-9208-e8331b18bf49,2.080183017355117,3.663697464901676,4.581318095753864
1e6b4042-68b1-4f9c-8530-554f28c39579,10.228598117095212,28.92006363720394,29.30485430945946
1e6d5a52-7a30-4c58-9832-6bba665b7393,2.0062462542860944,5.054899729510535,5.90147286688874
1e6efd8d-3ea5-4a97-bf34-6b0b627d7802,2.933893530036998,6.359407279523045,7.204335972350206
1e7c7cb9-77c5-4254-ad96-39f7e65f8f76,1.801122405703633,4.338140696041269,4.75959349903693
1e7cc232-98ab-457b-b901-aa3275a8b10c,2.15858465252183,4.835250723980942,5.39931357737831
1e7f6b8b-a023-4b69-b9c3-cd4138d928aa,5.763546096216897,17.783586717510676,18.62653356668561
1e854815-e5a6-4be5-969d-171b353074e0,1.9841421055573043,5.553003749134743,6.215542297181209
1e9ea094-3d2d-485b-b9f0-2fd590989ed5,2.176196648072781,3.9911135162463167,4.528179205780898
1ea98eae-b409-41ef-a197-3a45660620a9,4.657470945501637,16.25374289179151,17.079116843407924
1eaa8085-bf31-4b45-bc63-6746dd422edc,3.794244193838956,11.032720315611993,11.799296100173583
1eac713a-c92e-46ef-b8dc-bbcec72180b9,2.042882637681163,3.795330921651847,4.722716839445364
1eb245ae-786c-4441-aa28-ecbfa0e7f4e6,5.655647603351153,16.289932963722006,17.20656194067657
1ed1446f-aa55-46d6-a2a7-a7b93cd3e53e,2.2870036737523973,7.174565670098208,7.847905454369354
1ed9cb2a-94d0-4b04-9d9a-97023b645c02,1.7847349139943178,3.851175642280072,4.820237906638954
1efc9de3-67b3-43b1-80cd-1cf6a464fa9b,3.836900163112973,4.034545176215222,4.72432472232757
1effe449-5a0a-41b7-a62c-2630da87ebcf,5.28703583816383,8.314615833623986,9.20252055838734
1f04d385-2b14-47b4-934c-3bd0d2dc4817,2.6228814704908023,7.347978892827911,8.347963268006678
1f058135-c414-4a98-8191-93d9430419b7,2.6419921925828334,7.04011317915229,8.028645733334558
1f095a49-bd39-4107-9083-a133f1a7f7c4,1.897158714041304,8.594358781830161,9.244107002831704
1f15191f-432a-44bb-8f5a-d578f64ff4b3,2.0379755997405207,7.080862830773399,7.728405089957962
1f489a74-0842-4f21-abec-0a4bc6eb6b18,7.3115429199867235,6.0203025112660224,7.0203025111731705
1f515af0-1358-484d-b78d-1453a9070b18,2.0139367148545047,6.103134485449557,6.9238086970217685
1f52ca4e-f3ff-46af-9bea-491cf37336aa,3.0351223691280413,11.558124809384728,12.485894507952269
1f53cc5c-ed6f-455d-86ac-d900d6843e07,2.601380161956628,5.294948508027724,5.97145068855232
1f542307-403e-4624-b29b-f693b25f2f67,2.292062598972602,7.395672160734307,8.359811274748388
1f5827f6-6142-4edf-92ca-0204277a463d,2.342791846399712,4.913401214731615,5.328440740578373
1f680097-c774-4f08-8689-fe109be67c4e,2.075286138000256,3.807955087016379,4.427707163692257
1f6c64b5-ebb0-45b7-a915-684525231c58,2.0570504566019534,6.461978710152913,6.846924765273382
1f71b961-dfe4-4665-9d6f-cac753fd85bb,2.5735869036215946,5.3945823848578165,5.929993549917722
1f861845-079e-41d5-9278-d74804658082,2.811583042495937,3.992756117768861,4.605615380820903
1f8bb8a5-794f-4d2d-82e7-7625b9c639d8,2.6313661225053924,8.63451041984456,9.634497091972165
1f979c24-bd96-4712-87c6-a859800b1445,7.23608097951644,16.475579875618894,17.475579853218946
1fb7320d-2c88-4143-adba-3582b31de0c3,6.100769812739063,17.155061895353956,17.669785840269142
1fc335b8-9927-4b53-a9cd-c78c75c7307f,1.7976434828665688,8.252941766629029,9.214435680812697
1fd23160-fcf2-4592-a1ef-9fcf472d8e3b,1.7809148743351937,3.779170247971442,4.7791557866516845
1fe3163f-cc3d-41cf-b43c-aa567f9a5e95,1.9899029255276224,4.011369417137345,4.587987018189027
1fe451a2-e7cd-41b5-a4c3-2c7ee9834b95,2.462345608085095,7.140039000122701,7.938821643344122
20057fcc-1dff-4b5e-870b-8ca9fa363aaa,4.5353555786342366,18.472154177943302,19.25967465915744
20087e75-4b56-4e86-bf6a-ea4bb8b9a73f,2.611310856321358,5.44452512132546,5.887040370820888
200d9d32-a545-46da-8bee-a2038feed3f3,3.0433097274938974,8.874878981176389,9.81000467112417
202f43f2-1804-4e29-a778-d050b212b2e3,2.4164326114796824,5.67971364181057,6.679712302674941
20341751-8036-4b15-9f0c-f43c990be0ef,2.046892759833511,6.670845695581732,7.649427335761395
20360c04-9f41-4ae0-8f12-4d103a6d7e18,2.2273409517177485,8.206757982714947,9.019529309917122
20387123-7d21-45d1-ac00-05018701e03d,2.3979043857731086,6.596264778307089,7.438996850552328
203e0d10-6dee-4141-9bd5-01cb4b88de31,2.7171997559233465,6.84398050938499,7.743314955140374
2043975c-8369-4de6-b149-19a413e9219d,2.4718508612308514,6.250763245095659,6.891075048720399
205765ec-9d95-4593-ac94-0acee6c965b3,2.2802378186421093,6.87353708962876,7.87353642069303
205d0083-d7ce-4c1d-bd56-c26ebcf17e7f,3.8839079163253,7.903710265503924,8.742293971164885
2073bca3-aac4-4077-a086-19acd592ed7c,2.749427625264133,5.455969530929019,6.455633633905388
207ed5eb-afa2-405d-b840-d75d0c004b7a,2.3408201179380628,4.49609275846096,5.019164789125065
208f631c-448f-4c51-ac74-45cb646c6f13,4.656537424677421,11.10999372666453,12.100797003913982
2094000b-30fc-4218-9f90-dc9b1018fccd,1.7665408593494465,5.574645649471542,6.57464539749979
20a0a8df-1f28-4edf-bdf3-ad8ade223888,2.072530930507737,6.454560563299268,7.304281737982269
20aad58c-7f3c-4256-860e-d14b64d5b07c,3.0665378472486937,9.029204927237858,9.98673764388588
20b4ffee-a36a-4108-914e-cde7855c74cb,2.0071429448513096,5.137834725047348,6.020131263017642
20cc348f-4dfc-461c-9c85-33c895d34e7f,3.319827922579329,8.798249999612803,9.680594368835632
20de1e76-35ad-473d-b88f-233a4ad26eb0,2.056884450350855,6.897478400427948,7.699003495063271
20dea57e-99fd-4765-9785-24ff162a51b4,2.6347956662983427,5.82814231811144,6.821424402573796
20e07e62-5a11-4b81-a190-367a56b9a808,2.26969010794393,5.796402925774628,6.453158841875356
20e73734-baee-4766-b66a-8cdc751fb346,1.796642236149481,4.571899565435979,5.272713651077787
20ea932e-ef76-4de4-a858-954cc2de1b7b,1.8467490706898184,4.754185444108552,5.104834412391339
20f25448-2e5c-4419-9392-c4d01365bad8,1.8183332080143304,6.207369289076429,7.034367225469438
20ff89bf-3d89-4770-9f25-2472354fea10,3.7044051897894734,10.416086117150863,11.261947366592103
210448f5-53dc-4bb7-b362-157711204415,1.9483710984967155,5.079275972312672,6.0701215916197935
210b088d-33b8-407c-be98-7c0e7ed89424,3.075556883530793,9.84792310713385,10.680675155171578
210b0a36-ec43-419b-9431-421376d376ac,7.561152530650502,21.139845884489365,21.867192867407603
212c8dc7-c23a-427f-81dd-7f6e6dc36e00,7.335553460982239,18.86431854385193,19.860479043471067
213421b5-caaa-4b88-a4f8-e21901fd3276,3.8346351175062265,13.508661352381855,13.946579668802023
214447b9-9064-416d-81ca-a41fae41be83,1.975572728174524,6.963277700863353,7.729600686894802
214d8d12-7663-499c-bc10-215408355131,1.7683641593235015,5.652131121062892,6.181004506106616
2163965d-79b7-426e-8ee3-51cb040b1104,3.1846893318038023,8.486288460626913,9.41830277495341
216e8ee0-61bd-4c60-a04a-a884228cc5c8,1.778866622407255,4.759035432519899,5.571755902094532
21731483-325d-4982-92c6-9c5ba779fd62,1.9836201696543256,3.670011041033484,4.668568147568825
2177feec-bf92-4a2a-b8c5-afec621b9d1e,1.8605775080364533,6.013935062083362,6.877056203786247
219bf30f-779f-47d3-bd98-c9c8515815a0,2.524490472638666,3.964987649625661,4.866310704910646
21a4ac23-ae74-4f5b-8786-5a572820ee88,6.667230202534944,19.25465815417888,20.254652832978163
21a4d437-a40a-4c3d-b345-fc35882e6d8c,3.1612625651450563,5.881573410107403,6.637818400757309
21a6b568-81ad-4e28-bdd5-b1b5e6b90d5c,1.9557862130432369,4.570769700616137,5.435397103938117
21aab475-c57b-404a-a863-cef4b25ffd72,3.22665493007555,7.945735985766653,8.945638893801831
21ad3c08-9c7f-405a-b2ce-1fc7ccd4d0c0,1.7445789611426477,3.955179547820858,4.955173778660699
21ad7675-c4d7-4b42-9699-06e15865954c,3.045267176294558,5.47248009631687,6.472479690548048
21b90c88-0a15-486c-8816-3b728431b230,2.232511737943183,5.031051205274235,5.702978035146099
21bcbde3-bba4-450f-9c96-b6cd55c7ef78,2.406412858738877,4.404591364657344,4.728542096129848
21bebfd2-bef0-4218-8773-fbd424f640be,2.4773129018963087,3.752976004180327,4.683609323464711
21c06dc8-540a-4dc8-9deb-6877dabb89ca,2.4518251620880536,8.760133299423561,9.501394672941451
21c8570f-9ec2-4691-a86f-529d11234ae7,2.429853153780717,4.617736625631716,5.114541333777831
21d37c48-9536-49b2-98ce-c7b97b31d796,2.3701012174619662,4.044900604291426,4.977121099813362
21e4d404-efd8-4569-8e72-254762927439,2.0689334439345397,4.044686630948599,5.013566314590886
21ece53d-b8be-4d5f-bfac-452b596cb557,2.557318472984075,4.055127552781997,4.913215191718654
22227f6c-9e01-4e81-8f7e-097e08f2af1f,2.301152603276971,4.530681881171238,5.133357761025748
22229090-1cdb-4a9d-be32-b54fb047e31f,2.8270390602958515,7.911960399217524,8.420387125759921
2223db72-3abe-4162-8bec-17efe1476381,3.7169711127531913,8.47935299475137,9.423121049280928
223af5a5-183f-42ad-9243-1d16b4206111,2.402149411657236,7.548943576841845,8.409664216123872
2245c48e-8445-44e3-990a-156132dbfdfb,2.487413966757394,6.098338532173287,7.077093300243213
224b8b0d-f867-452f-b47e-5da22838317d,2.371049755236925,6.8624271562811145,7.76681128564537
2292858a-b689-45b6-ae46-62d7c1308a74,1.9834994324600077,4.4938623821177694,5.015445637007923
229f5973-3d37-4ea0-9279-3c6331e03274,2.3069589594821247,3.971031004194353,4.634216443714953
22be0986-4e7c-48b7-89e1-be8d11e09ad4,2.103747343680592,5.473619020164887,6.340188553049655
22c0d907-727f-41ff-93ff-48ce64df3989,2.360584092434963,5.351395766442215,6.308497793660913
22c4ace5-8266-429f-86f9-2639cacaa066,2.8655127178734165,6.506514144885089,7.4993230874938845
22ca223a-81a5-4b83-b41f-802315c7466d,2.2120147562658983,5.773072265151964,6.374194895857954
22cf4eab-540f-4cb2-9152-b3af2ffd4c46,1.773516619006497,3.658636364290613,4.652945926254209
22e8084e-7d13-45bf-a49c-ea032e6e5e03,3.251909779524351,8.731638680596244,9.302493873351926
22f6b484-8409-4d8b-81ab-59d9e9c8b3de,1.740144189767849,4.92158075236659,5.416798072544705
22fbbd85-8d66-486e-81bd-e0814f3ba571,2.113926450650767,4.917402347614971,5.5319148960845865
22ffe197-d3e7-42d7-ab20-db45761fbd61,2.531499312568652,8.103213648439276,8.720502643278722
23041aa4-2120-47ee-ba41-b00750c9dd1a,2.379322019374659,4.128093087137393,4.451217860637936
23117852-ec21-4cf3-9603-aa4ba1b9ab0a,4.545930024751851,9.428242055949376,9.997640616798458
23423689-ccfc-44c7-8c9c-87c283389427,1.9081493900110345,5.73552901966539,6.735495275587488
2346b8d5-ee60-406d-a865-48fb3d635f20,2.0640249248697526,5.0223880079460805,5.604497396180523
2355edcf-01ff-4fbc-a438-8502dfa52497,6.623418359159312,18.375856871180225,19.30503087401832
23585e2e-b5fd-4c18-82e6-f44d71b73239,1.8182940947067323,5.165546096726698,6.165545869744912
235deb2e-f8ad-48bd-82c1-829fd7340cd4,6.897524245151934,16.510797092194487,17.128729217436153
23614ab7-5aad-4256-aa0f-408936c2a73a,5.926958934420068,17.447098853234117,18.315043468459468
23688c72-e1fa-4ef3-ac22-0ce8f9eac4ba,5.589142483852061,14.716845872172714,15.71684552192658
23721d52-aea9-448a-b781-6074fb2543ae,3.2255129311761794,9.530842801869737,10.530841617521698
2374fd1f-21cc-4508-9024-b76eb47ca3fa,2.16494840417654,6.298964929215538,7.046813767176917
2378ca72-7465-4a5f-b2cb-1d1da184d97d,3.0386998202136537,7.213772853538323,7.714078383511143
237b7a4d-00ed-474c-854a-96a394ad680a,2.5476152053478893,5.559054507867088,6.170852165709213
237b9f04-e5ad-4cd7-bf74-ed29d82e5bfa,2.331554049209444,4.627290242840862,5.462392035812401
238cc71f-a471-4ded-8e69-d25aded53377,2.830004296170955,7.179242734983725,8.139415297563707
239899c4-4929-4911-80d2-9e2c60a85110,1.8700553930675377,4.934393291075276,5.514995949219898
23a75eba-0f8d-49fb-8b1c-333b15752c9c,4.484958103309704,12.05531471118657,12.726958037159948
23adde36-dc26-4a67-a8b0-6f675e9754cd,4.222274430226909,11.022670940440298,11.647868086672684
23b7f145-af2b-429c-93e1-78c8b3261a4b,1.916785905813629,4.368154366664603,5.215319948792152
23b87a76-2546-4911-a388-13cfbf65b0c9,2.112666541463936,5.666401608409111,6.6298072143995865
23bcb77e-44fd-40ea-92ca-1852f943271f,4.277069260130295,9.642206521551872,10.59890557384535
23dd9df3-c105-4765-b175-ee2717620af3,3.129315602473303,5.468673880601688,6.468673875072668
23ed7577-2800-40a6-bfa5-419f93dc1892,1.9531354197451776,4.123516891066688,4.776004105294311
23f1a37e-42f6-4696-a11c-b4f2b0a86998,2.2701644103086704,6.046271511686848,6.448529534332653
240c3346-0d27-4ddd-ae3d-28ab984a86ce,2.1197125675648785,4.677855148006051,5.520595041535147
24130347-d710-4f35-bea8-e1c679e13c81,2.479045976142272,8.680485738665205,9.54580427315004
24211b28-3d3e-4efb-937c-f4d00b86b918,2.650669896850216,4.051034581216266,4.971852985034474
242e6760-6826-42cb-9133-c395622c9fd3,4.224165848428984,6.89769276611545,7.79095660415798
244de967-39d4-4eb4-97a9-b3f2bbc6bd7a,2.024157251447396,5.643076466125491,6.323259316139378
2458f8a2-d120-4e3a-896c-43160d830c25,2.777735479541504,6.286780118537729,6.772166533892232
24682060-f9cd-4942-a794-71ad9fedaedb,2.412956087255864,5.702110834388295,6.70210150781248
246b03ac-cc5a-4c46-af22-e8bcb88e73da,2.8159809782442315,6.071648215677869,6.898748899588552
247b2ee8-3a41-422f-904f-35cb4af00af8,4.8573008827188655,10.62493605188095,11.1306722561635
249f1953-7b06-4bf3-8701-bc6f82ebd0b0,1.9916250842335848,6.437321017665648,7.138006528186665
24a61f52-e4a1-4f80-bb67-89a5b3092d0f,2.7336950387046794,5.8450414637209,6.211878960862775
24b57bf1-29f4-4cd2-aff8-c7aaa8abb072,1.8605617678792077,4.182723226020098,4.910323738463619
24b6618e-a323-4727-a76a-e572735ddeca,5.470571486235339,15.624534543265788,16.470365217960612
24b683d0-50c4-43df-92a1-4909a376b401,2.7232194683237103,9.235546691888205,9.745009830057883
24c79976-2559-405e-bc54-86c41cd02c06,1.9201325149166728,4.029593330379491,4.70691314183402
24d0aa0a-2e89-40e8-8f20-dee5d048afc7,1.806184357911716,4.917881214398,5.917879432311384
24db7f86-2b73-40d4-ab2f-ec349d4d4627,3.95801508579874,8.255926326499772,8.735390257082884
24f86888-c09e-4677-9802-e44c4728ec5a,2.0155812411891705,4.927001271117124,5.708605097844188
24fbff5c-a7e5-444d-a1ca-1c33c1b95cdc,2.818501932829394,4.135012494329657,4.721149966642828
24fd9181-ff2d-4b94-8475-41a776bf2a0b,2.219985691651399,5.4119325877202415,6.396126937273187
24fea2f1-5218-42d4-ac59-8c97a359b6e6,1.9819672268701811,7.094357376277348,7.828630880485659
2501b6ae-0af8-44d6-b7b5-60628bfb851e,2.6440528041853977,5.83104971908138,6.740654527587645
2503b420-838c-4448-8209-0c465185bef0,11.972047878379788,33.68326647521446,34.173153834630575
250bbeb9-f75c-4fdc-bc64-82b760024b64,1.7973780438490057,6.982041193100447,7.349730058843318
2515af42-8398-44dc-84b7-fd0bafc09749,3.1665174600130643,5.271042551059528,6.201454448058116
251a4de6-659b-4b23-b1c7-9a2fa354da4f,1.9906726470237552,3.716026142931902,4.5860227437905525
2543b970-60e8-492a-8bc2-1558b8604b7c,3.3092659634562063,5.916460525393226,6.794314131671035
2546f2d3-d9cd-42c6-97d9-d6b5b7690dd6,3.1695821456772344,3.9268370610567143,4.758678165653057
2548730c-23ac-4694-a512-345e22d4b44c,1.865010493688062,5.325666602052781,6.288608744729215
25544165-18de-4aa1-a9a3-5af651ede011,2.126421132413345,5.319202756029548,6.319202694245998
25592fd6-66c1-4a5d-9499-b44e2e4d4d05,3.923675685523306,6.6357432388548645,6.898361294478239
2560f2d5-b8b1-407d-8f97-1dac7fd733ae,2.871674398865297,9.039997991131274,10.03999799076566
2562c630-1edc-4cfc-9888-096a7ec634ff,2.4663985056369917,8.127678390609272,8.599562494837294
25665cda-485d-4e4c-bced-6f1243a42fb5,2.318198201117662,5.371802126563744,6.063873240145775
2570ec57-272e-4e60-928d-c69a48171665,3.405774582197366,5.481057495916632,6.243511557565032
2580a8ac-b11d-44cd-822d-dc2a7a40927e,3.604753245901376,8.695457964660049,9.468746127372524
258bc83f-9cb9-4059-a49d-bd39a3d399fb,2.226654053789382,9.088873774561462,10.088693033663166
25a8bf2f-0f62-468a-bb5f-486f56c1424c,4.190148524865747,10.690237945144707,11.523964247089594
25add5d5-b1c8-4e6b-bcf6-2c710c601db4,2.13410183965546,7.279927976531694,7.657949204880686
25c53675-243e-4bd7-aaaf-aad5b531e3bb,3.12938847633946,9.25362753789804,10.253508556962936
25caf8ea-1edc-47e1-9979-0a9add8e0130,2.621758492746749,9.75745786703697,10.757216408141788
25d0f321-8f70-46ee-9651-4af6f62ea62d,5.9806596264888015,17.146303485335288,17.613916360166485
25de25e7-4ce5-427a-a47d-7e10c66ca1af,2.071405851425579,3.819125332822666,4.66181236642191
25eba502-88af-4d72-a5af-3216ac461269,2.080296799723661,5.2049284860457625,6.043079759226946
25f39b71-b906-486a-a0df-f9678ff4d0b0,3.2824731187288134,9.822004905571706,10.66495462913392
25fce7cf-42fb-4cb3-be5c-834670c50134,6.118205590204072,17.761060215635947,18.54521063051922
2601f515-0348-46d0-bfc1-2bfdeb0219f0,2.008692725037485,4.493672299285776,5.340420156004882
2608ebdd-40ec-4c85-bded-c9ace251c0f3,4.2146418124219,10.355550053336362,10.68105235384202
26170326-ea75-450b-bba1-1d0e3198cf17,2.9393131537172086,5.57963165902173,6.576385554106329
2626d822-a6ac-4c1f-b5c8-254f4e7313d4,2.141128774904088,4.788402669607945,5.308467385618124
262842c2-ed5e-4a93-ad42-d243b4d9a101,2.202438535024656,4.514363093942441,5.472421994742665
26324904-20d6-4b39-a16e-50e5b02115b8,4.2106719112559325,9.999172456524022,10.6034125288885
26390ab0-bc95-4f73-b0e0-79a8b050da5e,1.986860416178701,5.173946095027174,5.944783870298235
263b8cbf-0e14-47b2-b9fc-145aca712ea4,2.686270431710469,7.032359498600228,7.959000091447176
263cde97-b1c3-49a0-80fd-3d8d104fc88a,2.852403345410826,4.861958231952783,5.817027659109707
263e24c7-4f4f-47e4-8790-bf0e193ec905,5.259722911894642,10.309486044728402,11.22801646162434
2640ec4c-7e42-465e-9f77-b6213a27f12a,1.9392763314841988,5.21196638402753,5.811473323380611
26475a21-bae5-47f0-9997-f64db0158f3d,4.768999080878337,18.97284916774499,19.95570972535281
264a2b35-905f-4a53-90ab-541c3a0cfddb,2.586465755439172,8.3080344234446,9.19973579368614
264e1f1a-d3b2-4341-91c6-874f29c7bb10,6.072753744496575,14.511065964056275,15.433963717262968
2652103a-304a-43ec-86da-f9b0e7d5f602,3.934373674441993,12.27444127886846,13.157271819135577
26587dec-f0ae-4840-9887-b20295bcbfcb,4.608946726133056,8.168753779754084,8.729801737545916
265b1d36-6eb0-45cc-b8be-8911ff7fc48e,2.9660284017529945,6.412166283260266,7.050083263608288
2664ddda-dd15-4f16-a488-22d6b71a0889,1.944062193526128,4.612543261631013,5.0402294639645655
26769fa3-1dc0-4118-8b93-77af2001b16e,5.156017071336719,15.97616861310195,16.76388481759478
26788675-1cb7-4bd3-9193-3b1275a1655e,5.9031874971240095,12.987765495955324,13.785502307709123
267ac036-ee4d-4c84-b526-fadbe24df366,3.9189477137850486,10.835853158555896,11.83577998714554
267d6e57-4587-4e0b-bdd9-4fcc5cf9668b,2.692981859874666,6.296604681215854,6.888959327362299
267e877c-a5bf-4b86-8940-31205e204707,1.999127748397649,4.291794768946711,4.951050944840684
2689c42d-e4c9-41ca-ad87-cfd5c48e028d,2.014056042569538,7.851042434424965,8.56893225389645
2694bb05-d92f-4f08-a9fd-fdc0e11e535d,1.8966847295395195,5.176259413538962,5.978707246584735
26975be9-d435-45d6-a7dd-a84b9dc96d17,2.047576711306884,5.420284336682853,6.130058458140761
26a0cce7-8388-4aa0-bf30-a3a6dc09c591,1.9866654763148823,5.660121657082064,6.540169676697685
26a28ab5-ee2c-4ec8-aa36-beb2537fa881,3.529387258490716,16.20107506904929,16.6088316212226
26a42792-719a-407d-aec5-534ecd51722a,1.9327915648838312,4.947348861046963,5.593969646634392
26b8676e-963c-4a22-9376-ee2534aa29e9,2.060071623573388,3.7480431461015216,4.552044487684029
26c0ecf7-a4a6-4b5e-b09c-d4a064d1765d,2.1772494009844934,7.20304424039532,8.126694952992175
26d2903c-d2f0-4731-9ed3-09de9f2f8f66,2.724480998910756,7.098319978582765,7.765542694977253
26d54dee-459f-405b-80d7-16097336660b,1.9936138617678083,4.100617154064723,4.546214158198842
26fc7ecc-4e4f-4f4d-840c-7e4e8aa6b27b,1.9352438317851024,4.1432293966568965,4.824680446281993
26fce2f6-6906-4b2e-abec-5cddb04d3398,8.852888290864508,26.71954306464908,27.15095759974734
270513b5-b1d6-4768-acf4-a18ef162c217,2.032688543003773,5.354953911628125,5.687216653042471
27085eac-5e51-467a-abb2-b8c1fb593855,3.2561526388288016,9.153132733961057,9.879331423637444
27087586-5db9-4be7-b717-1162bfa366c9,1.9433119053178185,4.417328766167408,5.133903015343024
271a467d-e268-4749-88cc-a43dd8ba6a18,2.6938400726441234,8.77205432779245,9.705077234401038
272095e5-6961-491f-8ce0-de8af990e4ec,2.5597285078116574,5.040512302890423,6.011164363304021
2738b72b-bf2e-4c87-8da4-d0b763811271,6.311337836755564,17.00129190276561,18.001291880753673
27391e0c-737b-46d3-98bf-4046cd8f0924,2.7937711255740982,9.955762865108712,10.812164004864773
27405852-170e-463e-adc1-9b9ab33a9bbe,2.018767938285998,5.41483822915675,6.381606174492061
2741ef88-bc1c-4f43-90d3-12845985dbf5,2.62539462366303,7.034911440662412,7.930597620532282
27510171-32a9-4715-bb68-2d2b4d44e2ce,2.333045315772929,3.9929816257206032,4.933371803467792
27519589-9329-4b6f-9935-0d56cbcd43da,6.048816070012482,10.233977798462222,10.680665373600837
27773ac7-9da8-4c15-9641-2cb5d408e93b,1.9492902904100935,4.7489185602919175,5.268056488162112
2781d63c-ea03-46d0-be33-e0fe86aa5423,1.9500954234999912,4.466684525375372,5.013110508061123
278968b3-1ad0-40eb-9b76-a2b227ec605b,1.9067447080268705,4.020038727947241,4.707834566980135
27901180-41b7-4049-9cee-ab99d17ab50f,1.9659435194893653,6.177154084603214,7.052201132523653
27ae7be1-bc36-40d1-a0fb-15da1667fbd7,4.261871804119716,9.06962362909962,10.069203668454524
27b0b6b3-4753-48fc-8cbc-158273dd118a,2.291401320551004,5.072044518790931,5.888473374383612
27b69c44-54eb-4bf8-b03e-e7f73c25d295,7.825291822156705,25.664305236018933,26.664153582893626
27bd2c52-9153-48ed-8a50-1855937d9c83,7.176845953744254,15.668830986795456,16.60854228008531
27bf038a-b519-4083-a1f7-9b80bc5c166d,2.2077688511164024,5.012130028008004,5.939636746877851
27bf531e-439e-44ac-8f34-4d8bc6fcfa59,3.815094988858005,10.297427374921485,11.29601221833367
27c1c190-7a6b-40f6-bf57-d8866933fa84,1.851410887399455,4.885864393894258,5.885863548326719
27c3a224-3828-4a36-8d3c-bb8a6d3c0ca9,2.9469899178946632,10.688721893551806,11.686482469844986
27c57a2b-f3aa-48e3-b5c9-286be21f3fda,2.5969639709985737,7.366673961348204,7.930094469490813
27e62974-5a8b-4ed2-9819-86f93a0cca77,5.4536007754776366,11.284656556513044,11.76147227559112
27ee286a-a9e3-4d4a-9223-82ad688e3080,2.703602613446485,10.662674498498596,11.538183435970874
27f4e40b-e929-4c3f-a05d-65e90c5899dc,2.0465205459511187,3.650177107322101,4.642291731672689
27f555d6-13e1-4280-bc6a-8d34e9d68c83,3.645363053265252,7.842292234936355,8.82264456727814
27fb2ff4-c82a-44b5-9357-5032c2de5428,2.144977088195346,3.938063774051622,4.474008449239121
27fcd6d3-3ccb-40d4-9910-2856644c4476,2.397059385158988,7.492368451018499,8.4917025650525
2807050f-8d28-4495-aafc-700d64645381,1.897078514020936,4.289907585529077,4.963912632706116
2816926e-7672-4103-a7dd-b2d83f67c3dd,2.8525246878749466,5.239418779797775,6.237602480703846
281ee963-6458-4be2-a10a-e36aede4b167,2.901575181875842,6.678087720658215,7.54171813602589
281faa1f-22ad-46cd-9a08-9f0b35a4c755,3.392796859775048,15.665286954740775,16.610703490761015
2823caf2-e200-4d9e-b411-26cf582da0ad,2.2721745273331617,4.480237328472028,5.347519282032099
2828fd92-3dae-45ed-b1b3-bf6862355443,2.54409756747826,7.934315328670082,8.898024870086356
2836df2b-ad14-4a1d-ad6a-18490840e26b,2.164105947464779,3.833227834521441,4.803162351804087
28395661-98f0-47cf-993e-ac532cb8bad7,2.4641689720957105,8.15000610464632,9.0363679746307
284185dd-3ad4-4244-a103-6acbb36b0621,1.9435242473420904,6.652610285788013,7.535270415289605
2845d927-e25e-474c-9503-03115766757c,2.2709388415194143,5.071072644734928,5.86907188977831
2848bb7c-3f85-4f2f-9ac1-d718002c7877,1.761220630451324,4.362310845164325,4.995950778788278
285e94e0-c8e1-4f7c-89f9-915d521b9fe4,1.879904795210712,6.669228653186469,7.616931424089147
288265c9-6e49-4b4a-81c3-3ec41beaf899,2.3723866823062574,7.544953362172834,8.54495336205023
28859bdf-7aa1-4b87-ba23-8436689df3e7,2.719534402476921,4.45055623167116,5.410473316808396
288c4d28-3a73-4f91-a03f-c2b4399772a1,3.091435585678857,5.471360337920694,5.980068106721467
288c7603-672b-419e-b0aa-391dfca15b52,1.9080746185360444,5.681268209806378,6.103488271957338
288f3ce0-3689-4b80-bb56-51ae93d430a7,6.966815091046951,20.733825933288607,21.7338256871461
289251ca-c66a-4e3b-872a-c2d6caaa4607,2.649804272269178,5.140407602477307,5.638304212830401
28be43b4-8264-43ff-b0fa-ae901b1f376a,2.084584811984145,5.948072739200784,6.803458140435488
28cc7e5f-51f1-4146-b7e5-51b701809192,2.385122385596909,6.066452222204605,6.954657013570903
28cdd200-99b4-49ed-8a42-edbfb46810b7,2.5161031699911462,7.574424343043704,8.262014092086698
28d0418a-8648-4e0b-9139-2ea17813e75c,2.4210250470675394,4.443786375358603,5.426134738509737
28d5c259-cb17-48e0-b4fe-ac6374b21f58,2.2007739477695814,4.187829313456992,4.730095042283493
28eb32ea-c75f-4a91-9136-f9326ca56231,3.372524786346839,6.40671775831066,7.406657177697636
29029dcc-b377-4d62-83b5-9f778dbd5f21,3.678898475082101,5.498661090591984,6.251512867024213
2907cd81-1746-49fc-aeff-1e08ba2e2364,3.887828505187852,11.038099579748131,11.98637598452674
2909a35a-60a2-4d1b-8799-b939bc18aba7,3.65151003940846,13.502089749301357,13.863514814316453
2912511a-f358-4a21-a163-0aefec3fab33,4.179047631742852,15.887187297491282,16.43844733816108
291ea5ec-bbe5-4010-8db1-112076a0cc4c,2.6102845488748327,6.222932197756276,6.931318065904732
29275316-92b1-4d90-8247-051c655cc1d6,1.7585470093386324,3.9101134211324258,4.483331211995188
293bd4ca-bd7b-4003-b00a-3f4e76d25d14,2.3478020743258674,7.12953238714129,7.933596385435877
295ce930-3a83-4576-b495-139c53a498af,2.3825392955467746,5.79274329772502,6.448309333476344
29839815-6bb5-480f-942b-ecaa2faddf20,2.4310064067250137,5.813718832845388,6.5719565263109
299fde74-3064-4753-9afc-e9f88c0131be,2.5222870536153894,7.791686921921741,8.728199582540633
29adfb1e-040c-443e-a8f0-9a5ac2ff1d5d,3.067860711019971,6.630717239498139,7.291397716881684
29c38679-c17e-4830-b08b-4a3814c1a246,2.1366854883302007,3.862600854246046,4.862458999750524
29c70efa-1faa-42be-b1b5-2b6f392e8fa1,3.5211880577798595,6.639339814280535,7.628607444552563
29fb9cc8-4ff8-428f-b7ea-370008f4a400,2.597937301084554,7.125519019228466,7.888297541501565
2a041c3a-9716-472d-a1a2-0f4bf88fc663,2.997541819403614,11.932465687185475,12.23837661934119
2a117347-83c4-4ee9-8418-a0e6f3c4c2f8,2.763208931690279,4.9971894312963485,5.829123258776567
2a188d6e-298f-4ea3-8dac-1699107060be,2.5574094120509048,7.904119184426474,8.792437219491768
2a1f59d0-2ec4-402a-872b-e372eb3e7020,4.347826173430192,12.461683352115347,13.336473962613413
2a2aef63-c033-48f0-a9c8-f7af944e9b5c,2.5511349218871118,7.780676128558472,8.726305109468315
2a2c56d8-f8a8-489c-a5fa-cb05bf1996d7,7.1271561713280365,21.22965897247531,22.03783761810246
2a329268-3b9e-4ad9-b965-095e6d67cd7d,3.791921442725727,7.94523463810432,8.945234077102382
2a4430e3-1847-4a9f-bf2c-c221ae5d8f10,3.5720874021726265,5.433610948928716,5.84444270174345
2a4491e4-17f2-495b-a182-c16e10c7372f,2.202767568851858,4.438641460134068,4.958867263129932
2a44a21b-6203-4f11-96c3-688160759ad4,2.1155731427754687,4.243088224439366,5.243088224425812
2a47f0cb-b5bb-47d0-add3-b711f29eab07,3.092749270426405,6.558480767758161,7.24296308134808
2a4ffe5f-1889-4439-92f5-e1e948430c2f,2.4812534189355224,6.845029062482096,7.81152752125292
2a81c574-ef87-4a88-aa9e-1abaa2084b10,2.4123803078424646,5.019428752848696,5.6314318755333606
2a9d5a36-d409-4fa7-bb40-5ad6223e3792,2.7079280738180183,8.184080602182254,9.085419546007529
2aa9e4b0-f9b1-4bbb-8d03-aa4e9c01dd49,2.845814759146001,4.068385519027679,4.568305941861788
2aab65e5-8995-4512-86ef-fdac79460c5b,1.736934927662526,4.586321936635345,5.113482544242865
2ab76476-7fd7-4ae3-9e20-ec80c8a7c425,2.205091631648787,5.084325265862573,5.6718927192875
2acd0f25-c58f-45dd-be02-8e93b8e52743,2.6765538738013723,4.10816638149727,4.8369660804386925
2acfcf84-9189-4b7d-a05b-8bd2f74f604f,2.073306779735419,6.021519328741587,7.021475683729872
2ad10938-97ab-49e2-bb7f-30fe10e8a935,2.1445956834794315,5.263687369217045,5.863619712330615
2af3f24c-0ea6-4539-bf42-fca81ceed63b,6.881368808423362,19.9944298432228,20.994397622352807
2af4dd5f-7e64-49db-b992-f947da172984,2.070035617171846,4.564438137795807,5.387645923817355
2af79173-7992-4e4f-997c-22543b646b8b,2.4684317656168795,3.971760200254324,4.623987574914978
2b03beda-6c91-4016-8f17-6927d0c7eb3d,2.3092310207695497,7.024408378222756,7.975875336320613
2b31a637-f754-498a-b334-931ba0f4ffd2,2.1282312091419198,3.984089000620416,4.778330709091356
2b3f6cdc-7f00-462c-a4fc-ddaa1090823f,5.871826619291948,15.26157979537686,16.191509158357196
2b417910-86ee-4842-ae57-4ca7da42f4eb,3.771537970450197,8.21611722075356,8.965369332380497
2b44c185-1950-41b0-9cc2-c2468c3b98c0,1.7891929393920851,3.89619484004983,4.896103352437007
2b4e1888-50cd-4696-86f2-b4e4077460aa,3.307647951601507,4.525413458717777,5.239290835463814
2b4fa097-0786-4a91-b7fa-f1c8436761ca,3.7027824576339152,12.424107086235733,13.28254903594335
2b5a9ec6-bb63-410f-9ec2-3fc7ab9c5757,2.27511468582369,7.843990913828541,8.335148527088604
2b638688-236a-4fa8-8838-18d5d6f706be,2.8228149381327725,6.469195942789651,7.320686967973357
2b730fd1-aa67-4cb5-a6c6-9a14272e8056,1.870802911872668,5.050582613572456,5.504847161467813
2b774899-cba3-4e79-b147-4267a2004d30,3.631105980343595,9.037824550558796,9.819764362257205
2b78b793-e610-47f0-ac67-380d78fda6e3,2.1982512459069508,4.289519883781253,4.902077373643271
2b7e0edd-748d-498c-9b17-2fc215c8186c,5.101854149238123,13.055071421608025,14.023105894820242
2b880c78-f0ad-4153-b4b0-d2867cae1e29,1.807546537413903,4.922351900866326,5.367023508606248
2b8c34fe-4977-425a-b036-f249c254fce7,3.403449626418485,9.558868167747033,10.35748742409494
2b9ac2c0-d286-4d72-83ad-bcd2eb4fbc55,4.887237165213596,11.90766332661751,12.546905820922682
2ba088cb-8096-401d-b64e-e5c1afc4fd24,4.997058876299945,14.467558286657534,15.46590404797912
2bac2920-e5d4-4457-93f9-cce6e33eedab,2.939821287118461,10.438424653541974,11.401663693282792
2bb3e489-6250-435c-aac6-7037b70af0cf,2.6201371694963256,5.0146198572587215,5.445445670646795
2bea14ee-33a5-4977-9c4e-9c48853c79b1,4.0867994630659705,9.087207159013149,9.959303462250883
2bf6958b-90ee-494f-a4b3-5deddc771a53,2.513553896735408,6.346239257220287,7.346237740968839
2bfd2011-be08-465b-8d95-ded9cd224308,4.107236370666916,15.474763608404231,16.07508229890145
2c0c6d78-9ccb-4f80-be1c-76c647a22a4c,2.093816081419112,5.953454406267413,6.924821884623169
2c269533-746f-480a-bf56-c612bedebf2a,4.634717413260161,14.969323584558964,15.969268607164915
2c3afb2a-2ad6-4ce2-b62f-cff2161c9bb3,2.3820154014805746,4.853740588900167,5.071304805300363
2c48e031-d6d4-44b5-808a-4855def3075a,6.039951277625092,17.735080113794442,18.640630790155885
2c54469e-ecee-4078-bde2-06692f157487,1.8116656284918675,4.036264558577901,4.922559879240682
2c6c5a7c-0cbd-4e7c-947b-d745eb16bfc9,2.789725210405614,5.187319156937533,5.684760214513337
2c73c09e-3e24-4443-952d-42bb1d1cbf04,1.8257724072641637,5.1939421741570095,6.007970882681714
2c7af266-aa33-426a-80b1-2f067005a7e8,6.692801868574977,14.403421048658323,15.104854808410249
2c8016cb-d74e-43e2-a778-daf5bb4a727c,4.188902799149535,12.23530169012274,13.232347351287803
2c935c28-6021-441a-bebd-d865a66d539f,2.671304264864288,6.445212057190068,7.00602571195004
2c98a698-5c9a-448d-96e5-683729f9b370,2.592402171195938,9.723544631026476,10.300937288314556
2c9d1c43-ff1b-48b0-942a-5090979405d6,3.252384651301576,10.319570900122663,10.91451390493248
2ca280f9-922c-4e00-b178-c57e46498e80,3.524756523596261,14.798941396667267,15.594854571779726
2ca97325-f78b-4e8e-bb17-414500060087,12.68119140155565,37.01922414727375,37.6468603037624
2cb2735d-05d1-4ce5-b48b-f57e3e76efb0,2.731843936886832,6.343614536470067,7.06408936129306
2cb6fd8d-0fd6-4cc0-9a3e-a4dd69a33148,1.7946580552164224,3.665577675855784,4.430622711137862
2cbb00d3-08b6-4ed0-a36a-11f490b7b3f1,4.198377106113285,13.760028093795311,14.75964046090345
2cc4b218-bf62-473e-a934-309742ba4ac5,3.4472744947229117,6.312602851849966,6.982504244058655
2cc81ddc-0b27-4ab0-9885-3f101bfd5cec,3.5141725698775264,4.98235441611055,5.686701035548486
2ce0ab52-7803-47e6-b659-fd3f51e97ff1,5.30290688066483,14.295413747086265,15.17155803026811
2ce37cc7-52db-46a9-a14c-9053b90be474,1.7824649419202314,5.250090310079939,5.956276264394516
2ce78a35-74f5-4dc1-b568-b5833df8722c,2.743264247546193,6.3891951556795545,7.139502192687435
2cf62ed4-0a06-4736-af7b-3cf722fa6d1f,1.732856853848918,6.569353395501331,7.45106547224867
2cf82a83-2c6c-439f-9a10-f9d17a67f5d0,3.4197165161201712,8.332652329910527,9.150605009796587
2d0e62ab-0598-4592-9dd4-1011fe5a7834,2.1097281164463406,4.406063535635511,5.217424001526392
2d0e7f3a-990e-4863-8288-f73b97ca2b3f,2.9285801328449192,5.537444944975857,6.179524669084999
2d1828c5-173e-41ba-81a3-1185fe1fb319,2.776896142572157,3.873676047112864,4.873676047090517
2d2e7b31-f8a9-4b25-b5e8-b766a61c52e8,1.9752522146588327,3.780506634935519,4.552344094150822
2d320b82-1bb8-4cdb-9df9-19be43259dc8,2.329998338675114,6.152564639567727,6.800696759566337
2d447e39-ace5-4d73-b2e3-3e2d3ccc88a1,2.7242295997741404,7.132936986649892,7.694714778993633
2d4dc706-d443-4d11-8fa6-456f1ce46078,3.01464117488934,6.624151390150106,7.588797095207643
2d4e231f-f9fc-4f1a-9824-c6d99c1762c6,2.4773639803877603,4.287564781576605,4.804735782543911
2d51d01a-0924-45e8-8649-6e5c1a5ae10f,4.575569568035101,14.630143700878142,15.364397440947636
2d6d5981-db56-4c57-b26c-e9fb8004b07f,2.175105162083411,6.922040279477223,7.7795661637447395
2d74b92b-9767-407d-9b6f-a54d6ce64f87,1.8596123375243288,5.704801803355301,6.5809359745937845
2d79dbdb-e589-48c1-b4ed-a7d718568700,1.9204488436793288,4.014128980619504,4.746887592759303
2d7a0e22-5f8a-4b61-b277-2f33286333d6,2.571245758035506,5.3052074198971,6.160542831179417
2d7a2746-65d3-4cd3-8e1f-ad5c726ef8fe,8.373984535001863,25.998785113857203,26.91965073835711
2d800921-4436-41ba-b74d-48dc25edba50,2.7407745669489785,6.268332569143332,7.0684467999841525
2d837093-d3aa-4f38-8cd5-e2ea6922dd7e,2.60480392914947,4.080698329524351,4.797801971599894
2d8bb1e9-5c79-4696-8e81-d09353765af3,3.453209466097823,3.9831397935624784,4.428801151968061
2d9700ef-49c7-40d9-a5c5-27d73a7553f8,6.478285297048802,18.1612032350372,19.16119797385534
2d9bafa0-fb0f-42ae-b08b-d3fdb94440c2,1.9853998720046384,6.028442919408164,6.952614786724834
2da779ca-ee32-4281-8419-d965272831bc,1.9420836562949744,4.7950929275778735,5.699776231361803
2db5a1fa-5da8-4706-b495-a429358a5a79,2.050861765911942,5.085582499991779,5.674986054626928
2db6174f-3986-4590-85a5-b8a6aac23314,1.8931711157260973,4.982731740191647,5.681332594751145
2dc2439d-0e5d-479e-bbc6-615cdb09f1b5,2.3283479665833657,6.951134101247418,7.399536506736813
2dc6553c-2c52-4e13-a057-8da4a255d1e2,1.7650190356768147,4.441717237558982,4.925788688453119
2dd222a7-ce90-4bc5-9c65-5ddcba64292e,1.7551748912314005,6.330438857879403,7.330270481031361
2de87337-be69-4cb5-b159-8a62ddea1a94,2.0823819024994474,3.974361173499511,4.705937425353828
2dee5e85-89a0-4511-9fef-bdfb7592864e,1.9793074146392629,4.156128791308996,4.701962897683289
2df5c98f-4165-4543-b27e-ae65bea8b83d,3.429796935947881,8.733366779726758,9.531582946062866
2e01ec01-2aa3-494f-a389-d1aff31f3baf,2.9636820417581524,5.08291277925468,6.004727136549687
2e0e61d5-b17c-4536-8800-bb2432bbe584,2.138447403224496,3.655709550025589,4.599562731227088
2e12c38b-ce9b-44d5-8ec2-652ad37df1fe,1.872462484730964,4.8945802497717175,5.861328937476163
2e18a7ea-0152-49cb-9bf2-941032f8545c,6.358685707374353,14.739452100921593,15.739451766783825
2e5a31a6-1950-4679-922b-9bca6caf0005,2.639397947285547,8.140364999944506,8.721875843031562
2e5caa69-88d2-4d50-9cfb-e2f6e0f527b6,1.805847717238936,6.378260313731412,7.305724419327067
2e747937-25e3-4e90-ba39-f75a72697f34,3.3260125715799376,8.99238268179856,9.773383246183863
2e8b99a9-98d0-4ffe-b0c8-1f08c5243f02,5.225952540423893,16.245008349554592,17.240617386376687
2e8de9d2-4550-40f6-8e10-c9432238a145,3.3535216341015115,7.022875990721001,8.017993410165099
2e8fd03d-061a-4a5d-bd9d-0e603f464168,2.125069761602891,6.571020390533076,7.29824410025191
2e965345-3fef-46b7-addb-ede7f2c48f48,2.693198330305381,9.912838838818637,10.336203097130047
2e9ec14f-3909-4050-aba2-d735c01938a6,2.048193661256728,5.828018555927669,6.43675420665829
2ea74a82-1021-4c96-bd6d-c18fdb2a20a1,1.9219148793695289,5.538159609591282,6.345239363889391
2ebc3bab-6a46-401c-a6c8-fe988d594ec9,2.0350194639316546,6.502566405082852,7.446351276310926
2ec01c1c-d00b-4ddf-a24b-e1e3e1cb5542,2.112425389866872,5.188072792094174,5.932634206790678
2ec60f04-e5d9-4161-9283-0fe2f2fff73f,2.342781469867528,8.078146680669619,9.036269538570249
2ee3ad0f-cb63-4330-85c7-dbbc116716d2,1.7373147427635822,5.391603262896553,6.332229495379232
2ee49459-93b1-41ae-8040-2a667d7958e5,1.8477419909701096,5.817895317984634,6.625370831541373
2f2e60f1-f23c-465e-a78c-f0dcba72f7fa,2.82192693539358,8.081925998707472,9.081260685404946
2f323060-2c8d-4114-9ce5-d154ec11f639,1.853552951972991,4.906161720558163,5.906141923102986
2f354428-c83c-4bfb-acb0-97abc8acd870,3.8353417911143937,15.990203989550146,16.72645796819627
2f44c7da-6cca-47b6-b0e2-827777eb7ab3,3.233527146890037,6.192768748584059,7.141438362400426
2f4615e5-acc7-437e-bd71-c90cf03ac9d1,1.9220514584326336,6.214667347032963,6.9936858609518415
2f4b9c1e-27e4-4cc4-8f7b-03ace68c5181,4.88341177450907,13.47008530510286,14.208329895546262
2f60ded3-5c53-4acf-9274-d955d9f4a275,2.253068569949191,6.49984841403498,7.168178108393668
2f83558b-f222-464e-a8dd-83f8ba1c8da2,2.162642003663328,7.477952888884298,8.145065980223595
2f934c46-5e48-4bea-a1ff-1c5d4d8b2956,2.0326526015368422,8.304965862658284,9.059206636744817
2f9bb897-c7d5-4b0f-b862-11b5861750a7,1.781091855372858,4.496650504564131,5.271200754428915
2fa308e9-cfb3-4700-b582-71b64b4ae720,1.9059204980450637,4.838396897823629,5.386300800556685
2fbb1814-6cfb-4b52-a81b-d355def9ae18,2.9725550195498256,5.639204846378634,6.033487725743075
2fbf1919-8e48-4489-81f6-d870ed89a56b,2.257211900127833,3.866987846234331,4.628072557136946
2fbffae4-5c1c-4392-99eb-8392f78b46a7,2.655406929312503,9.78366138999228,10.140134381060836
300204f8-4576-49b2-af67-cdf3ed40b5a5,2.6535727262566047,7.873724105396632,8.833288283485018
300750a5-e310-46d4-868a-9f25a9b621dd,2.3524163074956417,7.0681540049222935,8.061479692048106
3007c595-c483-4497-9b59-06ccf682bbe5,2.834120325571375,6.0413752887395,6.725667628437011
300d996d-554d-4922-ba74-c93867968ca8,3.2467920628307443,6.099747989649324,6.894876397840717
30152174-0818-4c84-a07a-887abcb39040,1.749584950198907,5.817565293956288,6.803538723327789
3020349b-933e-481d-980b-bddba99e9f60,2.883562164227329,8.149433720077871,8.829179077738232
30239ae4-b301-4718-b49c-96ff4370ca7d,1.7630097859781249,4.101634029926148,4.9414737339377295
3029931b-c54d-4eae-855c-157b3faa7951,1.827553326305885,5.810891017805534,6.59753705103329
302a93a7-f836-410a-8eef-45f490482a30,2.2262213691718675,5.350830556496216,5.673210253087404
302cff31-2812-4daa-992e-8680329a2a41,6.730379167130801,22.35472445005129,23.210539702752385
302e2f6d-036b-4509-a3cf-18eb88e99809,2.143290607844585,4.919582230292217,5.779557258183602
3049b1f1-17f6-4be4-8097-4cd2565ecdf0,2.6167614164921584,7.446853874064523,8.206809218111127
304d6891-41b0-4f02-81aa-4cc3185f3577,2.6528748681005707,8.042953363149218,8.854570473894295
30609d20-e9f7-4c69-af0d-7bb4d926a9a4,1.7328718106475869,4.61649879150719,5.450629894604542
30840348-582b-45b2-afc5-685181c79b6c,2.4953737796266395,4.610254518228958,5.207439899942823
3087984b-ccb2-4f91-ba39-d5c889ede694,5.424643492034504,19.536634300117942,19.831338196986653
308b3695-1b77-4fa1-9a63-dc5de7433cfb,2.1479641407824777,3.746716523221656,4.463226939694624
30901201-4ba2-41dc-970a-1da2df28fda8,4.792823890732634,11.25248484451824,12.207319439257814
30a42603-b003-43a5-99b2-f529d617ff91,2.421517788123369,5.097033993197117,5.754178753180518
30a4447c-340e-4190-a592-71f814f59934,1.7528369786766675,5.313679944161212,5.852626584264341
30abdcde-e07b-4f4a-ba3f-3691fbf37922,2.861990394267317,7.021042631495363,8.020642764193324
30d45928-f0de-4846-abb5-e4924983cd25,1.7306154565110847,4.716850470165539,5.439048966433894
30d6945c-5193-47ee-8939-79b7169a0a2a,2.173506339634568,4.726196641000092,5.335278489781496
30e574ba-f920-4036-8547-1ba039129836,2.2077842494380078,3.891049567269421,4.688981181313786
30f5dfd1-2ec1-4d81-9d4b-6fe85f4e74ae,2.056194121456203,3.756191139422104,4.593484264106906
310aef8e-8342-4361-b833-a2e294e0a17c,2.274234953438805,7.503594391320302,7.976918630209797
311462de-2901-482f-a8a0-680b4c9c98e7,3.1678826611203186,8.588377696068848,9.469985696884514
31226ddd-4426-4eb5-8e31-03d3e3d67239,1.7551839266988294,4.000623078323867,4.797363157134605
3124d21e-c175-4781-9d43-b49cb45ced11,2.3232112407801417,9.594413495150286,10.594413439001588
314affa6-2bb7-4fc1-9999-cf234774fa14,2.259129556512046,5.88327608916257,6.882967896745443
315127b2-b9f0-42e2-8306-187fde556391,4.765957296772626,4.8744455011312136,5.806590380006689
31608131-5b39-42e0-b897-4e6a7bab651d,2.6375731678481182,5.171692032362021,5.91609880778026
31737cc2-796b-449d-b342-d1864dbaa2da,1.939255374169263,5.878784307242355,6.867314493890243
31785846-2643-491a-a9cb-bdc0c88835a0,5.307406252513919,12.679025046357747,13.679025046287364
31823f78-4067-4fe0-b422-0d9ea894a71a,1.9946753835069395,4.948643031691373,5.946736156927328
31a2262e-9d00-4c57-a8b5-7fa9fd6eb423,2.09542226472236,6.910406661127405,7.9100690636200355
31bc20d2-9f9f-4882-baa4-1b86e9f121c8,2.913253164522888,8.525964941536799,9.4942887679745
31bd4058-03f7-4e91-8b91-09a1dfe7e711,2.287763948343001,3.803381549578604,4.452028062185446
31d263cd-eccd-4352-9620-04db71bfbe9d,1.9352538914342587,5.266435331140719,5.974850838914276
31d5552e-6ba3-4d5d-a03d-24dcba3d0028,3.964786429277988,7.316894194304399,8.272236203356107
31d5a0d3-1936-47aa-86ea-1867ba6d4d21,2.505947652262378,4.457099896891431,5.380678172116411
31d684ed-8ec4-4008-9b43-95cb753d3b0d,2.101430326011711,7.331459603814846,7.711286759036303
31e7a352-c63e-4940-9a54-db036c29431a,2.110074101820183,6.921336266697211,7.74269615750351
31f22254-3d7d-43d7-9150-dbe80d3d0ea5,3.365156116020701,6.84574621364036,7.720145525582016
31f43e31-fb14-42d9-9bca-d8e027929964,1.8558677924751288,4.1071551903786725,4.698255074691289
31fef7d2-e2b8-4f13-9a94-51c595b187c8,2.019722784136409,5.883813854396471,6.883701610976889
320cefa2-049f-435a-a501-a025f501816e,2.000011883531171,4.134010471035517,4.976320207643917
320f1050-42d2-4b83-aa40-5cbc13aa39ea,1.8699646778560064,5.376667053964256,6.167260367654083
32137412-f899-4482-b678-9c449d9f4e52,4.12790770932811,12.18478355720616,12.623264569271988
3224da6b-072e-4e68-82f9-0655423a5656,2.1621639423890238,4.43778980072686,5.399497214525876
322af011-357d-4e8a-9430-70402e88dd85,2.2687446613572337,7.69991119045569,8.380213141655593
32326ec4-1e24-4a2b-bb6e-f9f08779283c,2.934269079038677,7.130164061890616,8.074738320482398
3238b4cc-e639-4ff4-ad79-cc68aa94392b,2.599830896619045,9.39432688822314,10.18368332275041
323efd39-9623-40bb-bbff-7687934f4afb,1.7446344802688885,5.6355254782389865,6.465847553457468
324100a2-853d-43ea-8ba3-274a3a6c984e,3.942247578575072,13.676501527267124,14.48869364048773
32425e20-33f7-4fba-a49f-9f0930542179,2.531280656214712,7.80801337729052,8.660488811280462
32627f12-5604-4165-9f69-c02ad624205c,1.7368954547827369,4.142814733263823,4.953582098058205
32693d0d-3754-45dc-a29c-63536af98ca3,4.8266487593936525,15.223231143923586,16.184325117024652
327f0785-177c-42a7-94fd-e878679610c5,2.3763967471367557,6.95633499167797,7.876142550915866
328111a0-3c7a-4316-84fa-f96448b656ca,2.064949278618809,4.344669425896797,5.316003324084974
3283622b-b672-427c-b710-9d6c4d02a511,2.4322974340655468,4.825183488229857,5.322827494421935
328484b1-973e-41f9-b124-59e0ca1c4f11,2.710667703064187,8.241871163210785,8.987059345297977
3289821d-6346-43c7-a897-d6a78de37724,2.79720350760197,5.945214155926792,6.47236235090861
3295936e-3dfa-4a6b-91db-0c173f90a288,2.433542300116186,5.331701850024306,5.99975800987982
32a0230a-fcd1-44fe-9fcc-6befa6f097cf,2.229903099540924,6.306685575789914,6.968067109940979
32adea04-86f6-45bf-8c2a-073fe943d503,2.900402016960981,4.569363747749463,5.250932098262809
32b09dd9-8287-4377-8d56-920d9fd3f35d,3.6141009577872327,7.3286326714771794,8.328294922463671
32c9ae1f-c8f2-4f72-b5c8-fdb268fae596,3.990032953695604,11.03530124249304,12.03529404983583
32d1e2ff-77a5-46b0-92d7-b519e9a2276b,2.6774292720544897,6.715306047112454,7.644342317239261
32d60be0-aa89-45b4-b825-afb6326c5d8c,1.88336338231008,6.986660387736502,7.398247745118817
32d823a1-ba1a-4b44-b37d-a3c218226b7b,6.040891439405322,6.680227059805941,7.680104960580951
32d981bd-0361-4670-87a9-3ca832b9523f,2.5634899828253337,4.177690712035963,5.08445864326971
32f0aa8c-2e78-4bd1-936b-d4b47d772f98,1.7892981469644442,4.567879927317462,5.567545870832425
32f48f53-fdd8-414a-932f-6361221c6ee6,7.505748484149135,21.222021250782333,22.014166700525408
32f6cb8a-09e5-4d4d-a9e4-05839b95d40b,2.213287892312648,4.434454026054405,5.407203878454288
32ffa41e-b415-43d1-98ab-072ab32a7903,4.264157254182844,12.70675496158938,13.695508774305992
330f9cd1-9302-44d0-9150-04d853f52c2c,5.517687559619159,10.865610921679474,11.382473822969157
331263bb-50a7-4de8-b23e-02b3076b2b49,2.1722937126302706,6.385165101826341,7.384660265900799
333015ea-03ee-4135-b40d-7f71bc8b5793,3.81819661488576,10.439991093205812,11.341236047608534
3349ef87-0f1e-45d2-8a70-3a3119647c9e,1.9190639606763256,3.681966163964712,4.600405327513722
3352d21a-b7ea-44f5-a19f-e46208b4054a,1.7304347329457863,5.857139208068461,6.667043456708862
335be761-e848-4226-83fd-9e43ee4f149c,1.897513991012616,4.199161101298916,5.061694398045603
335cde84-26c6-4631-87e9-4ae71d7f3b3c,2.5363227246431204,6.330570323262667,7.030135813466426
336cdd31-8c8e-4ba6-814c-ba6ba963d378,5.433873103072851,18.50090572676221,19.140294445371904
337e5601-2a9d-4ba9-979d-2c2a65dfc328,1.7448743951219243,5.276960611982545,6.250759397239545
3381c6b0-63bb-4480-bf04-84dbe820dec6,9.458520445198609,20.71343268899086,21.279392073827594
33acec30-a12a-4d7a-8058-9f00a8dbcb81,4.592541752738843,13.244334704556437,14.24432097814198
33b171f9-ca30-4e49-a756-d68cca36d62c,2.0893385806766243,8.0634734212908,8.903661188320497
33b70161-4f40-4a8c-aab2-4c544199bc93,2.231317016499367,8.283730973167351,9.034664294138858
33cdc0fc-5a6a-498d-98e6-2b86744b07b5,1.7308606319151951,3.720855379489016,4.464621727947023
33d5523f-5fe1-48af-8614-7245e8a8545c,2.980479918801572,4.736876316891463,5.615174758469811
33e197cc-46f0-426e-b532-1e5cbc2bb4fd,2.0633790322883336,4.667605410369041,5.1221771511001
33e5e805-a039-4a14-a7fb-ea33aa770603,5.810649864500463,14.47743839065306,15.424594968079848
33e838a7-1a44-4bb9-96ea-c40356555260,3.333768195890457,8.31849863228741,9.31843777601155
33ec112d-fcdd-4727-b96a-aa9eeedf3a5e,2.763291192606416,7.675965592729913,8.576816277461745
33fac0cd-0d81-47ca-a263-b35531228e08,3.009218972614534,9.956604198854158,10.955308103313111
34072d9b-edbd-41c2-8085-4fee920f6888,2.9548020409222184,5.853693011075114,6.362631308967987
3408675c-33bf-43fa-91bc-4e2c0c28331f,4.872961072751895,8.77853402715716,9.186842600347852
340daa60-1d49-4365-a148-26cddd2ae4b0,2.545339046180552,5.945715001669457,6.839196626055105
34108322-9d2a-4229-bbea-40e88c56b562,2.034181511441647,7.078122148029776,8.078113983142835
341d651d-37b7-4b25-adba-b440ae4eac77,2.008799754985834,4.292013209655205,4.8887648909343255
341ddd49-996c-4565-a9ca-c725ee7be3f1,1.931991773489666,3.834760718373488,4.831182248100588
3431d849-fae5-4ea7-bcf5-2c7ffcd7ea2b,1.9876828719306563,4.052357406173171,5.048982513362993
343919f6-337e-4bab-bfe3-281a6782f3fb,2.6569321389688683,5.379027901057163,5.87979831502383
3458c0a6-d6ed-42e5-b99a-07751aff81b0,2.282642030858298,4.254004181927977,5.115122295947891
34594c64-255f-456c-826d-58aef3d8e677,3.082468774542978,5.377983066813267,6.35589915137393
3460427c-dde5-4e84-9383-86e04d8f1c34,1.8635703069632847,5.107066972123404,5.755682572013886
346f2ac6-b53c-4c6e-b2de-7d2edea6c323,1.897844952593372,4.52607588567058,5.2396854526286
34796b1d-4e26-4cc6-be78-f1994a789a3f,2.082170320346884,3.8014941880109694,4.7494446624140245
3491d2d9-152b-4fc5-a98a-57cc8f1ed2ae,3.575931714274539,9.968437227007724,10.427756908877836
349e79dc-c32b-4909-9a17-0e4f48a1a74c,1.8163174416560404,4.651305338038336,5.651305205948666
34a1987f-d65b-4989-9014-3248201abe95,5.013235370025912,15.965429939247624,16.65237680543253
34a65d7a-a74a-40c0-bbdb-79ad3b9e6dd4,1.9554449778997,4.777836630060036,5.657821197651408
34c3cd7b-9003-4f93-917e-84dd9014db9f,1.8738433998747148,7.559839734598066,8.503671635778993
34c5f8fc-0169-439c-824a-66e15c89648f,3.3569467763074248,9.417133016740571,10.39013157480094
34db2c0a-a5e6-452b-941a-2334e23bcc75,2.351743616125618,4.077263545134483,4.662848440473455
34ea1800-9280-459f-9570-9da20fee7b26,2.141805603266181,6.902128881991035,7.838883596036852
34ea9e8e-52af-4b81-a2c4-f25cb31e2074,2.431459300317456,8.80074134959752,9.710714281493878
34eb87bc-1190-4ece-87ac-c2ebb907e4c7,4.927104501044983,15.189925795387175,16.189654578085094
351d21a4-8710-4eac-94f2-bf096e6163c9,4.486797927890157,14.64228314434348,15.542736817315191
35244a9c-4328-49fc-8ead-e43927168dfa,1.8392391006821447,5.525400568909849,6.303263777068823
352fd51f-dbf5-453e-9efa-a290417e543d,4.081009003023103,16.625488115843673,17.46282444489567
35400fc2-af1f-47f5-89a1-37ceb6b9397d,2.954193074864143,12.272165734743462,13.129886009413683
355cedff-9561-4bae-95c6-e8b6191aacc9,1.827978701029724,3.836457630093081,4.499607206578186
3571a9de-8fcf-45f2-b789-fb3010b55293,4.363180476908847,9.59635609221031,10.521514893229984
357d2668-8918-4d9a-9440-e9aea4252fa5,1.9264500675266008,3.918277797204721,4.449605190521377
3582f44c-01cf-4c97-bbfe-e6c81e7f739b,1.817504252798956,6.288477312222068,6.73312154355292
358b72d3-0262-4f0b-8a95-fb43a643fc92,2.084354612697509,4.754879686419973,5.211956177636239
3594db8b-ff36-4eb2-a5c1-7453dc345324,2.05214017429327,3.999771874659552,4.999771874021218
359691df-42b9-4124-8cb2-342431a18788,6.105725441942539,14.553450525261333,15.425311851425176
359efadb-548b-46e7-9d2f-806a7791e8e8,3.095214758686384,6.5390868725296345,7.532469774044576
359fd16e-b3a3-473b-9156-f84ed2c83ff5,1.8357271226665048,4.931608148343742,5.744718675937067
35b5652e-b80e-40ad-be35-cc4e82495106,2.5818551979058584,4.408760433323134,5.040388012882541
35b92daf-a701-43b7-b3ec-19da11c214e3,2.626491851002019,6.595707858568339,7.563228934365046
35c22914-d1c6-4768-84cc-69d4489fb19e,1.812224260589572,4.346953596760123,5.346953596629534
35cf05b8-3fdc-40bf-a029-761811152bbf,2.231530001011006,3.850957823828242,4.781414080342964
35da04e2-53ca-4415-b688-f7d8cafce0a9,3.624517999767016,9.068066150726722,9.798225699471056
35e5b685-9e63-42ec-b120-e85e13da9c6d,3.6768654221153207,9.374469281761632,9.96710138291486
35eb7f99-f122-47fb-8661-52ac15282ccc,5.369361754138009,10.48552752330064,11.29354559877356
3604d30c-cd2c-4be3-a5f5-c2c21af593ec,3.0429411423715056,8.824113929942527,9.779330416266466
36286b85-1f8a-42d7-a6f2-ebe89bf9aebe,3.9263304960738505,8.966563997132058,9.803240317769252
363ddd1d-75e2-4efb-ad9a-32794b159f87,5.574311148591463,19.2285961348523,20.22854152584585
36414a96-6296-47d3-80a9-8d8812cb3f89,2.656964792196161,4.883327933951316,5.5278598230887175
3651838c-ba2c-4788-b6cf-a5362e283b22,2.056921498518854,4.715547995194719,5.58292472084174
36592670-c675-4fdb-9bef-93f368fe6aa0,2.200278516490699,9.561541159809472,10.523242397509772
365a9ba6-dcd3-40a1-9414-0556eaec93b1,2.3867008107575605,4.090823692882068,4.423039196837505
366b41e6-c886-42a2-9815-28149f2ed271,2.834916868456288,4.507111924239058,5.507111903098486
366e3408-675d-4179-9642-65e21273e55d,2.2103954555963146,4.494851384944235,5.239638308361011
3675b4b7-8276-4e54-a2e5-62091c00594c,3.4109392456460994,8.685550933355264,9.622970773826037
367a1c75-fed5-4343-a195-f5d0db6e5d65,3.375171115335827,8.327845806129798,9.186871211393877
3681d6b9-8925-4a6f-ab84-3533fd7131c0,2.053234929375484,5.139590202574341,5.842075841562604
3690761f-41fe-46fe-896d-7841aecf55cf,2.1749848135122507,7.900787614937115,8.575122946064798
36af3889-7308-4b1a-8de8-6a8d9ad3b70f,7.507488241535608,20.595080138221924,20.913332323025664
36be7c9e-096a-461c-ad2d-c9719445718e,1.748096126075627,4.898512621903762,5.483965520109375
36c0adaf-38bd-4ef0-9232-3a7d626d07ed,2.4187989689309872,5.811886875631934,6.465965028162482
36c48997-843c-414f-aaaa-6dd1761cda7f,2.0388848046192343,3.945183550811073,4.906230589302719
36c5ac17-f9f4-4e48-93cf-c44671dd2cef,6.786513831281349,15.239602394867848,16.022718949374635
36c6d7c2-c559-48e2-ab2e-ed157c3e2751,2.5280503879583947,3.6973375766867935,4.513392304173321
36c80100-000e-42dc-93ca-79df014b8f71,2.9904499888999583,8.847719420702164,9.84569114085738
36dae86c-d6b7-46b7-8f12-63398d1c7e84,1.9254055392116984,7.849833292704268,8.644829187840035
36e4657c-b419-41f0-92b7-dd4234c6aa59,2.6380441223724227,7.137034580335224,8.054256734374016
36f095b2-3319-4a38-bc8f-3662c1669fc2,2.028713857569553,4.641132999843388,5.640381427807498
36f682b9-7722-4179-a3e1-25f881910237,2.4297838433893872,4.445459493954557,5.397271890680127
3709085c-ae82-4796-b1ae-f6568f3c3452,1.8283560254306543,5.5730463342357295,6.433561849646867
3713f024-62a7-48aa-9308-c83725186944,2.0986060643783704,3.9026086441599728,4.746476786438296
37148325-a122-4c55-b8e3-a0527d4f68d8,2.282192732229256,7.293058641909143,8.0837836586174
372076b9-8d38-4291-b583-d318ee1859ed,5.035503662564247,13.704208409376951,14.703933930454838
37225c73-b80a-4962-a47a-eb9c6740ca9e,2.834773693497436,8.563147509517654,9.42299791744826
37228d02-dde4-4261-b56e-eaf695f048bf,2.1910968924604157,7.24643060479727,8.029369866633662
3725bb28-b331-4e6f-9212-376b36937224,2.034049014742793,4.700796997251519,5.473277180513423
3725da86-232b-4a44-9e2c-f454236dea51,1.8769857760576896,4.583082251391191,5.400620917017383
373194fe-33ec-4f50-b503-3782a3066a03,2.4310603539729305,4.925040686622936,5.914140038079894
3731ccf6-5af4-4704-888e-e38c420e17b5,3.6425027374487446,8.674045178068978,9.667626340586208
3735a0da-ef41-4e84-8ad1-6d836cebf32f,1.855514823119727,4.964612477674675,5.677849355300595
373f57d2-5064-4623-94e9-85ce4f0cd9d8,5.322238115299006,10.56287296158344,11.204460207405846
37408ccd-c80b-42fb-a1d9-35da801e5e6e,2.2824509701205824,10.589951481693284,11.101663203380724
37505bde-323b-406a-b688-64b35c93cbf5,2.231613345666808,4.306660195731792,4.875383683857217
375ade63-4401-4b6d-b8d9-b79c084b9748,7.386077482495941,20.022964555958715,20.93973624744776
37733ea6-e6e0-472d-9d6d-a1f1b06f6858,2.372812196705851,5.192632411974754,6.109878465477459
37765549-7fd2-410b-bedf-54dbec9a4a73,2.072810977705783,4.825241337349075,5.368321040371705
3779831d-52cb-4925-8251-0c9a89d6f829,1.8225412199178563,3.9098061888749367,4.692019922714953
3785cce6-9b26-4a6f-84fd-816b96948dae,1.9401316661343253,3.9048292869870544,4.735773527941484
378ec41d-62af-46e9-88d9-b80f6f53484d,2.4904339181928035,6.445897221856364,6.7683174111271045
37a588a5-b575-430c-a6e8-f64053ff509b,2.342041915482787,3.67907836067203,4.601687184046214
37a9e00c-8d1a-4935-9f14-72aa2d02746e,2.2209798183508225,6.237098301253195,7.237098287794144
37b9e66f-c5f6-4854-b3a4-67a1159708ca,2.2813466851390767,5.66617065189935,6.309238690120025
37ba5132-0275-4151-86cb-da50fb400bf2,1.9177522070166144,4.073946827732726,4.637991370239422
37bb434e-abdf-4839-a101-6211bcd37cc5,2.937862969031192,9.698039411837064,10.419932713135063
37bda271-c214-452e-8954-97b226230b79,2.8430762428880856,7.319318681513757,8.319318586162822
37cf63f6-3ae3-494a-a04f-2d8e2e1087b9,1.7557223612619337,3.825423905810133,4.626782698288991
37d22676-4b10-4c07-9995-dd9c003711c0,2.7435122837227395,5.527773888706896,6.527649896967723
37d29725-70bc-4656-9418-a90cdbe5bf50,3.156142513234154,9.124914044256968,9.634999836000894
37d8f0ab-7003-4820-a30e-9397b37cf165,2.9617944074121723,7.389292115389,7.752022939568716
37dc6526-6beb-4a66-8df1-c4e98d745ec8,1.928888549336956,4.140813215284473,4.758533272983562
37e9438d-8fb4-4322-8ee0-1d574a85c8ba,1.995748602399608,9.29170282011298,9.95899653462339
38030da2-c742-4be8-944c-6e62bf9b3890,3.3001876804944543,6.741035204599977,7.697198472122912
380d419f-2a38-4c45-b190-8020a90748c1,1.9888406133161587,5.245785604868687,6.156117253933188
382dd04d-d9f4-4e79-aeb5-570a0b0b6539,7.954097222346783,25.46292967844704,26.44179661511763
386ba8f9-575f-4411-a7b1-b813cc7132bf,2.442428635807765,6.926495270981801,7.757208054637126
38743818-cc51-45fc-8b3d-b59907f32364,2.469190526116232,4.604992192063846,5.091911928136352
387bc687-1c13-442a-a778-b84363984452,2.8051829850535284,6.924945142295015,7.2265248365865
38807b9b-e8fa-4412-89aa-2b0dbe7a0489,2.210732312984173,6.764403517019748,7.718664395906526
388303ba-ac9b-4d9f-972e-a2f47420507a,1.8255381284565224,4.219918701521134,5.219918701496216
3884be86-bec8-4dbb-ba7c-4349c2291299,1.8677600650758044,4.483065110802218,5.225609608387303
388b4510-0c6b-4bee-8e61-e5d1c7121b39,1.756515264286921,4.201298436230094,5.016157402826085
389a365a-f907-47d2-af67-1d044c2bc43b,2.4931181827372484,7.869008401222501,8.681384832263864
38ac6ca3-9c7e-4150-ba5b-9f0f1f0047ca,1.9409015749640648,5.731687514446914,6.568400703619833
38aff7e2-d8ae-4bc3-8b0f-aa51440ef71f,4.0263613922045085,10.277610607469937,11.14834813527488
38cc6380-d718-4496-b090-c9d0855f22ec,2.6620948530204003,4.651972263027374,5.649445687944945
38d1cef4-d142-4e3b-97b4-a5aec9e4fde9,2.1578868773282225,4.168551732715109,4.936233140819342
38deab45-af87-42d4-ab70-7c6a187ab1c2,2.923023600706798,8.811236972307157,9.761326877465647
38ed0cb3-a7ab-4db7-86ed-f7fcf1332241,2.025208967127296,4.4533766994039725,4.935722446527952
38ef628d-dea4-4cb9-8a7a-48b2a1f64a73,1.998134345294516,4.142996200950515,4.52806775799106
38f45454-bb5b-4beb-be22-fc1c166351d4,2.645613381170861,6.725109904932354,7.665877129933006
3901689a-204b-47bb-8ff9-cb8e79e948ef,2.4757239182917443,7.425731076829614,8.425729794969573
39064b9a-991a-4886-be4f-038287ef281a,3.1803943663272216,7.78161677408529,8.31572571110119
390abf06-a33d-4ebc-84b6-0cce84a4f597,2.173008575438349,8.82000325123665,9.8198791871802
390cb106-71a3-422d-a9f4-b31c75895466,3.109989675811219,9.994150538899431,10.845770727288595
3910b23e-5b61-4f11-8590-9953889ec85f,7.852402773350895,20.96005624678367,21.68947331734894
3911cb34-037b-4e3a-b6fc-951636d4c298,1.8818060067974076,4.345177561125558,5.262710613605504
3912a974-d1d2-4f58-8eac-ac474d66be52,1.784747993378025,5.102372781098089,5.650894310006949
391cf597-5f82-4401-bc18-1f4250d182e4,3.1011827119742685,6.527535255132296,7.386302513322639
3925c7a0-ac8f-48b1-b427-b9c07c5e9ea2,3.488498479316488,7.687810722267793,8.46468278049523
39489f54-01a5-4165-ba21-a67bc76c3e09,2.955564506526545,8.124290595227432,8.977923846872324
3951d81f-66ba-42eb-95cb-0edd92c1fc40,4.415958483247211,11.315938870928717,12.223095330604943
39643389-1167-479e-917c-bab2dc9b9f6b,2.082806794203768,3.739112113138273,4.636655807826202
3969547f-a797-47c3-8d45-7712d93d3b66,2.8018949153462773,9.55350054436451,10.429755009300989
397a0cba-e6b4-4e34-a6b4-f80560b88899,1.8292905090783431,5.401757843046387,6.075244074896377
397a8087-f1c6-4963-a3f4-e52301b40698,3.677776098685311,10.108536217801143,11.090030315145327
398b415e-3477-40cc-a2e8-541b7bf8e68f,2.5790734325459,7.518924601500887,8.42607028029368
398d51d1-8cf5-4194-a3f7-d63d2fc55ec4,2.7494194586299714,10.255291303343707,11.213564028991437
398e22a3-62f5-4528-ae32-c791b3d62481,2.184898896475937,3.8200687302842034,4.588415788141263
3990b762-add7-4a75-b68e-2d92db75e82c,3.8018332555261662,10.68875332500492,11.602727837663275
39956c19-567c-4743-b584-57991a3ad569,2.862294851318952,4.951265010234998,5.821206940303415
39ac97b3-ac31-4439-96fe-324fa2af171d,2.3065609485591474,9.646840980759054,10.58743904587855
39aee139-bd32-4203-b371-7b90f7209d34,2.3376690486683187,4.828524417689308,5.657109767521448
39b46a1a-8c32-480c-9e86-a8b8d32b9d90,2.1721136552290994,4.907522878794666,5.208072597378662
39ded165-7731-4383-9846-d9113713dda2,3.731240562974703,9.147205785993233,9.9585761688622
39df250f-ffa5-4779-b5e2-87d93ca3f85a,1.9743769331680396,7.099430178633188,7.601989753240551
39ec28b2-a115-4153-84ef-53fe13365254,2.883983800587553,5.076736385716189,5.711054348286198
39fc276c-1bb5-4c24-ac75-8960305bc7e8,2.3312248103962347,6.793712352570071,7.793696634492071
3a01f69d-fcfe-4a5b-8607-358dfde0635f,1.8115733888292551,4.561017379278809,5.2469799713551
3a08d23d-e4ed-4542-a925-3a498f9dd5b2,2.039109815131543,6.427723641873047,7.387722731584223
3a0921e6-0ab9-4595-9d9a-fe76bfdff4e3,2.570619541334409,4.023930142590092,4.853081235088381
3a09e570-18f6-46b8-8b08-e9f1483b4d8d,3.671586618683713,5.622729654591013,6.149837332617919
3a131b08-6503-4bf7-b29a-3c638ec1593e,2.037986896136509,7.842927327852532,8.636290488925578
3a2c20ee-9c5c-485a-b0f6-e6540c060326,4.556454709187082,15.724200518790758,16.700022948373274
3a32c921-5161-47ae-a511-1d42a832c5f7,4.254115823887315,11.031707967946316,11.96776328825641
3a3dbbc5-d3ac-4b1e-9c5d-35422cdf1217,1.7638524636595672,4.37386142342034,5.248093002070356
3a4548c0-8318-43dd-877c-88b9d5fe636f,2.043908710190964,7.555595315339,8.530771364977424
3a5ea953-cc32-4e4e-b94f-b5ab8ab8e3b4,2.5543371724249235,8.115878858113865,9.026170936278968
3a74857b-f1e8-4a37-9b93-58e6afe000fc,2.840632878581062,7.562877609892145,8.318389821491145
3a8fc62e-0467-42f6-a9da-ddfc252323fb,2.318917907816868,5.4151616682589845,6.229921739100337
3aa92dda-870b-4114-a05c-96e0a5b66d57,3.258023877641618,4.743670524929549,5.4577353396848896
3ac98060-b0dc-46cb-b61c-c5927ab3cf57,3.4385232118343647,5.182240900724329,5.92554234720185
3ad29af3-3985-4f50-89c8-45257892e7a3,3.863810631461391,8.071467997959749,8.761205585312942
3ae0ee9c-79f1-472d-b41c-357682f0b7b5,2.420257242194736,5.484496492227578,6.119257184460199
3af56eb8-7b90-434d-9e9d-5f4a7923ad2d,4.178472990091397,14.110935617925085,14.911041651495829
3b0664ee-24da-43d8-9508-98cbf9a35da8,2.6855513544030454,7.399437855787142,7.968194360059607
3b075d9f-1a90-4f7e-af18-632bef497903,2.283791538251585,4.165009931749321,4.45090685764799
3b13c86f-44cf-459e-a133-e9eaa7b4f90b,2.51978965834176,7.060413707218163,7.975266249201549
3b1768b6-abf4-4e30-9ca1-42348b493b45,2.7795486256643915,5.508249236919417,6.364922630329945
3b2f4090-2aab-42f9-be10-515cc1c067aa,1.7979067152093589,4.906362228036682,5.537509003682304
3b2fd1e8-6058-4f36-a66f-f7403478d21c,4.349583097642992,14.741510898113445,15.6497599146338
3b394915-5717-4da0-839b-8f6401b83cd0,1.855076723837428,6.671174431721853,7.259649956929998
3b432c2b-913e-47b8-8ed9-c68cbf0caefd,2.2466466357729176,5.491976034002206,5.922921367001813
3b717693-09ba-4da6-9c71-8e747255ed82,2.2168671577075387,6.135049084252373,6.504761765029214
3b72cf60-506b-45e1-ad0b-6f88bb0b5fe1,6.287878023821274,17.4747096521366,17.973145691944456
3b7312df-f01c-4c99-9472-84c5682eb356,8.277305840647113,20.76898217661172,21.763507885378544
3b7b1629-36bc-496f-8eee-5248efb2b2d0,4.128515043053296,8.468771625980633,8.944728033859441
3b8b2967-b7da-4082-b923-e84801addfbf,2.67366322651273,6.454224217122492,7.423502264788802
3b965dea-d84c-469c-b1c8-e79ee5cee60a,3.340889605276529,7.05010721076148,7.845915952748922
3b982c64-72af-4513-9e75-2c9d231e2851,2.536628723320407,4.624937087613296,5.472351148492714
3b98f9ac-6e71-460a-be13-a998cefee2fe,4.442643785527659,17.643453361128763,18.396494346212705
3b9a40ae-9ab5-4e2e-bc07-b1a96657b96f,3.496583673712445,13.693992743191268,14.423940100086684
3b9d678d-afe0-40b5-a448-1008f640fc3f,2.418809252325574,8.094344086710734,8.552274042488301
3bac9c39-b8bb-4d51-9965-9a833d53770b,2.6317267426511743,4.02264623737781,4.639804435814042
3bdfbea1-e9cb-44e9-81e3-9268cf5ccaef,2.6386239015166906,5.622559007511249,6.108698201609196
3bea7324-8add-4072-8364-aa4c2ad8e632,2.293069917115186,4.0130829270670505,4.614452271600911
3bf6ce78-1f47-422a-9524-40ca1d76b2e9,2.608685478603841,6.828441495310698,7.458156544710642
3bfdb1f0-2e09-4c0b-9c21-d56b7b7c8cb4,2.187476743438304,5.239249605638272,6.080995334177876
3c04ebb4-2a9d-42ee-b1a9-a640f096f41a,2.520090231721549,6.595911074136884,7.382470391272249
3c0def02-2b99-4084-9475-1e21919b3e57,2.2820932068491286,4.25150452224107,4.739160532968309
3c320859-1295-4697-af1e-61eb0c575fb1,2.3397369534329333,4.963765925416635,5.893084311227694
3c376c48-85df-4594-853f-e846a31fb426,2.1083810081004923,6.788044689714515,7.788039510605292
3c383cd2-703d-4bae-9110-986ea219e5c3,1.946676839290821,4.54120246547815,5.540083299141799
3c40fd0e-4cb8-4907-a2d4-1d0119d4bbb1,2.3989985996805125,5.622766481423972,6.138273616490194
3c5f2bee-e5eb-4fe5-b77f-63b324c36e90,5.393965094824103,16.759641578369827,17.655603661293636
3c5f9dbe-c764-4e72-8f51-82eae1c56f2b,1.9961068750160729,4.946634043712467,5.783745840232946
3c60aab1-6608-4902-bbe2-8c143800bef2,1.7967496380564365,4.597701755197752,5.510448412463932
3c6fea8b-d9a7-439b-a402-f00df0d17189,1.9494520208673056,6.831930514373931,7.306064272310015
3c7e8ac8-7395-4d6a-b909-c88e66e31779,3.480247662734952,8.476681922699704,9.472521501240568
3c87231c-cabc-4796-a454-94065155c7f2,2.01736076055852,3.8352151158652,4.604990496929442
3c91e18e-1798-46da-af1c-5aea628af1fa,2.367967131850224,4.905798799295943,5.894103878840432
3c96d60e-71eb-491d-8b80-0b0f2712122f,1.7346181097918485,4.02304237595619,4.440880502208646
3c994275-6707-46e5-ab4f-7bc09e77b5a3,1.8608933248983537,4.173302638504103,4.994561404240793
3ca20ba7-d651-4622-acbe-a582812232d5,2.2124734752110977,5.237577253579675,6.119589582875991
3ca7f326-4372-4e00-8d97-33f6b550e767,5.187749070041932,16.826779225918326,17.43923247840187
3cb50c0c-86ca-488d-a2a4-cec56b408d47,4.887584613420757,11.881155497899783,12.839410210345276
3cde5e6f-f5a1-4521-97a2-04c1f19b4876,1.829524710597676,8.22824268333853,9.228242645883142
3cf2c4d2-d91f-48e6-bfb0-ebddd59b4282,1.750948705019006,4.773179420870318,5.683436492327054
3d0f93cd-47d4-4102-a8d1-b307b2a744a3,2.040388310426434,5.619621456968997,6.275016216448674
3d23d8e0-ba74-4362-94da-e34859837a48,2.683170214973366,4.025722081695013,4.531976592041024
3d2cc5b4-506c-4f86-984e-753d15bf4304,2.061580595790812,4.837128495938782,5.76715246508767
3d352e49-c28a-4315-9ac6-ce36f7b7f408,2.2346905453985624,4.636667398007537,5.374223886586086
3d4310bb-ae0d-4a78-b938-273ba669ecd6,6.931938287967972,17.79781573316618,18.17050000689305
3d4705b5-9270-4d7a-bb14-a24c807aadf7,2.9839079337149554,4.6158647214798885,5.542809042737841
3d4ded44-d367-4844-a0f1-21ac9c14143c,1.7464704557340986,5.324880614898551,6.2522924447772805
3d52b3fd-d49c-4604-a68d-5094cbd5684e,2.529110679573149,4.618773224765635,5.507070689998933
3d571a18-faa4-42ec-97a4-70011f4b19c4,2.427318268822652,5.912865915757415,6.607431685784331
3d597c3b-0494-4206-9f03-5d0bc7600b99,2.6394980559739007,5.719374567880761,6.432542593918589
3d59e1ba-ebc1-4307-bd4e-4ef443005a7e,3.236513423811641,5.412635984369036,6.299047382442903
3d6b018c-6581-4f7d-928e-e4b69f01c5c3,1.732476924212623,5.319916743167588,6.129034063586468
3d6fd173-6cea-4bb1-8d38-a5b64f8f3fb8,3.1775264042584883,5.8147739790741335,6.814771733054172
3d81a78c-b771-473f-8865-939ca8fc3a1e,1.9073088228769932,4.7431785009822125,5.20749439918932
3d9060b7-293d-4cdb-87ee-6dcbacd14c0f,1.934982919931136,5.751288521971143,6.6438050216015085
3d987838-10c3-44ae-a2e2-b124700ce139,1.8823212866423296,7.296264917392847,8.08174955155662
3d9b1fe0-5002-440c-a946-d03ab87dc810,2.22889835293964,5.161529399767716,5.831685437708519
3d9f4886-a238-42b5-b638-0ef8c6bf4f55,1.7437533556301097,6.959856702095678,7.68167751934365
3dbb659a-957a-4996-ad0b-ec58cebe7b55,2.6712198621456498,8.31091824584609,9.310911165112143
3dcdb5b5-aaf2-4162-b860-ab455d380496,1.9534906386373785,5.221809953401275,5.652509923810393
3de10a27-4f61-4de8-baf1-83f2d720ec85,2.3350793066275606,5.732106101261701,6.588184589058663
3deeaff1-8013-4800-a1eb-6ada0c17000a,2.5531059771429367,5.15222254109058,5.577585569795248
3dff6ac3-430a-42ef-8e39-4fef4576b25b,2.3726880789340163,4.950689401584946,5.904159079454592
3e050c28-d509-4582-bf95-0aa18da6be74,2.994628812561392,4.099417668168646,5.099417256156531
3e0609fa-c1b5-4c94-9570-170d61aeb36c,1.9513157741543867,8.22560475623993,9.166852760181426
3e224525-9b84-4126-9132-43ac6d279c77,1.927319189887974,9.574380933833908,10.57390631984406
3e22a903-f1da-41ab-8710-c248bf1341ff,3.954941168296508,10.45107753626538,10.846173964996105
3e231ce3-745b-438d-b6f3-60487078f1a9,2.3822856977645315,4.579843235367894,5.12490765881203
3e5b9de6-4d2a-45f8-a3d0-8bd53b612ef1,1.7426772132456234,5.416418845487838,6.095301596800217
3e65556e-f716-4b1a-ad00-244c8f775c19,3.108060522200869,6.717669220889831,7.334544897927371
3e70efcb-823d-4072-8f11-0af9b128afb8,4.820676863992508,10.98406144893513,11.536768828442009
3e7c74ea-40e3-40b2-9b10-34ea653102a0,2.577313619543833,7.043456110823424,7.925226393811924
3e7d11c1-f2cf-47d3-8617-3b2c5e02fa12,3.440603199885096,7.425017205725242,8.292318959230643
3e7f0670-608d-4054-929f-6cf6adf9d63a,6.374506521082241,23.69088478168804,24.415088102645992
3e8210f8-d2d7-49d2-a562-6e997df83398,2.3089236739765595,8.096629802006177,9.05571733934386
3ea2fbdb-d331-4fcc-81d1-887743adbbdf,3.944564328967068,11.719712610114074,12.58148063743887
3ea3e565-80f7-44c1-b19e-fe4aa195570b,2.0842598725354358,3.895448274555045,4.594769982297651
3ead7695-31c0-412d-ab71-33e1a889dd30,2.3922478453413687,5.295975219488469,5.997471085223133
3eb63df5-772c-4d0b-8c25-7106b57402f4,2.2141852392116474,6.87392846280005,7.419251572909097
3eb7f778-e89d-456f-b00a-845ff809d45e,5.0551186664431125,15.705483240273434,16.6222505396868
3eb8abde-1988-416b-9ad5-5c6f2c4b5403,1.7361252179978377,4.310266357697753,5.304266172954929
3edddda2-b60f-4460-80bb-a51c8bf7f2b5,4.120199106266803,13.394067704171308,14.393034078808444
3ef8af86-547b-4092-aa33-3416f6d097b8,4.459991253599465,14.215812806354956,14.618589984581517
3efdff9c-c113-411c-8ccc-c1b285f76908,1.80622728589282,6.07139680175505,6.954177369154025
3f0382e4-482a-4830-a448-0b6d2479cacb,3.5809117736369216,8.861335155355397,9.436324733384623
3f054a02-ad88-46d1-ae67-98bee1c054d7,2.311226358797875,4.143145265637699,4.670458298736577
3f14baff-578f-4e22-9785-003087f4e166,2.754586601572723,5.5739377703189446,6.573912496781905
3f15af7f-a556-44bc-b427-3855e1f7ae3e,3.0239722973398626,9.463757531447516,10.427990890063422
3f19b618-c340-4a6b-b3e4-0533f163bbfb,2.0523878976102763,4.351407613286853,5.155665442144452
3f24d80e-fa33-4680-a054-e6fa6c00725c,1.9484704395864545,5.976853609160217,6.891003930851883
3f2b4480-9ea8-442c-bc57-b13fee1fe3af,2.2617591429644017,7.42512029799642,8.094060774629142
3f3db975-8d61-4f5f-ad26-aa287a7dfe5f,3.453573771039669,8.491695424687382,9.422775133713332
3f4328b8-78e0-489d-883a-8b0602a64f93,1.8532125752992408,4.099586019191446,4.881031892899888
3f4cc236-5f6e-4118-b1c2-75a7656527cf,2.3521968882268083,6.217641276489046,7.038933566965348
3f4f1a6e-555e-404f-98f7-311230ded047,2.6801284721509533,3.967174314804242,4.757215723271905
3f632257-0777-4a61-9eeb-e24a2667f722,1.78337471587783,5.699440816834168,6.618718554355148
3f67de89-b907-4623-8295-8cbd2c607501,2.558300171100089,8.847978256277576,9.847968244199238
3f6e3fe4-98f4-4466-a495-4d90eabff3cc,2.7541991188851385,8.406201368520463,9.090815775951134
3f96c86b-5bf2-4ea9-98e5-0c5a4e0c3c90,8.51378609022574,23.719094586443475,24.678659001161225
3f9d86e8-6d0a-4b89-8fa3-88a9a288d523,2.314755814580293,6.332453209413479,6.909500391137019
3f9f955c-5098-40ae-abf0-7243c22e9370,2.770380993730356,7.946824674699819,8.623714729112585
3fab9f4b-bba7-4278-8fac-b986779d7c99,2.6102613583690157,5.749128247837184,6.478156172385237
3fcc46fe-5240-41e2-b059-92ec5092d704,2.8803475021536458,7.888264255266662,8.546381633206307
3fd076c1-ab50-4f3f-b326-ed187553a872,4.717687905768742,14.635430524560851,15.434786568564396
3fe39ce8-93ac-4812-b03a-64d0ced025e9,1.871938952990435,3.7546665325893103,4.566777325085721
3fed7535-7e32-41a6-8b7e-c6480ac53c3e,2.1969712414916915,5.397441883663013,6.397092713141256
3ff1cffe-b215-4701-9a24-294123b177b2,2.588809469050237,7.880238857204242,8.839354393480365
3ff435ca-5ac7-4db9-bede-6236ac932f4a,2.69266760302375,4.421239721227315,5.417571312760192
400b9212-fb25-4425-b507-19ecda4e4429,2.479237915488175,4.741326373408552,5.1333241439587205
400f1edf-e224-499b-a75b-5e088c3bffa1,2.031629150568006,7.778335352020865,8.688877281915472
401974e7-06a1-478d-81c1-ea9446a2a2ba,1.7573946194869547,6.148973567334649,6.7758436183638455
4025fd42-44df-4482-8ca8-12dd178c8964,3.4622568606521256,11.65782715175058,12.645284493670308
4028c8cd-365a-4d15-b0f6-a7c7aceb8c41,2.933922382657916,3.72753328427383,4.727528051984691
40325323-6a2c-4240-996a-8851436dbdb8,2.689575482978846,5.609224291657571,6.321791530181924
40361d4c-1b7b-4e08-aedf-f1092db3c036,1.927257521073653,4.708200633962076,5.423772426838394
403f8916-9f6f-4e5c-ae13-22b08d0a668f,5.635531988599785,15.66731819123983,16.629067010927013
40419685-fead-459f-83b1-109e66a898e7,1.7397797062437996,4.026598089332707,4.840033080988051
4041b80f-2cbc-4e9b-8911-368dc374ecee,2.344337874580439,5.053383321842997,5.931666205991915
40446c6e-3445-48a9-921a-fddc41aa4467,1.859582191503708,6.781462177094675,7.394014084899394
404d53b4-a277-4a6e-a070-d41c1f2598e6,2.41515480640555,9.524157639473144,9.914451654742674
4056388a-52ec-432b-81ff-21830c3baa1d,2.1160330945361565,9.422848704696856,10.15670136424774
40622a65-b6cc-46fa-a82d-395d8494e005,1.798402501542732,5.7532209839248685,6.742033928141877
4078e900-4987-4643-8813-66566af426fc,2.3368576467874425,5.778133173136642,6.619132169585035
407dac73-7c6f-4903-881c-ab9de79be44e,2.5633771490966426,8.871387749803306,9.438604847662274
4084e351-6a2a-48ef-b7c9-16c83defbf38,1.7758241192967923,4.839650021835865,5.32284925425189
4088f551-3934-4c87-9a8a-0929c331cc5d,2.056620409080656,5.733863860514776,6.648472523155816
4095b376-0b17-4689-ba79-af30431d58ef,2.0407900329872684,3.9272406488302862,4.70458920918909
409b580d-72af-4aa0-b9b9-9cac8a27e830,3.6075650187298174,11.31309180861994,12.02459863879029
40b34405-135b-418a-82b3-0da7c12e9495,3.284021116236653,7.748660266547465,8.236701839476051
40b48c63-8639-4b04-b071-26fad4d04eaf,4.2321459140493,8.62536305350824,9.244429349843797
40b68b41-9772-4850-94b4-144b6ed89c60,2.584925971021319,4.992518413880453,5.684353499274399
40d2be83-bc7d-4e3a-a8df-76d6f6f0b32a,2.4129103901843623,9.252022537888593,10.25195208551407
40e3be0b-4cc2-431c-81a1-dd14eba66420,2.816684631882512,5.459166722848701,6.340510732770681
41056a4d-037b-47d1-a8c8-aa2134cc6c33,3.526235537596071,5.815167291495409,6.667522789205843
41102c0d-92b7-4b00-8dc3-331355fe11b2,1.7348475573405453,5.467668854313857,6.369699527338954
41116821-4921-4f41-86b3-a7a95001c6e7,2.3908320663335028,7.138461650532213,7.956117971214036
412be3c7-5600-43a7-a111-a35f24097803,2.278875898883792,5.566050243434038,6.556969720934947
412daffa-869a-491c-a7d4-158d5c8a936a,2.050236235694223,7.6381731191305535,8.582365140942054
412ecc7f-ba50-4347-abdb-3e19ee2b6ea7,2.4942320364707573,3.939528605870656,4.790365691069939
41318e92-2d16-4be9-9063-5d5195619130,3.41204872725126,4.457564196340194,5.305078591420044
413b7274-61e1-479f-9464-afcbfef2181d,1.9385588624150376,3.9018412950991817,4.694731608449632
4148a792-3e70-4a6c-bb35-49aa27d7d17c,1.9502069669949809,3.7094354510846257,4.709435323377301
415c7ea2-6be5-4c8f-98fc-394bbcfba961,2.2692264207437134,4.953396929259054,5.504644471684454
417c4458-d350-4dff-93e8-3707aca08cd4,4.081771357819467,11.386862342464466,12.31080271243803
4182e4e1-962a-4fc5-becd-ba1dac00c517,2.287523927267235,5.41335402302322,5.985839390205619
4183b295-4c9b-406d-a3da-106a1c9aee50,2.1342339848827256,9.179459674144477,10.144475730699233
418779eb-c6ed-4017-ab9c-31780c996156,2.806299293534173,4.314659540797497,4.889068008323127
41a75207-e466-4690-a418-d347a5115aa5,2.428668685391516,4.496480915323356,5.496477107698756
41bb28ab-1653-4303-9cec-2e11655ed23c,1.831343809864684,3.979811822067079,4.767596830689563
41c35c03-a255-458d-b8a5-92a1475e373e,1.956549172730477,5.102266181246118,5.5957162978577895
41c8bc16-724a-4127-bc68-0b92b1cec640,2.066813815439457,4.511632187396931,4.948793567482567
41ef4689-7d2b-4679-ae68-416a4874e619,3.528754077939793,9.160678969793755,10.160678943595505
41fda8ba-b0d6-4049-b535-e569895f1fa6,5.048952671202263,11.147342854558126,12.135874341859363
4210fcf7-86e3-4140-9867-11bad4db67c5,2.625606542638255,5.543579197821652,5.932127141500894
42133ccb-5d0e-4ef1-ada2-00238166e45b,1.7465218243748313,4.406536701558744,5.06181924472082
421e8cce-814c-4e5c-b048-06b047da6812,2.840044336361932,5.210589657129855,5.958953562592512
422f3fd6-ee38-4b83-b048-d6488ac0e734,2.479092590884619,9.51814775757436,10.262433206530666
422f4499-0d54-4517-a46b-25e12a6071a8,2.863779449247608,5.402012316890431,6.098260944334989
422f79ab-4a88-4d4e-83a3-0c4c9870d8fa,2.7628934938371024,5.480107492163155,6.480042843647361
423ba87d-dba4-4ead-a41c-282a2f7aa58a,2.506393215860641,5.079881399166749,5.632091123887283
424cc8d9-3b13-4ab3-8dbb-5f746039e6de,2.8475959694284203,5.919632068369295,6.602982216843521
424d768a-2195-4b6e-9dcb-a1a38206aa24,2.101880347676671,8.56152822986655,9.430025204144274
42534fff-3d21-4bd3-8fe3-1cea052f60a7,2.615867764532442,6.497709921447809,6.7800443772657015
4268dec2-61bf-4a22-90b6-8a043b862533,1.904904623750948,3.6660264881657967,4.445798249370252
4277210a-145b-4a0d-8abe-40f038d12dbf,2.19052547040529,3.967413713648728,4.501870985628961
4284afc2-1715-4f35-bf4f-749a4e7dffbf,1.81727539210983,5.827510156415349,6.239337521333125
428c7ba6-5e29-4f13-8076-084c3cbd96b7,3.9241804945495327,11.372205551602953,12.062844965141078
42a3a0ad-372b-4fe9-87b0-efee37e045bc,1.8857094021517944,3.8761433577306814,4.876041851911707
42a6d5cd-8ffa-48ba-bca4-800c77083e3d,9.463717409674397,25.192348752237308,25.614376264370517
42aa71f4-fe90-4f33-8fcf-5708eb7002af,1.8300534159457995,5.095807142207383,5.562953934362389
42b82c47-4d5e-4037-9ce2-610182a12d17,3.932098311007424,11.692235980842469,12.296987837343217
42c7030a-6242-4ec9-8167-2e71a515130a,2.136737005784106,5.037817652170849,5.960078539173022
42ce38dc-d83e-449d-a1fa-19679b0d7490,2.2987186625898954,5.073507262499424,5.774804846611902
42dff069-9fb7-4758-98bd-4db80f586c47,2.6280047897824157,5.281875014296472,6.215369060692508
42ef103d-7712-41cf-b3ea-5d3d52afb002,2.9019488964252305,8.915323586900564,9.65808154482388
42f0fd4f-427c-428a-8f9a-8b4104a4f480,3.0757486532228984,11.05933581124185,11.454654186303614
42f5bfca-b944-4944-bafe-cc6beec41bd0,3.553206230017065,10.850843615987792,11.77707487018234
42f653c8-c051-43d9-a239-eae73f04027a,1.7492392597868385,4.4064045904195845,5.406183648256846
42f770ff-fbdd-478c-8972-4d24802ef05a,2.355994010213608,3.723075030618636,4.477138882187722
4309d5c9-498a-414b-891d-19baa7767870,1.7358882708154764,5.807426267908701,6.667519055548505
430a0cf3-a3fd-4fac-a39d-66d0cc5c2238,2.3820852432668773,6.359361757543529,6.919687331169361
43115be4-151f-46fb-9123-f0ece409d955,2.115729317685427,5.539786261127712,6.330946795493128
4337b1fb-f25b-4fb3-a085-fd605e109e9b,1.9083964461390883,6.185810213552136,6.963264198543399
4349f8c6-0585-4d9f-96eb-ae26e82ae350,1.7384532136031927,5.033179297403396,5.789611679869538
4358991d-da3d-4ab4-aece-fdb5b6793386,2.5387224498878087,7.726766954995193,8.261495812260328
435ddac4-4d4d-4782-a8a7-ffb308ce4fb7,2.4649740960158275,4.446820285523023,5.27849868661453
43605931-59f3-4b4d-93d5-305a6d2ad771,2.0770352759698127,5.789623174451736,6.497205827515334
4363536a-2269-4666-a547-8227991446a3,1.8220000471843,4.297271260163911,5.267608947520316
436fc927-b6ee-4727-816c-bdecc8ed4150,2.356356630154065,5.6509200012785215,6.030660686236516
4376615c-b948-4509-9fb6-9974b3978048,2.674914436407686,7.833686039784173,8.785142201612953
437f8883-e9b3-4633-b6b6-b7c65266b7ae,2.6301981171634967,4.365085706251671,5.244036039650007
4389ea74-e71d-4235-b8c5-4760e1331563,3.99368997180178,11.938098508331644,12.624457570427374
43973244-209e-430f-90be-93a261ba6b81,2.155857097215557,4.194439958132354,5.04112611030507
439c885d-fccc-45fa-96e5-9fb2e2dc6b7d,5.016842676782346,6.9616640477679175,7.654695120941291
43b2acec-03c1-4c54-84d0-b8de85a1b975,2.7085311774225462,3.972581275952092,4.447209072328942
43bc6a1b-6417-4b79-91b7-289ca61a2cfd,6.634919196814955,21.022645909588483,21.58015730535782
43c16482-012b-4f62-88d7-e7eb9bf73379,1.949521423669779,4.059146914147966,4.535876820531276
43cda123-a8fd-4dc8-b52a-9849f410e48a,2.721026215776974,10.224792788247822,11.223576778856351
43d0db8f-2396-48d5-bbd1-1ce2b738d536,2.9568488086978264,9.247779909940224,9.861454852752372
43d4243a-0486-4d1c-b707-71f2e0d65f55,2.2880925083636066,3.656171456557572,4.615459873235487
43e2057f-f5ba-4b85-8663-b26c38062e2f,2.0928625372354537,6.701779863010161,7.60989962497078
43e895b9-a699-4d8d-831c-6adde7773f45,2.576663097245464,4.308318888415969,4.812428102494952
43fe9693-e746-4872-a4df-eb96ba9595ec,3.631089801420651,9.901449106937264,10.799168700066415
4418da9f-d608-4912-a669-1f113e6addb1,2.536590528595993,6.403702755659593,7.403390478052917
441a169c-d967-4ae4-8819-b742d5bf6758,4.4847104169493255,10.628684340276948,11.536928618188218
442c9b52-9893-4a9b-bd1d-2582a4a3bddd,4.176321090513956,11.865738594183762,12.775399467913983
444c7c9b-1976-42c7-92a6-4533962b7cb9,2.8791079004410585,7.5829098122184355,8.562671024785452
444ca8c2-faec-4992-a73f-675f901d4a24,2.087919571479837,6.227197134671265,6.792240303808452
4460d08b-a5a1-4850-b659-ddeaa7295f31,2.3056094816155066,5.54306393991273,6.421643501189212
44957426-7cf5-485e-9315-84a7d2124506,2.0599976690637467,6.401851720002627,7.335997860000856
44a2d9e5-51f6-4de9-9652-e27e9903db34,2.258713564646883,5.3218884032154365,6.2687692579086285
44ab55cc-10f2-45bb-a635-0ebe613bc1ea,2.0287303218775627,6.390812305008822,7.2018563354185545
44b20e7a-ba42-448b-b307-64717738ca9b,2.2777364948716694,4.371765185773797,5.371764646017222
44d17252-264d-43dd-9d81-adc1d4c6474e,2.4606499360058387,7.163552251982558,8.163552229045488
44d55fe8-67dd-4a2e-ab37-f95486c22eb1,2.214465295496129,4.867279999494094,5.679635995201888
44dff7ec-de8c-4d70-9ba5-18e62ab0b1ce,2.809908921051332,8.559283039876664,9.481796747663042
44ebe214-c567-4ff0-a2e5-05d667be499c,3.1583249402670663,8.564441564869835,8.994034167937727
44ff1c15-6d3e-4d2e-b176-b12806308642,2.713201444315983,8.599955287264153,9.59995527190089
45065305-d8ea-42ba-a3be-e1f4860f700f,4.0200476468817135,13.48125772226345,14.428060148902814
4514508e-c6e5-47cd-ac5e-bbd108ab25c5,2.4041815374575344,4.7860492452959065,5.786049154652945
451c8964-0016-44a8-a6e4-06d08f93e324,2.2306972200267468,3.6599300220916113,4.654790238705495
451da3ec-51e8-49c4-8d8b-06d628a47ec2,2.2645890333893943,5.8416755351463925,6.438137650667888
4520b00a-2c53-4feb-9e95-8bbf32a9439b,3.0422914164414587,4.84641377453997,5.563133763730858
452fcc4f-c4a7-4b8c-88d0-6b4578d6ca9e,3.238750508458023,5.187457729368319,5.960782497019866
4534fe05-0b7f-49ce-a4d1-a41220ce8b8d,2.8424170565694777,6.416269458966572,6.970196530202775
455a8491-9bcf-462c-892c-eb71acf15428,2.4110569538586386,9.18873587601512,9.912576650092806
455d78a8-5d30-439d-acf3-978aaffa7b04,2.0975273694036525,4.080949158269729,5.080949158009001
455d7a4a-4425-4f70-b153-e6cd54b07216,2.52796015645489,5.818253557682046,6.4989311315164615
456d0e83-8279-4877-87db-61fb66bcbdac,1.9057382547619648,5.839861451004718,6.4627221897341975
4592411c-4f7b-4f54-878b-6a990e5e1d1e,2.554299050045325,6.1759949666696095,7.175994953446052
4592b140-ca16-4bdc-b4b4-5d42a295036c,3.7813154872069794,7.680337764042073,8.680337764034979
45c94b5c-8e77-4b73-8d06-e36f438a24a8,2.396842173602891,4.3087414260839205,5.150045501699238
45d72fe7-a0bc-4a87-91bf-b379a78f319b,3.428814382100901,9.345075855274764,10.233410515084678
45d9fc2b-673d-4800-80b3-c8120cb9580e,2.949276591819736,6.315581907828206,7.230386551691549
45dbb6e0-e2c9-415d-bbd5-02d826f85c1d,2.0722186021493467,5.523882156564598,6.523882156363913
45eaf598-2caf-4468-b3c0-cbe925d84034,2.993935028438095,5.685771855540078,6.357273986238586
45ef2312-40df-4657-95fc-75ce70136193,2.637770256483261,9.60033742780735,10.46862488795633
45f4c7b3-2cbb-44e6-89d7-58ad3df4d9d4,3.7106537869059375,14.060581425347191,15.060510769904855
45fbb865-689c-4ec3-b8f4-f24b5f33a9d8,1.9424153718317048,5.527691483448638,6.446926714065769
45ff0388-7b65-43c1-9b49-4ce0af781e57,1.907900915415467,4.944794641286547,5.882142631422069
46024d7a-c914-455e-b8ab-6042d440f76c,2.0919726348185086,4.429079306709366,5.155840833128608
4631b04d-b3cf-4a94-999f-34d43a263262,2.032072267682244,6.912536736298523,7.723148074521896
463c02dd-38d6-4751-8710-7cb9b8c8b609,2.2089625977410923,6.044894322769904,6.649068685912261
464073b1-d681-476a-8c91-8a694f28cbb3,2.946557655953356,10.38091028497036,11.185781473172147
4640d7dd-4fea-4db7-9299-b4495ea30074,3.268851562871791,7.644426881612812,8.64412816898396
46459575-0fd2-44fa-a9ac-9e27092642ee,1.8951444761956944,4.030018375309208,4.894778699395009
464a64ba-e312-4a83-bdc5-d3d3e933c25c,2.3040439122833245,6.538198461273059,7.051558993201162
465bbc41-c556-4a96-bc22-9fbf3253769c,1.965212821077472,4.410705979542503,5.289446398807885
467d7daa-237a-4021-9f30-f1be47bd60b9,3.005862190632072,8.783495845083864,9.782679404016577
468b14a7-65c9-469b-9627-b4cc0ab91bce,1.8854765587969808,4.502783636049228,4.954449829341687
46911b6f-0a16-49ed-97ee-20d252c4d735,2.420865466635214,9.83216573982208,10.70872404193486
46a4760c-8b5d-4eb5-9e26-0833c98df1e0,2.239165812223684,6.006065751481531,6.815784720648284
46a67b6a-1018-4fc9-ad49-e699b21ee668,2.0131440030384105,4.523931996807352,5.198660071149073
46acc22f-8867-424b-8e03-f385e443e8ac,2.899879285211435,6.448314528731907,7.405449936938137
46c79d89-ff74-46cf-8b7d-13ba0911c413,2.9985594292702498,4.640406724578994,5.576844702054276
46ca476d-829e-4933-842e-bb3fa7bda92a,2.7071790497041683,9.482417231976688,10.37178394890288
46ccc68c-09a7-4534-9e58-5d2c958c5e97,2.78976812437818,6.666384762666166,7.367879898447077
46d005cb-b24c-4bd5-bcd0-808707c8069f,3.119627950226786,6.281124252861768,7.1980465284471125
46d0fdc7-d740-4d31-840f-6268d8e797f6,3.726301118550698,8.533099354998939,9.480120300177516
46d8820e-cfe6-4e91-8ef9-a81f0be5e8a3,1.960837617910713,4.015039299130272,4.806700359620342
46dcee6f-f58c-4143-b5b8-79fee2c6cc32,2.226316643383075,8.578973506172149,9.378553284089117
46dda4f3-bb63-4315-98f2-4185741e991a,2.5133893832148555,4.606874660461712,5.351445443831846
46e0bcb9-6e57-4c56-b2b8-07d510e67985,3.47350822117513,12.892829641083477,13.59718603439093
46e49d49-7434-4d5a-8ac0-b232e73c6e68,2.093851035999972,5.228508214113143,6.227150070811946
46f67bcb-f301-47c4-9522-8971825c2743,2.0091921180898,5.187316072256535,5.807293468505621
46fced14-9feb-42ac-b2f5-d1ecbb550ea1,2.5759293343828267,7.986935512108142,8.98677418997275
47303b27-577f-4e98-8c42-a6e961df6c5b,1.99756510543732,3.705468009922503,4.500885345674684
4744318e-e3bf-4d78-acaa-8141477a4f57,5.04635328708765,13.651000113893453,14.56371392496079
4755a31a-0d55-4705-a1ee-d367cd5e77e3,2.003958566018793,4.147627038445454,4.822215975191254
476aa279-fe95-464c-852e-562ae533a4c1,5.0838001897566425,7.202919274913601,7.515209241744786
479db487-4161-456c-860e-a01e6166ab05,2.445983524178538,6.9122036744145285,7.908201343209361
479fbc29-faac-4351-9998-fc62fa8542fc,1.7547579190727185,6.366576879031204,7.156336780370514
47a168d2-6724-4f78-95c6-af5259eb1ca3,2.4586110552087392,6.114698671877748,7.114156313650927
47c2196b-2183-4141-989e-d5e47aebd579,2.95481295455768,10.494240187674183,11.475692689626603
47c28b17-fddd-4274-9010-92baec48e1d2,1.77935280899317,5.673400998237693,6.556704133071151
47c4c73d-bb28-409d-b1aa-879c7b1bec47,2.002062915177825,5.12003587440405,5.918082901676072
47c7a937-1dd7-47d3-9472-a4ebb164fba7,7.498657343728585,20.11649606502408,20.4270749033613
47c86b76-b0fb-462e-a92e-04a09cc00d8e,3.5167343327379084,5.077557701106267,5.886509972076637
47cf54f0-2ca9-40e3-9460-a683f33f4f94,8.076415646488881,13.54388166100214,14.381202808836948
47d427b2-f0a1-40c7-9c9f-5221afaeb806,1.9527491034375728,4.656267240474073,5.125655204941936
47d75844-2661-45d7-a6be-293351fd753d,2.197095247377611,5.156508344339321,6.156313917188543
47eed713-29c7-457c-902e-66f2dd8489da,2.7705875159139084,6.504618969924764,7.143455280615437
47f2e6fa-9908-4de7-b29f-9219e1d1a1c0,2.3097797267197397,5.110835499754653,6.063489098797925
47f91194-ec7c-4e3d-8186-2da34285b116,2.835368443123691,11.89760717978107,12.282429043768843
48013c39-1a73-4e67-b1e3-9a8ef1c74c11,2.380057128018343,5.822891434342736,6.455344558872685
48018db3-1206-4d3b-82a8-584ef7b7ae99,3.453756689753651,9.472791719651712,10.350247080166312
4816c3bf-38ea-43d0-8773-570a61d2c741,2.4523918149358708,5.575439199564808,6.5754096660566965
4821a890-fac0-4312-b43b-c582041cde2f,2.8410815736590123,4.318458700305509,4.807133554353793
483c40a8-a4a8-4ab7-b7e5-adf2c0d927e7,2.950065776786689,4.5881070697202855,4.978052078749054
485023f9-cc7d-4adc-82f8-714bfdc6ac7a,1.9888415789801088,4.56895916447355,5.154685743667485
48579baa-24da-4eea-bf05-c2ae581aa394,2.1251885120647547,4.495925421069503,5.40848936644676
486d759a-83b2-4c1f-a7b6-2a2b629698e5,2.74436008521601,4.900230598724339,5.384785025076652
48749bdc-2bfd-46eb-9634-518eeb13e404,4.970148214870576,12.67629022718592,13.571243848305238
4876aa9e-365e-473a-b55b-13b304bcbad1,1.7437821815464696,4.499633518707565,5.2507690518945225
4878deb4-d830-47c3-b09b-3427feb2a316,3.6113365152514296,10.07715603094261,10.847013462464256
487b081e-868b-45ae-8ce7-611db69cbd76,1.7788217531097454,4.58462331387362,5.573700666709242
4885bde4-a266-4b01-85f2-5a9b9c6cb542,1.807602001341127,4.030325880862439,4.938712408507233
48935c29-ece3-40fe-81e8-d3407a1ca4ea,6.659762438329972,22.075614573599537,22.52686603458918
489a42d6-4a88-48d8-a71f-fe60c87b0147,2.6159082490508383,10.426103475809567,11.42378826798134
489e12c6-272c-44e3-a424-4a6a07e3903c,2.746706918570743,4.72214630345823,5.325785001266306
48c6d8d5-cc52-48d2-96ea-fca88c2e3f48,5.105230477472957,12.824177013069695,13.72829136798152
48d66d0f-162f-464a-b278-a52ad5fac206,2.6696108458232177,7.162152492991905,7.687720576021369
48d9f6c0-06ba-47af-a600-777760bfde6d,1.8114661318708247,4.781175638333921,5.558909045563016
491f8587-3338-45c1-9efc-2386be1499b2,3.79340112093886,10.533416872641812,11.413980264117788
492d5485-15c0-4152-88cf-5e85b774ebd0,2.625691406300256,6.766782903427771,7.555475144295356
4944480f-aed7-4812-ad98-dd6b595df6db,2.6693045464189726,4.526982632465005,5.4697457658489474
49538b27-5b56-4169-92be-a711ed6e4115,2.053668311714133,7.029062806030311,8.029062772394779
4954e611-a692-40c7-a750-d8eb02fdd207,2.691441795251075,4.031984574675928,4.519727030256977
49595757-3b98-4c47-ae44-528e207febea,2.2742457688311557,7.315622701692304,7.849189857827403
497a4766-9770-4951-afdd-3c7e2a1890bb,2.7037958940133526,4.497289899293978,5.367713800371173
498e7720-d211-48b9-91a4-2b2b1f298820,2.0781160842744333,7.448964753086773,8.1375253442772
499e1874-2055-4dd2-b68f-594d9bc5100e,2.816463352079003,9.122427385892768,9.57033588376967
49b944d7-9c1a-42f0-a609-96f7af1a58bd,2.1731597465119448,4.44571023948664,4.90471998676092
49bac4d2-8113-4960-97e2-87fe96b2f153,3.310898179633634,5.334679920129928,6.318991903389696
49d21891-dffc-43ab-a557-1af3b31e743a,2.082174903363922,6.525544849848107,7.524961227059791
49d6801b-a826-4999-b1e8-23d81d1c3457,1.8117143388733947,6.396821482453049,7.295819190983944
49e4ac67-1a07-4d85-8c71-e8e21099d78b,2.5459597481873426,4.966720892676735,5.9666502877685765
49f20ccc-e842-44ce-821d-9a7cdfe95489,7.379762088252031,20.81445931149433,21.81445899837709
49ff345c-5fa9-4431-84a6-ddb43186539d,2.073730044636838,4.269166735215074,4.8783562067107695
4a0e7a81-cab9-4acf-9a44-50027901cc2b,1.928736290697662,3.695676734398839,4.585155917061057
4a1374bb-d78c-4dd5-962c-5de1e0929c9f,3.5657124275672945,9.219319486964942,10.094600257287912
4a1cec2d-ffa9-4432-899d-6035ce92767c,1.807693667691548,6.155820441221912,7.0546054305353
4a1d2a5f-2f35-40dc-99fd-918cc09dcc2d,1.8587750648932375,4.4844188741404745,5.484388865651836
4a3ad377-7030-44d4-9777-3b1cae6e5f72,3.623481213108157,9.256858155700913,10.25602871569206
4a3bf444-f87f-4c1b-a131-1254913075b9,1.992688123344427,4.133580942985187,4.859948662941101
4a5733ee-9596-4ee0-b19d-2e9d90fc4028,2.9116672409922746,6.185020618344163,7.185020601964524
4a6aa745-c09f-4ef0-b1a7-6b57f2137a84,1.866448873571272,4.051311340004106,5.051264386976755
4a72ba0d-c8fb-4b7b-b6fb-a2d0b0622ed8,3.258733303767394,8.532182655122313,9.486866366007192
4a7daba5-a98d-4cdc-a01f-79917c2806c4,2.6929375764598658,6.356989177523981,7.302842148087959
4ab5f23f-dd57-441f-b37c-2e04e622a073,2.140524404567552,4.673334261800453,5.3300415414049285
4aba76d1-32b3-4b05-b727-2dd0aff23e67,2.952040682210556,6.0882120149164844,7.087024134552528
4ac6e1df-1fdc-431b-b5a7-7c203959e4bf,3.616049492394296,5.521712943324802,5.890299041333213
4ac7b097-cfa4-4d55-a7d6-7d367f7d68dc,2.140392739725172,8.083447469633217,8.811743333103157
4ad73858-7088-4f22-8d4a-29928d637373,2.1848723916986352,5.213886839951754,5.602976809797299
4ad79b9a-da21-4cbd-9d6c-508439fcaea7,3.134223409327722,4.392730900079956,4.873127496249054
4adbd15d-d383-4cb1-80aa-e577d0c22281,2.004601336232222,5.834297157130602,6.545103255991432
4ae3801d-d738-4046-b156-286c7101be66,3.917317544448272,7.598885432855069,8.482966964010012
4aee79f7-240c-4ff3-994f-7cb9063c67b3,2.599848183006629,6.94193011428361,7.761202364210675
4af0e2b2-b5bb-4e5e-8a83-54bb35f3bdc9,3.8876698292102874,10.51687482974886,11.506228166340875
4b003771-cb29-4f42-b522-35a14b636f65,2.9266847255332147,5.437902510094514,6.437513857934667
4b005bfb-9468-49b3-8bd0-31a004c50c40,1.9698428269359056,4.05483464440909,5.028607220938415
4b119af4-f581-43ff-afe6-4563a2093d09,4.713695411350132,14.926562501704034,15.84035854112375
4b3f3a8e-c97e-4167-a5d7-ca4fb86f2af6,3.082700538220314,8.26069295269233,8.65358266708581
4b46f5c8-dbe3-4f0a-b413-590e12cdf6df,3.330855535363878,5.841700709234108,6.329161501352632
4b4f19ad-6ae5-4e01-bd2e-e00c9db30e6b,1.9048831187864352,4.677239381163787,5.320020761222569
4b55146b-7039-4726-b45d-982ce7c46c3e,4.825478028779672,12.922400394084658,13.891636562620484
4b581621-85db-4baf-b188-3c335628a8b3,3.5149986353375886,13.823699282507448,14.41754744611232
4b598331-eac4-40ab-bdb4-9df55b642d1c,2.2909044784007384,8.920386709250419,9.89035517209686
4b672fcd-9856-4722-ac60-06f7e05fb501,6.746821175632235,14.787145646631746,15.726348369538671
4b75c616-d5d0-408a-b6af-1d118f13a95d,1.8461029634353845,7.134081092381246,8.100139976647487
4b85058e-0031-499a-b43a-b7df63b5aa19,2.7078251571067176,4.086971200895842,4.7417440282614045
4b87ad4b-3301-4c04-b9a5-eaa25ed43938,1.7984757529148343,5.263107927974681,6.26204089146929
4b929f64-dc7a-4d2e-b9a9-d1531ec07c23,2.567658762230082,5.9782435303791255,6.957090704727777
4b944347-ccc6-48dd-9028-5048650b0b3c,2.222879591794439,8.190245386933194,9.10210888852959
4b9914d5-0f67-473d-9cfe-07f33c215100,2.6265534238049666,5.776082631593098,6.206360205403051
4baeb3c4-5a5d-4aba-bdb9-65b0cbfbba73,3.593052001567413,10.608189757226114,11.5907232195511
4bb7e565-8c32-40c6-b137-664de76e2f40,1.8945220717557607,4.0542290267936965,4.967431044994317
4bc7d45b-6872-4ea0-863b-21c392602dd0,2.031776302611858,10.117560215844042,10.98753989988698
4bcb45b5-2105-4562-a6ce-2dc4354ed785,2.948063519331368,8.683654578500656,9.676308723357826
4bd15f7f-c3a0-491e-8b45-cc5497e272cf,1.9373127303690236,4.139322572722058,4.622420520097871
4bd8d30a-1122-4823-a35a-2e0790d5b5c9,3.747673223414501,9.05679533563109,9.360098081680048
4c025c7e-75f7-4719-970e-1a1669b42710,2.221914603805482,4.664048503904643,5.663538434398863
4c0f0de5-2cb8-45ca-990e-c056379fe91d,1.8126367378538828,4.830105539639491,5.573159072052891
4c13441e-992b-4059-874c-a325e1d1a28c,2.475507335273924,3.944863476349061,4.538283876268382
4c2367e2-b176-48dd-89e9-60f9fa557642,6.511998895494524,17.184166623106478,18.184024399208752
4c28bf40-f363-4458-b4f1-02eb6d5fc130,4.700591133069732,13.41395028039318,14.311238256739186
4c2be68e-a567-4d81-8f0a-43ea99183778,1.9118617573926175,4.666506964941533,5.433725446222656
4c3a369b-b4cb-4a23-bafe-a779b45a1859,2.606690091824804,9.337144681681044,10.154358973160162
4c3c1750-d29f-4ad7-a602-373eae45cd5a,1.9177050710163543,4.993841006570774,5.601652318296942
4c3dd5f9-dd86-4888-97f8-3eba684b7e58,5.220267238797301,14.02107935323922,14.86995940799584
4c4affd1-d73f-424b-987d-efa0fcdc3b81,3.177728486035006,8.224751455966175,9.223807955011846
4c572953-c29f-4e3b-bf5b-ed3c3f6fb8f9,4.147761987790952,4.442929998611944,5.057153673115538
4c5780e3-7da6-4481-ba4e-5462dd47a74f,2.5217233844430123,7.919912072278134,8.4319524791218
4c5b1314-0d3c-494f-9679-5f5c98499f69,3.3500034727686856,7.540295720668271,8.464156103876359
4c61cba9-4394-4281-b619-7f9421aa4e64,2.5133062484200908,6.057173052079863,7.05310362982463
4c64bfba-e5b4-46a4-99ce-e796dda2f184,1.751650992497581,7.049201063054699,7.695561094758646
4c69494f-758e-43fe-ba58-452a4549c20e,2.0466281692004604,3.776745404809793,4.775103438834936
4c73c507-68c9-4db3-a7ae-49442fd051aa,5.95930108148043,20.79948898754157,21.55411204123423
4c7d0601-02f5-40bc-89f6-bbdb8d83039a,2.3312449283872123,3.744619858469524,4.527689368643214
4c7e8899-860b-4df2-855e-0b1dd62ac94c,4.734013848303373,13.119497390954082,14.078941812847626
4c891e4b-f651-44d3-9781-8cf1deb4c1f7,2.635879018022002,4.943100733717454,5.943100057244516
4c9481a1-23cf-4cef-9305-645d1d74abb1,2.017963939660273,6.979274197467007,7.937848685282009
4ca69ce1-e9e6-4e5a-b1b6-0c501ec977a7,2.331316626497327,9.985983772216724,10.884770676875684
4caea534-1cb8-4b44-9e60-af823bade8ba,2.6990104231665693,8.58312013686014,9.583120133940996
4cb52afa-c492-42d7-9446-efab848336f8,2.899221333463728,4.973377807773512,5.498707822666029
4cbcc41f-de7d-4a3f-bef7-a4c35ae2c2ab,2.2838209948960984,4.52093986750496,5.420488998894825
4cbe1901-a25f-4241-93b2-66dca7d77342,1.7320216983866523,4.016648581459053,4.985980865405528
4cd9b9c2-1b91-4dbe-b25b-1d526d94f808,1.9606872981329824,5.862271353684752,6.708247160047972
4ce05990-579f-410d-ad54-db32a171b4c1,4.83562428754452,11.68891271837384,12.04951446772217
4cf879b5-01cc-45b0-8ff4-3592cc643447,2.095787394091161,6.481783727329514,7.220757322797892
4d0dbdaf-43a9-48ff-861d-371bd145226b,2.3778505328838686,3.788054554570036,4.787701368863168
4d3c1bd3-836f-4a5a-87f3-7da4a03af1d8,3.2949103218249363,8.309643087002632,9.24557866375748
4d3e5567-6a50-4a6d-8ca4-69fb8d271b83,2.731002506712501,5.5663006938940125,6.026920208591092
4d407fb3-4ab3-4ec9-8995-6ba91575fa0f,2.883511690390145,5.320104589315232,6.088259247046223
4d7a4304-71bd-4435-8a77-049f41ac418b,1.8220115500083256,5.424164230230644,6.346520790419205
4d8bc86b-0870-492f-9983-aa954a372712,2.282084665860191,6.286900490096604,7.177498652246702
4da0fef4-f78b-4b5b-a4d1-d0f86236882e,4.203101355720788,10.297583282199474,11.24326728104942
4da5a520-8cb8-4653-95e0-e92cdf632662,5.280244065215163,9.393315762970444,9.758533821320029
4db50848-1654-46fd-bb27-d7e27ebc193b,4.141390312538225,9.089194278651073,10.089156683624209
4db9e977-6c19-43ad-9b2c-9ef0009b0764,6.031070559494695,15.271800712972256,16.180251026847884
4dbf6d6d-3fa7-4254-af4b-48f28c900a6f,2.3682512498882557,6.512075099052359,6.888222133866483
4dd72520-bef6-417f-8341-2c3a07f70a9c,4.513773802605017,10.63638197616429,11.307506505243069
4de1bc8e-0669-4664-ac6e-c75ae28d3d13,2.8085362436874446,6.4190466337277625,7.384045094460023
4de5879c-92c4-4176-b107-3784d84e856e,2.935711243902095,8.859656502729022,9.615244980976874
4df7585d-c97d-45f1-8bd6-a40ea1565a11,1.8662260233593,4.7015050291685005,5.679463414096456
4e023a7c-3027-4b32-81da-34bff7ee007e,2.168016433016632,6.434235780605874,7.434231218882509
4e1aad15-44c8-4723-b870-d43c68cae7b2,2.4496089276688946,4.0440583315855605,4.432754245542447
4e2bc4de-12a5-4743-b816-2d9d6331c858,7.445684230648024,24.131629995661232,25.131629933178004
4e2be3c7-4d23-41fd-89dc-3f7ad75fb603,2.015566502017175,4.463959030566339,5.271239687501504
4e2d28d8-91eb-4008-ac78-37e09ebf36c8,3.3566067005000804,6.319725252419322,7.162703033615796
4e37dcf0-083f-4cf1-9676-b0b98abd18a4,3.111992722159102,4.523351317534554,5.1250178356219305
4e3c8274-2b4d-4234-b01e-f4d6a7934076,2.8760254816142403,7.618290913457002,8.431438014763778
4e490b60-301d-4e4f-9103-0cac1cbaff58,2.8097568049327983,5.933719897903241,6.686165701200164
4e55a997-0f78-4a06-94a1-afa1cc25c443,1.9058250828744432,4.861047816301649,5.660275779322955
4e5cd48d-7946-4bd4-b168-fc5bdd6713cd,2.08163497977252,4.396436151335538,4.799229997737507
4e66a454-7f5f-4a3a-aaa8-91e32605544b,2.052812835069147,4.565838896628355,5.061087369842154
4e76b88c-15e5-4d36-a759-ec6f28079747,2.074922483788198,8.851507314211405,9.825182591794666
4e81a829-7f13-4f72-8034-9b659f829e26,3.4770783120205944,9.865537541721572,10.843229233878628
4e850232-f77b-4d66-a119-805d246c912b,1.8613087584320125,5.989788104836309,6.426629865974325
4e8685bb-5ca7-4348-9096-0b96a4943954,2.117740494597509,8.36339167451879,8.991017146269344
4e8c22b5-90a9-43ca-9188-80d092323e22,1.853234497826612,3.9429573152551134,4.756038394052536
4e8d8164-55ed-4324-81e6-5e4bb187a1b3,1.822673679023224,5.928038642626479,6.403162691911651
4ea7e18b-eb77-44ba-94a0-b24c7b8c88c4,1.7310816359483805,5.086286197193639,6.065050317735235
4eac46c1-8ee3-482c-a212-9328c4ce10ce,2.421072347207592,10.44860982077517,11.448501055242224
4eea28d6-ed8d-4460-844d-5dc88d321c26,1.8267395954095549,5.137499688191426,5.983307539165669
4ef8889c-ddf7-4742-8103-53a99d722cb8,3.2995723621020527,6.844651292465653,7.592176785653434
4efe0bf0-5b62-47f8-a76c-6888649fd864,1.8010523152800568,5.435357125643719,6.275886945010496
4f13d04c-ea7f-466c-b12a-c85997e77b75,5.704049911461032,20.084797260261933,20.85089769745333
4f246ccc-c7d5-4c0b-ac37-39f3e5394a6a,3.807860479261403,8.763865468600253,9.490288313050854
4f2eb0b0-9f7d-42cc-9f15-cc70b3297597,2.0839092282414557,3.676987876296812,4.455800256424858
4f3d38e1-1f45-45cd-b88e-65650ab74403,4.128031795617442,6.288598371235373,6.778623795405555
4f5e38c3-5173-4873-b6f3-408989eb029a,2.5362153799070475,6.036448762088558,6.535771246858471
4f643364-47b3-4a4a-8d13-a129dca0fb6f,1.9315221931814197,3.798802542294483,4.798790205015706
4f6d4ae3-e420-49b0-85f6-959c7a5ed7de,5.093988387988489,14.112140226951851,14.923762378773418
4f76a52a-c574-4921-8b83-3a37e701d57b,2.9700396473012494,3.661353879277613,4.6613536077190085
4f7c653d-26be-4bac-b5ef-ec08c7ae2345,3.128363470867628,4.080914156180064,4.965889158153448
4f7edb9d-3a9b-4805-9d1e-2a6023e2b625,1.7555694965555737,3.9327340904309143,4.575587205125077
4f891127-7bd9-4289-a7bf-79dfb3f538e7,2.1282312091419198,3.984089000620416,4.778330709091356
4f8921cc-55a1-4671-a67f-b3dd82a91937,1.8489501909644672,6.119366062252663,6.88563437654536
4f934076-f550-4a31-b82c-76979e4691d0,1.842717998913589,3.9802448885410784,4.980191514240432
4fac38af-c122-4734-a963-93cd586d2cd2,2.4374832780257822,4.968280723317156,5.789955900850441
4fb9cb48-0845-451a-a6ca-95e05bac4ee2,3.4800819169120776,5.862045671127086,6.392770130583201
4fbcd166-9ed8-4cee-88af-44eaba411037,2.859934671538608,9.29989592638158,10.116135012866271
4fd90a20-b7d6-48bf-bdfd-5a0dbfef105d,2.777947678275248,5.091231326592265,5.787438129570948
4fda7b24-7207-451e-a4a4-2d5edc3fbd3a,2.0948883868542185,7.257776120550091,8.228351285368392
4fe34964-aa3a-4b33-81f1-730bd487630f,2.667559154586761,7.177392908281987,8.097572467429334
4ff238ca-9351-4641-93e0-c9e5b78d7222,2.8475682741577413,8.430618167967841,8.871691939369525
4ff966e1-702b-42d1-9499-6e3a1cd730cb,2.1524264080660545,7.611319386100972,8.608760846614732
5005bc5e-602c-4e4c-b40a-7ebce21fe7d7,1.7416902107338574,4.847730375011261,5.341065131567604
500e6bcd-72b1-4e45-a1cc-8fd05323142c,2.839573861570507,5.822636061055508,6.3898588816502135
50213778-a2bb-4d3f-a385-6b03ba359deb,2.20925868893131,3.8248926622870623,4.8248921393412125
503b1a38-ebfe-49b5-9f65-885f1481a7db,1.9015871478316373,4.481404589705153,4.82960574572571
504cf1c2-2a14-49dc-ad61-bd54d45abe86,2.719104200373692,8.866334064940862,9.866333315633575
504e23b0-2caa-4f39-bf76-997cbc0fd36a,2.564128944625975,10.635570986798928,11.03856740273211
505d7bfc-d138-4463-9869-220fa250e64c,1.7434988836909815,4.646852530567889,5.527302637552308
506d9d30-b09f-4507-93ab-21442bdcb769,2.498715299722862,4.931754025563581,5.3848473510631525
5073d0b3-0fdf-4862-bffd-8cd9479a75e8,2.7950896838980523,3.755135179721469,4.477712594412999
5076c611-1975-41f6-b337-5978bc6d689a,2.8065556578533672,6.020884793851709,6.865286268341747
5077da05-fcf9-4074-88c6-b1660f73972e,4.542601744735096,14.488654905050174,15.21387279826638
507d1a88-9a6b-4a49-aaf3-1fe41a7678fe,3.358845372749722,12.113273090163048,13.113217418404872
5088d13e-cb32-49f2-b145-d51d3ea3feda,2.1529959692139,7.27471914937668,7.530940594048064
508ae380-f232-412e-8b15-5a63e77c88d0,2.2749279890327254,3.677399131020438,4.585436431812969
508e1639-4926-48ad-9ad3-a3a99846b0af,3.0134759556106894,5.817754443867038,6.539023714440458
5097442a-81ca-4507-ab94-5a71edd13318,2.720792465272388,5.832031223719768,6.764311713644546
5098494c-05cf-45f7-9e81-762f501d8b68,2.816981072817058,7.07396954734999,8.073952769585718
5098dac9-2ba6-4a95-9577-72d64961f1ce,2.534281753199036,6.017160845310404,6.96872997190216
50a71bf5-786e-454a-ad36-40e41094fa66,2.830059311527575,8.24549550178484,8.930595667239679
50b79ac1-71c3-4055-b99e-6d06121ad009,1.9721705539808123,8.912815125675174,9.912810009904597
50bb2949-0c8e-4686-a876-ef6f1e7cd06d,1.826667110232269,4.408089287439847,5.276353584816967
50bca088-1c0d-4602-b1f3-696354a99ebb,1.8810226555002303,4.669590343264824,5.106976078552126
50c3e2e2-4b12-41b3-8c08-11e8a7c49e43,9.824332927532817,25.46949083429009,26.178507360865613
50d9d549-fd3a-49c3-90f6-3578c31a268e,3.176360495005514,7.5765716427084975,8.072773989089994
50f6652f-76d3-4aaa-b9da-8f8eb006f5cc,6.7521363876713245,18.254501810752828,18.546086922039265
510306ae-9503-40b1-a5b0-badc3d61b7bf,2.179378341075948,4.098022372194118,4.645850149581614
511c32df-d3c6-4ef0-9c98-0b875d7b1e18,2.7497118509134872,8.456895382427417,9.412756622075223
511fb48f-2e71-470d-b528-0a4a955a04c4,5.650838722587426,14.836630131526864,15.508144241771577
51205330-56c7-4997-a928-f0d45aa3bce8,2.16172292110182,5.88743151848906,6.504676902699707
5120b1ad-17be-4d2a-8fe8-19bd717cc1f7,2.134215698015422,5.540334337692568,6.098782936914747
51227f81-3ed8-426c-886f-833537af647a,1.934234722842312,4.341611203337641,5.044916221450573
512718d4-5342-4aa6-b6e9-75ce8bd69d65,2.6384492009104843,11.046774341944335,11.766984670037832
5128ae96-b17d-433c-afeb-28944e33e6d3,2.3590493172040445,4.264936192087784,4.98898337485975
512ff8b3-a76b-4604-834b-ef87c758ebfe,1.8508491995045573,3.7444201963715615,4.434838908292121
5136202c-c2eb-41f1-bfba-16e981d4502a,2.602502975727902,3.933102717874848,4.933084317221167
513d221f-ed81-42a5-ae8d-928cba631877,6.823739077405242,13.784110000052875,14.778800077534566
51471946-fde8-4412-a808-a6affa2c2d75,1.8332490299220552,5.578440232997141,6.089956012452799
514b6c79-ce6f-4d5a-a6e4-a15dbfc47009,2.8893480783671524,8.875594865987694,9.74300379611547
514b781c-da89-4d40-9cc3-023b56ad7a12,6.610308236510906,18.065716954974523,18.97171594002356
51557b3d-05c5-4efb-a036-b46a2401f353,4.941216280402061,15.927252328489976,16.779520504045024
515661de-6d38-401f-88c5-13ced757bc36,1.7896612709798467,4.0537486375564535,4.512792726918437
5171e0a3-b339-427e-b482-5566b534654d,4.73256673503671,13.754302438681531,14.539051683233057
51a75b41-e649-4e01-8308-4612fe3518ef,1.7450570534143657,4.514281113229224,5.341944250944434
51b0030d-f63f-45d9-b074-ecdfe8cfaf6e,1.8461567809596149,5.548657914262886,6.5479971943944255
51b3ed76-710b-437e-b585-2e48e88bef7e,2.7219095269979494,6.9036605939668245,7.720981740723113
51dc1783-c87c-49e0-aed6-73c41f3a0b72,3.4011516293884183,8.344097571967877,9.2711358744341
51dd620b-0379-4047-a5c1-c41b1a87b113,2.7331257622434624,6.643200850143415,7.362755889295506
51ef4723-504d-436c-94df-5fcd90d17c89,5.656451689324987,18.794052795577105,19.79118069461305
51f3f0f5-f88b-4278-8a06-a7ef2c529e03,3.174848879124773,6.843547927619653,7.84354303001353
51ff659e-a3a6-492d-ad58-fb434f5333e2,5.311412335979587,10.094382812231744,10.65722185051775
5203281f-7660-41a1-937b-cafd0846e813,1.983761085904676,5.8236261247973005,6.544612331209814
520592b0-9ed9-4f4f-81c7-f3ca15625439,2.410002154688722,6.2197827503860665,7.0539351421341205
520601f2-31fa-4c1a-9f1a-9a4274e5a6f8,4.220912229569315,8.744424435599013,9.716585679178545
5206cd5e-0ccc-4eeb-9246-71e72d20a123,2.374148768547525,5.958121813762994,6.958121541744541
5231e6e8-b532-4525-8f34-871e210e2cfd,5.361631384494143,12.42783076414756,13.298640562885078
52380738-7ec3-46c1-80e5-35a2f9cd6399,1.7322125166332336,4.159375202186597,4.884509784128101
5272a50a-d95c-4717-8aa8-b878bb9bc846,2.49479602464685,6.334716265348154,6.642873323864
529267f1-6a67-4cc3-9317-bc5b5d2dcbe3,2.1499749222692293,4.711796464232455,5.403825885494304
5293b23f-d6e0-4361-b998-26dbfee529c9,2.174617607298819,5.054403918106757,5.911254717708457
529a7794-6e5e-4550-bca3-f2b23c90a83a,1.8724130468292424,7.531134576625189,8.53113452999204
52af7407-965d-4ef1-99e1-3e58b179a4fa,3.0332050181114414,7.133698671110363,8.048917552095888
52bd3a7e-2782-449c-a405-5bea980d6a1f,2.496996742707265,3.9274130724544216,4.703575600755609
52c4a7ce-cb07-4a71-a074-5e3ba017c409,2.266377067878935,3.8263887537196895,4.826382919714983
52c4bd93-1946-4152-bd03-021f3033a296,3.3921974897432827,9.382642347690323,10.38245702110569
52cf329a-874b-46c0-872b-f4c6163457b7,3.3429508495393376,7.079777106428188,7.524861464744016
52d5ce11-79ce-4703-a409-1cc457e8ca83,4.986331508010252,6.991216899767844,7.892834860447333
52e1e7fe-5421-46f9-a1eb-18ae2009ecff,2.750868962728461,8.431174045555771,8.90632949030276
52e75e69-d248-444d-a1a3-2795fe89f875,2.8525773195223705,8.953479319388322,9.62035469800365
52ed46d1-69bf-4318-b6b0-a0d2e8573565,2.2718841645643746,6.851153377777049,7.496735151308788
52ff4a5b-9e34-4181-ac7e-ef19fa95ea05,1.7952685831843616,4.999683583455637,5.80843962905506
5304b3cb-1044-43fb-9c8d-9c9fd683e6a8,2.61108115348612,7.588410985026708,8.29152859279995
5307583a-5eeb-4344-90f4-8c0c1872b900,2.841749833663397,7.195930293212367,8.194858764844826
5313a121-1d2e-4263-b95b-db4e2a8063de,1.8619875517077984,4.626622631139451,5.626622568494627
53152282-7311-479e-99b4-808956b7858c,1.9221091918968571,7.540959363123989,8.147782280535736
5320e2ea-9fcf-4dff-b790-0977c9dfa8ed,2.384610017424419,5.690330768811111,6.461002986337863
5323d4a5-e5aa-4a69-a9e6-722aedbf209b,1.7905325998200896,6.079741867485034,7.033677098706617
532b7acf-5240-43ac-a8a9-9d599ae714fa,2.549200960163255,6.915912016278984,7.650066768760301
532eff76-5d8e-4209-816c-10353f04ba03,1.7537620792668562,5.031622773000585,5.824147851590595
533c7e92-d1d2-4a07-b81c-4e912898196a,3.448541482915623,8.375986242862126,9.26190223183982
533d69b4-4618-4df7-8b89-8e0e9a44c2af,1.7709751389833384,3.895477776696056,4.685129774460899
533e0868-8d02-47bb-8a66-9c0671ba1359,2.7661061037810546,5.552206837615472,6.552206386759449
537af0bf-7b23-4c7b-a25e-fa0a2c2c613d,2.3765089200040044,4.564793282311308,5.537785873039135
53815b48-1072-4884-a418-bb37d029cc5e,2.4674279101776606,7.037984635129165,8.037984629667308
538a48c4-dbc6-46c7-8ec9-1b96f7e6fa75,2.6049981268123648,4.886596315081224,5.443915177090172
53957a9a-156b-4903-9163-9b41de1b6394,3.1005279986712946,8.09471450679231,8.67282807929339
53994245-1acc-4a85-9e02-45df1b9d0123,2.7879236526439346,9.257555888410074,9.825772496398626
53a228e1-89de-44c9-80cf-c631aa958883,2.079363891008099,6.93716201765743,7.798039531086853
53c058ac-e839-4842-80fb-4b83fb57cb22,2.769479975571252,6.015696124014876,6.78348483277046
53c45c87-394a-4113-9d17-c2c45192b401,2.030615241604804,6.434280340168447,7.434278757244358
53d161db-fa0a-4b8e-82a5-d902d32c4865,2.9928397167761736,8.283700418649268,9.121264371125434
53d37179-380d-4622-b53e-3078777b5480,2.402813119151164,8.461867961412993,9.46053890279305
53d8202d-20d5-4820-baf2-b25cde72a39e,1.8493466959772915,5.249863957610983,5.970919311547637
53eb6145-24d5-4098-926d-3d164c1b3689,5.777319165373298,15.997892427641627,16.580893662657715
53f33fb5-28f8-4c2e-b41b-26f6da88e6c5,3.634998739555029,10.376614272437704,11.309748990360646
53f94043-cbbe-448d-abe3-b85e6cd7826e,3.1597882294826154,5.806672086054565,6.734992134563671
54026ff6-9d8e-4e03-8a39-869c3a646e1b,2.7391977721811616,4.643282142650977,5.3461489508745625
5416dc94-1f70-469e-a1a4-ee43b22592ca,4.190991197106899,14.952465216608894,15.617137206889533
542b7fdd-5ca9-47f4-a296-23c8103b848e,4.834415918224384,10.934214902897248,11.9094903986945
54442182-83b7-4407-a7ba-39c909c4f238,2.339065763984977,4.100688331737187,5.054767480488316
5454698a-5b7b-4a4b-b4fd-20ddf9bd05a4,2.216086276227996,4.784630379893303,5.395870232325696
5458d802-86cf-42d2-a2b5-2412ad3091a4,3.68383056650636,7.770891773841567,8.770868555038497
546389cc-67d8-4230-9dc1-2ac9ac36c531,3.7887172663812736,8.297434751160957,8.840676549091379
54660601-838b-41ae-8963-c40b7188c33f,2.7029390310621912,7.939568492721514,8.402059591794076
5467d6d3-dfe0-45a0-8d5c-6139dd409368,4.820676863992508,10.98406144893513,11.536768828442009
54741d72-43c2-44df-8c59-cf7c1d116423,2.729775280523006,5.002968306020088,5.9991848870324365
547a0294-e5cd-47a4-bcf4-beeae6dbd1a8,2.0820791725509005,4.180380509695634,5.180378675536085
547c5e54-24b7-4bd7-8b74-3f6598ebfe3f,4.151092401793807,9.898577819580511,10.680229194443768
547c67df-a500-4593-936c-fef44283896a,2.202558311884363,9.538269171139524,9.848313995101638
547f8f64-cc31-4147-aded-c6e1c9ecbf8b,6.545888394414367,17.75083082862335,18.1554907169388
548bcfc3-3355-4986-8c21-13c8d6cf4759,2.489409190347053,6.296248258210383,7.121142811278518
548d7c05-dfda-48e1-be4c-bb22f2589904,2.5428751162510888,6.5696918115167655,7.29451623277288
54ac36f9-7187-4575-8f6d-d4c19f2a5e44,2.7036223817437315,6.983117037425217,7.518740090431952
54b5424d-560b-49f8-8d61-9e010b376d03,2.438734841014053,3.917178218814483,4.823831735802447
54bb1388-faaf-490b-b8bb-81ef2adc1373,1.749802768952765,6.487950298573016,7.448910520843591
54bb2e21-41d3-4773-bcb1-0b1e425da1c3,2.6674438086718637,5.498347217064748,6.333297522213239
54bf426d-8b91-423f-8c34-3d725842a06d,2.219741613682593,5.443728409884583,6.443600802693881
54cbc3db-7643-49b4-a924-31b00e62e1e5,2.61465725953188,8.831148103435098,9.827493777411286
54e149dc-db97-4101-89ba-402dc22948b0,2.09472924330531,4.493510927696319,5.492899487039309
54e3e441-e52e-47b6-9bae-e6e2ac0ba6ef,1.9903530584805305,4.117788360074214,4.767456483776444
54ed5e86-b752-464f-8a82-8e0887aae41e,2.697113142573824,4.33827822815638,4.994547252014765
54ee71de-ea4f-4226-bf99-6335b9c8c296,1.9296435615094203,8.260477363467702,8.851144769197479
54f727bf-d5f2-4e1d-9b93-cb91f18a5aba,1.8042557223845104,4.341353040903552,5.054148519587445
5511987a-4350-4ea5-8716-af88a4a3be76,1.9623894607355092,3.899897424033939,4.643151543265703
551b60f0-93d6-44c6-9924-b087930ee387,2.775110229462647,7.157792761090305,8.081630059431289
551ebca3-c384-4564-8ec8-e55990b70626,1.7674109098827493,6.837360667677283,7.641291068230418
552683e7-4858-45fb-8da8-3b59ed77137b,1.9665350042035008,4.413237379082692,5.179876433260067
552d8fec-7657-4579-9ff4-633d7c058d20,2.378731712581356,4.119805365998184,5.119805029322794
553fe923-7e3e-4d1f-96b1-ded30633b435,2.5017511461983357,4.685119529906763,5.34925177291614
554265cd-6cac-42b6-804b-30c6661f6391,1.892222771038892,5.705782770712973,6.586591712771512
5556df78-164b-4ddf-9a4d-cf17b2ec266a,2.307288457974336,5.736734765744802,6.736732162790495
5564e94b-0823-4026-99c8-b3f38525b80e,2.119419997057556,3.85338805356145,4.652321478200576
5565f164-66e2-483c-a24b-4455f33bf83b,5.593851612602921,18.2755462887995,19.219923266983837
557ddde4-72b0-44f1-b47a-f5282df3c8e1,3.609674391811711,12.979406067055852,13.97938904491509
557f5cb6-1fa4-4a89-a57b-c3996b61f72f,2.200611291027839,4.809969471463295,5.80996947130184
5585d482-3bca-4551-9ffe-2c9c200b0552,2.0423179187062286,4.842338179729733,5.507608662083484
559992a6-de2d-4a31-a24c-ee01646cad39,2.481751276134884,4.802513258931198,5.111101238199928
55a445a4-ddad-4f23-8246-ae69ff0d80ec,1.7387428867761263,4.606326430128324,5.277985242828006
55ac310e-5fc2-4fda-89b0-aa27d74a99c3,3.1811343023254395,8.141888638199578,8.999684690764045
55cbc8df-1ac9-4534-9a9a-30d6ab3fd334,2.030488282127792,5.429074274675768,6.156907957241727
55dcd7b5-8837-4142-b498-c5e47b6b5709,3.4390103442548745,8.111867035457848,8.924780617745954
560817ec-3cac-495c-af5b-ba7f542fca49,6.400385552658945,16.484475685698715,17.484474513227322
560c4bba-da68-4a0b-bec7-1b5d8e8709a3,3.099507696995131,7.519274027772282,8.496955752249624
5623c0c6-8a32-43db-826b-7ea9d43165ff,1.8249687004105115,5.83092999323271,6.475863984745399
5628592a-6560-499b-a8a9-81da0dd5efc4,2.671668372090754,4.239892429828124,5.067100596692456
5630e7cb-050b-4f4d-9945-16e91efe757c,4.379108622163216,12.097005001188489,13.06795810761874
56313a90-f272-4ef9-bddb-883800068a8b,3.3973842107829677,6.0866539072772685,6.68342050590506
5634b346-529f-43cc-bfa1-a783c06d1df3,3.514614402658039,6.142674062805907,6.84277856361414
5641e2a4-efae-4158-8f3f-13fd36fad793,2.851898055138868,4.61568046681148,5.274735175176646
56544148-d35b-4d40-a42d-2ba245028e08,2.702684054465591,6.737893083801186,7.553861899964117
56598c86-af71-4143-a8e0-93cc3c6f70e1,2.602775945011049,5.186155571275422,6.186135983740601
56732fdb-91ff-4d71-8235-4ccf5fc1a4eb,2.055234447760846,5.68752311861112,6.629778246505108
56896bb1-fc8a-4c07-b37e-fa90e5d507ff,2.9393159664530826,8.952505479545334,9.740017827113142
569661ee-42c8-4f5f-a02a-4c85ded55451,4.539733560187663,12.242674402770456,13.154788222811243
56a2ddf1-ece0-42be-a6df-3d02c4f0ad5e,1.9781407353549545,7.080603132768832,7.940149639879821
56b3cbce-4c1a-447d-862f-544317a55918,2.720011152655091,6.676897421391964,7.647312515749744
56e45967-240e-46cd-9ff6-b5bffdcc5d85,2.8594838416176933,4.995117830513036,5.782604807646695
56f0f749-ed93-4787-849a-06a3ee90adee,1.997227038710921,5.672441675546101,6.635133204711324
56f3bbab-c429-4baa-807a-bc023e98f29b,3.925333559481416,8.795625239083776,9.388760767321036
570d8ba3-028a-4560-89f4-a8c540072370,2.711267669184548,7.843828766059873,8.83380886704199
5717d059-ef71-463b-a1d9-12734c7c3781,1.866636548561949,4.035354612695016,4.9831007203080535
573bdf6e-9c85-4a97-893c-f569a1d5876d,2.132413879204526,5.729594322065879,6.342149226012912
574e7ea4-4774-4dee-824c-87b51a4176ec,2.3031311158341907,7.193013795331803,7.828574677090531
574ecadb-9f1a-4ab8-9727-f4148a83db10,1.8234737464611317,5.082380811926756,5.734698437414018
575fb7db-934c-4af5-ae30-0c648f1705ca,1.7510608807183423,3.672985808052784,4.651849721965617
5760440b-08e0-4ba9-b116-e73b27cc9b64,2.1349379959838783,5.039115442016817,5.491777781910417
576c8e61-41d7-4dc8-bd30-ce772ac89ee1,2.297722667777854,6.9345800712202665,7.875533981188386
577394d1-ac35-4fd7-8e3d-c2c9c1825eca,2.557153735731491,3.848954554589166,4.489076586914638
57759cbe-b674-4f9f-9a43-97474676eb18,2.1236637212488594,3.668711309423228,4.592418044003153
579520fd-1b21-455e-a1f8-4e43b272be0b,2.0860247478854976,4.443897571692107,5.094573716167545
5798dcda-e715-4962-b099-0dae7933b0c0,2.5770912892540774,6.8798297517787725,7.733010508805685
57a8b829-abc2-4489-9650-28e9acffe3fe,1.8568088377481924,6.216321084964447,7.108802575992928
57ca093d-3d77-4e05-b1f1-014dac4f6d52,1.935055950161523,4.993443916303761,5.993442239511865
57ddb197-1cf6-4a89-9c39-996f6f3d3364,1.97763722007823,5.878033335058395,6.776479619144251
57fb205c-7105-4487-9207-e445de59b4fd,4.383245793564383,14.026690971523596,14.934741808996591
58046c93-ca4f-4377-87c2-f81c0e72fedf,3.160246445412383,3.674456523710053,4.512387104719875
5806dab2-367c-4345-9079-0306ff94d0d0,1.8263349358610312,4.541441188704049,5.434691026637259
5819ffb9-099e-4dbe-9d26-36b1b27f47ba,2.6634579759865247,8.92944857703824,9.929448032259018
581f3aa9-5016-4156-80c7-0109b595ffe7,5.085322865271984,13.39428888478198,13.915709664413832
582a4d97-99c3-4e1c-a536-43b6ee025f13,2.0140932436359797,4.997829015173298,5.99781440005973
584178c4-1bae-43a0-8655-5dc63babc94e,2.6624120473858084,8.39830087144665,9.361411044933403
5843e91d-533a-4560-9d3c-7aace33d619f,1.8330166725080348,4.795418535029581,5.65066453129034
58556852-0476-44de-a894-a6f2e396daff,4.02298406873882,9.171151279711273,10.017748009412252
585b9e56-20fc-47b6-bc41-56a33243c08d,2.57730167957956,4.118133548991653,5.10900218536364
5861b756-db6a-43e8-821f-f9680ce82975,2.19882423978868,4.932824015212318,5.5770960588283
5871f8ad-752f-4b4d-ba85-a48f2329d02c,1.7949063940040153,4.14833812797869,4.805442079255583
58766cbe-6ab4-4fd0-b660-9b569ecbccbf,1.999836890752044,4.856175230285822,5.647258843731209
5877da70-2577-40e1-a05d-9fe3ad1a9a4f,1.7350888169020957,5.195958851751313,5.719646951310154
5890c5e5-3af1-4cb7-87d6-575eab546000,4.624393617583412,8.186302264694826,9.091793437419684
5893f7e9-be68-4c64-9a65-9fe3170712e4,3.1142664850779176,6.155683887322908,6.944341042284029
5894dc98-6275-4578-9cb4-4d389cfb3e8a,3.4176963162364227,6.094237241286387,6.962190196173777
589cb80f-9807-4a91-b8f9-592cd160b2f0,2.840145134055817,4.984519289043847,5.744781718598515
58b5b458-a0de-439e-8806-5a852f06dfcb,2.4644273591547807,5.58946054563081,6.185775061974506
58b67dc4-0e21-47a4-b05b-c3e785599ae8,2.205149706807649,6.236690972582134,6.893624994593058
58c70721-1d10-4c42-9a15-7afd9002af85,3.337562233077854,7.060473172707423,8.019163748084408
58e77eeb-1410-47c8-afc3-cfa7e03440ac,3.0104792255804145,4.950430259022935,5.621782453083804
58f40bf6-be7a-42d3-ac39-fa69b758db52,3.5596200085,9.293476540293211,10.28490081731924
58fb516a-3f37-417f-8c6e-80db58f4eaaf,3.727887440871753,9.336284249614051,10.336284115174076
59024372-9a65-42f1-b706-30f11584459a,2.4844585438211366,10.413911038955224,11.363573608257209
590a4e70-cc10-4c3a-b506-a8096553e886,1.977768430178184,4.507407877704484,5.319702634556835
5917ef46-9025-422b-b120-a7107180883b,2.880414461739788,9.314114406328422,10.199303449317132
591d0782-db64-4656-b4da-e4098724ec8e,2.804516377715087,8.765212488293292,9.323887932709493
59275f4a-7033-46b5-aa4a-021eb4b40b12,2.631538750505192,4.792705417611685,5.231544728567083
5937b235-7ff5-4b66-9224-68ccfe0505f9,2.060561859381691,4.234468029915857,4.829966891231806
593a4aca-155f-4754-a06d-820fcf1d6dda,2.5739852700357178,4.691008246035166,5.293508365021699
59423b75-0ea5-482b-ab71-861a1cf1f428,3.821764925010409,6.960590565184146,7.800577218129541
594417fd-fb5a-4d23-b1c4-f743ee07b3f8,2.5181580140388005,5.645846821995948,6.455475998997365
59449d82-ffbd-419e-95dd-e94e14823534,3.576029688322345,13.912488602212797,14.745369457726994
596612ed-2c7a-40dd-85d2-6dad8211b7b6,2.38131356265146,6.640093699418609,7.640055101932933
596a56b4-4484-4bef-892e-10029008f211,4.95159502099054,12.477833704113245,13.423127818439625
598d53ce-7961-441d-9b04-b02b24e3c058,2.3457050607706185,7.142209240645673,7.913787360132038
599319a4-6190-4429-9402-5bd61e88d321,2.483421454483059,6.030728128378906,7.03066247142583
599a6b9f-6614-4e38-90d1-0ef41b8260de,3.015391586377884,6.983318701749472,7.78533848678098
59b72663-2b2f-48e7-80fa-20bb407f0255,2.224149895092198,5.911522162054297,6.313067975995228
59c6ae4a-c7bb-4d95-af0b-4f509ae1150c,2.300492738128016,4.939271040049575,5.855253060751697
59c8c436-e3bc-41c8-8d9a-e87ec32b83f4,2.569855083052603,3.943943371086409,4.575704013258711
59dbe81e-7294-4592-b9c1-21d8f3a846e5,2.570047687213141,5.071966606916663,6.022307188077645
59ecf656-4aab-40dc-afea-0ab2ee0771c1,3.530417019495571,10.54401350381484,11.49496415861126
5a0b6aa2-8b05-493e-b915-99edb9192203,1.9574564391703888,7.401969517864984,8.401967524585254
5a0e4351-f5ea-4ab0-8781-1d37414cec6f,2.0417260521156826,4.935925666657883,5.559015714657628
5a191254-e4d7-4cff-bd46-ac89eb83e837,2.09910670837252,5.186025444287125,5.671099383260104
5a1e7b44-33b2-4593-a164-b58b5efebf46,2.770380983584855,8.021576469223898,8.820486658084443
5a1ed1d3-2761-4ea0-906d-138c3f3c231a,2.637466147368135,4.136831347954161,5.093358526845753
5a233397-589f-4c10-b41b-8dc2681a242e,1.7338257247642637,4.263150977418973,5.190528536983229
5a251dad-46c3-4b48-8aee-d73287e0b1b3,4.626026027119019,13.783926436219849,14.642749349570774
5a43fe8b-d73a-4214-97bb-6ad0ebed9237,3.898719788640143,9.08385932230435,9.62871441883227
5a5f205a-c383-481b-9ce4-b6bc19bf1b93,1.7864927977795688,3.9242203954027297,4.542730549350639
5a63d39d-7bb3-4020-97d9-fa8516d497ce,2.137436951258067,6.017808312728181,6.896877495057046
5a803928-f826-4cba-adcd-7b940f0bb48f,9.149287465358029,29.375931509020184,30.375931506856777
5a8683a2-6131-4bbe-afab-889954344f02,2.851866072103143,4.700060609877731,5.330426984292044
5a8db444-7bee-428c-a9b3-c93d455025ac,2.5955072572766005,5.850020769945945,6.395973062759792
5a8f48a5-4047-4c1b-a1db-281ccc1370d2,4.118960103933371,9.671323298888762,10.671321939227614
5a8fc16f-de76-4c6e-8511-b064252148d7,2.345094626249668,6.729422273967779,7.723705991978281
5a9d485d-0c0c-4b71-a5a7-f269471262df,1.9742211298528465,5.375634949044224,5.803396075214396
5aa4c062-99c3-4e4c-ad5e-7a20b91e8a6c,1.8661145394233496,4.050053310482639,4.690056901071262
5aa6e145-d151-4e7a-be08-b108c8c60586,1.888866644320251,5.20953805464775,6.119974429650589
5aaf0c9b-20b2-4182-a6b7-d6504cc682a9,4.26915643717108,15.494328174530205,15.767596367093123
5ab08d8e-0b0a-4bad-af5a-06923a87f229,3.01513360782736,5.128884361242041,5.707100748762157
5acc64e5-4029-48b5-9d71-bd452444be4d,1.8179688410693693,4.375048455627091,5.174041678602683
5ad0d17a-e1d3-4990-9d8a-37509bbd760b,1.9068784018806224,5.2237150848072105,6.151926909925963
5ae59e74-dbd5-4adf-9e9f-6616e224894b,2.454645065770576,4.350201146878908,5.3502011468659205
5af2de3d-31be-4114-96e3-035bfc7ac430,1.7573460090266788,6.202408417909799,7.034747431604515
5afbf555-c94e-42ed-a824-d2424b6f38b3,1.9148598404657664,4.877813256924893,5.4630750744332905
5b3f8fd8-6c29-4ece-affd-2730b3e8b4fc,1.7345866827784713,4.933423373708767,5.509687568433093
5b3f9dbf-0d5c-4269-87ac-a69964c02195,2.4535851747719475,5.014513799378904,5.9813687118632695
5b491ce3-58ba-48b4-8c80-4cbfc5f41508,4.442877887859691,14.31543345597524,15.297874276541776
5b59abd5-6776-48ab-b54d-ea9aa07fca9e,4.8503967365076255,18.048185167273417,18.34817217039185
5b5b3011-eee7-4b45-8ec5-17009c55f278,4.703476312354251,10.065004267173334,10.941054586291166
5b673769-e950-469d-b23a-d77312fb9d9d,2.274485852592939,6.811907068734972,7.7716869957759
5b701f78-c832-41a8-9562-40c6ce2bb540,2.344011966308572,6.975672803876,7.628614181488892
5b7ad454-9c80-41ab-9402-a85d7b5360c4,3.612603271076164,9.126039905803731,9.657738171926823
5b7d325f-a546-4c57-8d9a-54257a123bf4,2.8059775924321726,3.6433432175450986,4.516619396071317
5b81d853-a24a-4f68-bac2-6eaa56063b1b,3.020261834034209,7.13588337755332,7.672430069567978
5b846dea-ef8d-4b1b-ac8a-332a023b1999,2.2792858723572937,5.624128478672802,6.327112224783505
5b8dcbbd-994e-4880-9b70-bc0a5686c9dc,2.809991599197625,6.549211966411671,7.549210853310912
5b9f73f7-93e8-48e4-924d-82950df9f3a5,2.336073239381653,7.895837647244788,8.277244614676054
5bb7dabf-5a69-4356-bf14-1d5a3ccfb145,6.5554201595356,17.94756888190396,18.74364643928347
5bc60423-9139-4e08-92cc-d3b7fdc4a2e7,2.2813481043273587,6.52221630110921,7.286429538131142
5bd45e05-b6e9-481a-afc7-3224a928c706,2.269357246186128,9.335796377970338,9.946577535097449
5be06247-78a7-4dc2-b846-be4fb00ea60c,2.697949198925805,5.524578544437867,6.04811138296362
5be353f6-3f97-4890-981d-61791d5b91e7,2.4988913384987343,11.779826609929554,12.701718706429794
5be82aac-f736-468e-b09e-c2adbca4259f,2.95353525711579,9.1093422823704,10.10561043746738
5bfaf492-8016-4934-90c6-f965140a3c0e,3.5873743764258603,3.994925328837601,4.638976829047607
5c066d6e-e233-4ba0-9b65-cc8ae1a3fb57,6.259015662546724,18.458724105363878,19.11820699374852
5c18fd13-97ec-4688-8d94-8219ef36e21d,2.70446283134306,4.02780554907283,4.931572968531385
5c318112-9818-40c9-bdfd-ff6a73e05534,2.304440011479655,4.44475281449048,5.263712892565376
5c360195-35e0-4923-8bc0-289f07a55211,1.7459402093536225,5.414562671388041,6.221422176213999
5c4cc32d-f8c7-4951-9783-1d4d2fa55003,3.845018696291153,14.087840322188702,14.389359243346371
5c4f9f6f-7cc9-44dd-b7e1-f4ab20f9e47b,1.8136800237767288,5.555820721098618,6.545431727154473
5c57c2d5-754f-425a-a1d5-afb23b2b08b0,2.376904234333181,4.294678389279862,5.239276724534989
5c6afc27-712b-4934-8415-d50152d6559b,4.390253694088761,9.546620325917711,10.544493028831392
5c6fe1ee-e62c-475b-9035-e87fbaf7e2d2,2.4974604671520546,3.684901804659774,4.5258892012920695
5c75d691-d599-4575-a7ce-c3df8a735333,2.254001588344718,4.472971955151598,5.330426819868371
5c781a56-6e99-4129-b6aa-9f2ca6654ad1,3.832936952333817,11.53540071448541,12.535399628584011
5c7e3228-97a4-4c4e-8fd1-22445a9de9a9,2.373128238874349,5.513564846089111,6.4345273375822565
5c7f35ae-05a0-46fb-8984-b6ac0bd92fc5,1.7748401712061863,3.6777579820656094,4.626942966054633
5c81c888-5bdb-4834-b81f-5f3ea41eb8a9,3.326272768004918,5.921265791695107,6.897289634640621
5c85dd68-5d0a-44b9-a94c-8fce04897aa3,2.0694989930647414,4.615504112306755,5.1972090886473366
5c89c624-ba4e-4439-916d-7f806fc11364,3.685529043947229,8.659188817832947,9.587046629207716
5c8b8b0a-83c4-4059-93c3-f7c192be2988,2.135395741945607,6.591112565718719,7.360380928525225
5c8c7810-cdad-48c1-a9a0-15d27e3f0486,1.8963957057837424,4.185567407899274,4.967840046275206
5ca1147e-7819-4e87-9421-b0ee27f39b0f,2.376561350449056,6.660368352173601,7.005826323530771
5ca123cb-0773-46e8-b593-eced92f43385,2.123343086086688,5.135999299899609,5.813400329883016
5ca1c5c1-5e5a-4a82-bbc5-ea87ef83b38f,3.3161983806473376,4.845380952667367,5.563260078943561
5cd561ac-60d1-4d0a-b74e-a7b0a937f506,3.4965230939559984,6.089578800434182,6.990493473498987
5ce33e73-a70c-44bd-935f-32ecb09ee2c9,2.202688531591994,6.373515530808425,7.318581177621743
5cf172c9-e0e0-4deb-a0b9-dfaaf915b4be,2.298597375716179,6.065051147774943,6.7851900449279565
5d038eac-b800-4109-a83f-e87745f8908d,2.8600602484135917,10.266578223362565,10.963903623436275
5d1cdf3b-6061-49bf-b58d-4a05e0dd1ccc,2.119396237518372,4.778613604193264,5.497045771394141
5d22c369-bd36-45c1-be3e-f0ebaac15a7e,1.8847772208045324,6.426398911578706,7.411469453992756
5d291609-1a4d-4cca-9928-15abfa55e9b4,4.624506209261126,9.294456090269495,10.209636878031889
5d31d574-e66b-4a7e-b9e2-a6bbf1aef66f,2.834773693497436,8.563147509517654,9.42299791744826
5d35c3be-69ca-494b-8e72-1a5c5b93e702,2.488053982198222,4.0314281851196885,4.694155563808165
5d394de2-bef5-4561-b1a5-2e2f9c58f307,5.905041024558279,18.97504676746416,19.87251102936066
5d3cb733-bbaf-45ff-aeae-5525a51769e7,2.26410204564691,7.434061548073741,8.431786325833306
5d424d19-71b3-40ee-b14e-d773742e030b,1.7441957767228895,4.007415848103289,4.89020297742367
5d49b477-96d5-4a98-b30c-dd8449d6912d,2.13806014504993,7.29214179477452,8.292140973300029
5d52a2f7-f1ff-407b-9dd0-8bad446fb701,3.43389517108005,9.325960027080209,10.207635625135133
5d539d77-6227-4ee0-91cb-bc9e5e474566,3.704483569495866,7.382455274885464,8.271038201986881
5d5c37c7-7dcb-40f0-9451-302ecaed0af9,2.2495284833222957,3.9658314174459455,4.481802230826465
5d5e9e3a-c95e-4451-be0f-fe076d297396,3.4721558527649465,10.544196575645316,10.999446337382215
5d659056-3f80-449a-8cae-cb85c93c9fce,3.611508104322589,5.337045631694647,5.986121182025855
5d70b784-b7d1-4d18-9366-ae7ffd34e844,1.999466242154812,4.533309472192112,5.113028444697101
5d72def6-45c6-4138-bddd-69bc56d349c6,3.048253670218524,7.254376831811533,8.254221459873325
5d7fe320-64d3-45b4-b2ab-e6a4912dffd8,5.185527455684647,13.499719436888627,14.419463266931553
5d952ca2-e4ea-4a44-91fb-9e224da8c557,4.543295310627794,16.547009092537074,17.153907727391207
5db055a3-7998-437c-9dc2-3405a8829985,4.627138379968896,14.729709439365328,15.596421713467144
5db9982f-8b44-46d0-bce1-21a2d8f19c4a,2.998374409826148,4.050621633722875,4.4529905203972735
5dc27070-ff0b-4cdb-ac20-e9188b05b578,2.3235564826258237,7.842263740738986,8.657026028815926
5dc887ff-d68b-4a07-b390-cf28d1b317be,3.3976750885508413,11.953683033116198,12.78159671066021
5de375f3-5746-460d-85cc-23770a3aa430,2.126219911347061,7.0503120998684565,7.609412975035551
5df1e163-f0fd-44f0-8d6f-e97977384839,2.123518626414784,5.438546674085514,6.434468630791794
5df53861-0a93-41db-ad5b-7b6baa6b3485,2.449560455692249,6.183934294595017,6.687084122405652
5df7fc2e-05da-4ff5-acdc-9d9b1567de33,3.279263770675765,8.775246744176226,9.647944849060863
5df854e9-af7d-4331-b3a7-4c1ed28560b0,1.8365281668711428,9.375324979389204,10.001599616768855
5e07f7b9-b812-4db9-b5fc-d065a392e9fc,1.908629204704396,7.4403249055403,7.958854115118967
5e18ea2e-4f2b-444d-8f80-bb2537ab781d,2.177118542307493,7.278204674530519,8.278165697122926
5e2a18ea-df10-443c-af86-7a6c2e145108,2.64921212870036,4.080609805197963,4.956087768526629
5e35808d-3b21-4d93-8d94-7f14a5cddc4a,2.905573064519163,4.074210585135276,4.931716593767206
5e396057-fdcb-4764-9830-e8d810c21089,1.973461970850896,8.41762426833635,9.158113285788282
5e43ceae-dbfd-4cb9-8948-e443ecd46f81,1.8429681312682544,4.5661148692862765,5.245455962764722
5e64533a-e974-4a13-85a6-8ff51c17e46f,2.2932152002212103,5.18937258697961,6.067189703288202
5e68068e-4052-42ad-8ba2-9376916b8088,2.163261673344848,7.859155553458292,8.523762863457542
5e6d7430-f1b3-41cc-8bf5-2d936ff7d292,1.9108155606161144,3.830753653160608,4.782451721735627
5e73608f-b33d-45d2-8b2e-7d8f7219d949,1.791134235058634,4.5447883160498,5.494744725937643
5e744a60-225b-4bf1-a12b-dba0926cc2a6,2.6273010753132384,5.738782632349153,6.610510253870574
5e75e870-4365-48ff-b4bc-861a5d0998b6,3.670914211386485,10.491536673703752,11.311076173933806
5e895a9d-9445-42e8-a70b-3978645db7e6,5.95472264445192,14.28362362082204,15.283545274791974
5e953dea-f8c7-4b2a-b721-2fc1b3b9f95b,2.42323337387189,4.894310754050888,5.68035740209589
5ea68cc9-0f59-491d-bd17-0d8f151930bf,3.8496600726062913,7.039123459191727,7.958727347167969
5eaf181c-023c-496f-8219-701f81151b40,2.050193862957657,8.697909779050391,9.681076978509926
5eb9fba3-2ce2-4f6b-bc9f-c5ced4609ae2,3.1236509091331195,7.193752621399171,8.193752545198382
5eca6100-269c-4332-a0f7-2e29a41c958a,1.877874136754108,3.809419727535036,4.555979901037366
5ed0fd43-2ae8-4945-9f37-c17af92f0541,2.816970645406495,5.342422603001451,6.141320896767394
5ed249fa-f711-4e99-bac2-9b30dbd7b20c,4.819855646323685,8.85117503545625,9.742147196697026
5edeaee1-dca8-4931-8bcf-0c57fa8c2eea,2.495205048369305,5.444424623229258,6.444409652462351
5ee0a8a2-950f-408f-b7a9-6f9454e82d8a,3.2990254876241347,9.836517039421825,10.680542197206506
5ee4dfbf-774d-43ed-93ac-e49383a0eddc,3.386039140091768,7.402787585196744,8.38960601849742
5ef14850-82ec-4e63-a396-a18fb2833e18,2.3849717691103143,4.418223393833121,4.742138805392131
5ef56ea2-48ea-4835-af28-d75f3966ae12,3.796840594567615,10.322812715319891,11.15151903546361
5ef5809d-ff1f-4b3f-8b44-066203a7cfba,2.4736372377494056,6.129731041496704,6.64685457040561
5f00f24f-6e88-4dc7-917d-42f58699d4fe,2.1065956616232944,7.118065086338219,7.917462116035305
5f0927f0-d8f6-469d-8ee6-3ff2403b1939,2.275723260601017,3.7681793436505417,4.494147211018043
5f14602d-323b-4597-bc65-8573c43673e7,5.043248093736703,12.234366997623711,12.803518463461742
5f1ab02b-ff22-46e7-bca2-f31b1d142785,2.750251606420815,6.933138503696478,7.916852229079947
5f226efc-6187-4a35-9754-8e5acbb6e7dc,1.7571861673196405,3.960810065955655,4.910342427269256
5f30e018-68e7-4879-a186-803da2a20a23,2.392289633004109,5.44115814877143,6.25401987289706
5f55e983-ad96-4f95-82c0-8fbbe9440733,2.6284064980953143,8.329728345124822,9.160571433545144
5f57cd95-10b0-4550-b960-bf14eb0b7868,5.215577181510847,13.09124034113218,14.091238252503356
5f65c8b2-f541-4764-9374-3e8e17e2a5c9,1.9162191343272437,4.096605902100814,4.432957513459387
5f6efd2b-d236-4173-9bfe-5d475d6d7bf5,2.036825550347084,4.747798894462995,5.6233825352771785
5f7a265e-1e19-4bd4-8dc1-a8bfb266905d,1.828756090268006,4.07053884260449,4.813084522825903
5f7ab87b-276d-455f-981f-6e3c2c4ab978,2.3204327093537653,5.052718749845392,6.052642583219848
5f859e71-c25b-4455-8113-74ca609d3beb,1.8511700418976735,5.450690346219052,6.450689626429774
5f879153-e894-4185-97d8-1816b7d32da3,2.6562769639852712,4.61075751736369,4.975215734770173
5f88183e-f60e-459f-9016-7685357f3707,2.126927338613862,4.517460155333866,5.019529612323323
5f94cb84-749a-4130-a8ff-7276e5e0a515,3.7581678620898846,11.435121591441268,12.065878097106117
5fa0493a-8e34-442d-97e1-157df79f30b8,3.08858975559949,9.813569132441868,10.807197358097172
5fb44a33-c1b0-4298-beb2-a73e80936fe1,3.5403752306729745,6.028472686691822,6.710020495432835
5fba1650-a9e8-4b8e-aec5-cbb81f59c2d1,3.685709567364924,6.76254135067559,7.71978960785908
5fc6445b-c45b-4936-8ab6-6e01b4624d75,3.4332340192373736,8.648051040358519,9.64158207844576
5fc7444b-c117-45b4-a00e-d073d065c613,1.9771425221165688,4.879916294403451,5.780672274490199
5fc92f7e-6d22-4f8d-8767-49744dfdcc34,1.9700960280800748,4.5632120281182615,5.150164814079805
5fcded82-6079-45f1-91ab-6483d8cfbc7c,2.5786024235380243,7.435120732102754,7.916979464271389
5fd00e21-7b1d-464d-911f-c934106da04c,2.196770375799138,6.151275604165109,7.112017016078425
5fe005e0-6595-4ab5-93bb-03e605f25902,1.8845132786113448,6.594004062865867,7.221187477405975
5fe010cc-af81-4fed-b412-64aca7515f13,3.8343989770498417,9.386712161809054,10.36877537744105
5fe78eab-28d7-435b-9eb5-7e01b6cc1370,2.0526632329673835,4.463974213910355,5.29707070783988
5fee4f36-c675-4b4d-8d07-4aae295d11bb,3.245842639846338,10.37691503221608,10.72563484275808
60021382-78c2-4256-b545-05cc3d042e05,2.2915715868931463,5.430833641578117,6.119262676547565
60268fe1-2ecd-4c5e-b7a3-5d0f561b1c5c,1.9080592830993977,4.917823377885281,5.674160855486056
60274035-f9e0-4f1c-8c98-1d2bb649a1bb,3.4069757194532104,5.969756777873124,6.954450282039302
60293ad1-bcb4-4265-908c-2d8962ec8d2a,4.351769564258836,10.65533204902385,11.6553317982159
602a97f1-86ae-4f40-a9c8-0934dc016fb5,1.997614002971454,4.132999684455683,4.693671464465925
603137af-88a4-46b0-9a76-ccfdac36116c,2.006770698658427,4.427117212326243,5.11733103402633
605451b0-4bbf-434e-b48e-afc3656213ad,2.041016686058529,4.429406487651605,5.1990241629329565
605b947a-45cd-4160-8c81-ea4ba33f5525,2.0992826554556125,4.783043727435923,5.265211887311886
607295e2-93f7-420f-ba80-3c04b36c7666,2.6548260222027933,7.384373980013643,8.384365220942565
607fafe0-227a-482a-8883-928dbd201f6f,1.797121743732272,5.841175788310564,6.679524012002819
60955120-73ae-4e78-97bc-c6e3b7845312,2.3628599092574576,6.818128197211215,7.755902050892296
609d45be-071d-4430-bb18-ba33d1aac7d1,2.8342819441608444,8.032044271451962,8.90404917841947
60bc31be-b408-48ce-bc15-48c330e12609,6.168005029909427,18.489766781070475,19.127608721650347
60c208b1-69eb-4bad-9682-4aa94e524ecb,1.763238690026497,5.004677573127813,5.993180814618615
60c4424d-9ef9-48e5-b79e-6008c24d49d6,3.7281353058043294,7.965544082661946,8.85472620088877
60c77573-74e4-429c-b044-8a9c778591b0,3.23517574133598,8.62498466143978,9.259551664199236
610030cf-2ef1-42b4-9646-1d3c06bb1ccd,2.0417782051298707,4.385767084176952,5.142359132864383
61139414-f2fd-460d-a3b9-9f427a8bfd5c,1.7609726408800144,3.9120796958093065,4.535688360712792
611bb02b-f01f-4bf1-963a-f96e2c7df846,1.9713121345254083,4.152762687934789,5.082160394158128
611df973-f3bb-4adf-9e30-83d1aa94f7a5,3.6339027606417416,11.224329188699604,12.02694170740211
612310e7-4cc2-41e4-8074-6077227d99e6,2.791905305245342,7.910146388931112,8.75695464652333
612de834-2371-47f1-aba3-902e961241d2,3.101237828337639,10.459766601657613,11.369029228120333
612f9816-7099-45d3-b048-4f3bf41482b1,1.9849100535040451,4.274061213602307,5.09088053289305
61320fc3-4841-423e-a79f-3473807e9278,2.0250478144565487,7.994094274233521,8.580251197307662
61334150-45f4-458f-8d0d-8e7892607540,6.119851267588156,17.188695670724716,18.08246573723999
614d6ff6-8528-4f65-9aeb-f84dbddcd55d,3.654059669166764,7.070223384172319,8.054323835798673
615d0c6f-4993-4b7a-bd97-98f520cc1441,3.3026336963264424,9.16473302376255,9.614736584115024
6162a4ab-6309-4fb8-b68f-880019c0ebf6,1.9067579368216083,4.246834675288864,5.160687945174445
616a5cf0-ed9b-40e7-ac5f-781beba167a3,3.20452893932867,10.64890599860783,11.188725135120322
617c0d5b-5fc4-4a0e-9ecc-2827ee7b743f,2.807645275707911,7.346523194280349,8.138198067101962
619ff0d7-bb43-45ee-b672-5d76506196f6,2.1352262727338167,7.303095953379471,7.725855660127748
61a98d90-1cd2-4697-8851-c68e71c97762,1.8016812370280075,3.670686152836599,4.663036540398064
61b6b64d-5f7b-49b5-82e8-9675a40a478c,3.555276856049092,12.042961109060304,13.04295840321835
61ba48c6-7cd6-46d8-99e2-c8e396f24493,1.7858509080946194,5.640977804953615,6.129233860025583
61c4f395-ede6-466c-b6ca-6bb89e8d4e23,1.7642805556177077,4.086317555715564,5.000817173739515
61e961d8-1e07-4e1d-b200-dca24183a32b,2.1954467291822666,4.163619800070869,5.163409312056814
61f147ff-f2ac-4715-99cd-fd9acf349d45,2.978316509084777,5.435609697990297,5.790296262451476
61f574c5-59f9-4372-af02-c71379fb6cae,3.310569586519229,10.48417385826174,10.783080102348087
61f7c543-5b29-469f-9c07-c83a958cdbda,2.3456587059541563,3.9492533942441095,4.479294803404253
62037c7d-d1af-4724-b9e8-5b280021d5f1,1.978929867315671,8.438149227676687,8.850966298905197
620905ae-15e2-4329-8217-8b2f371dc227,2.142713517693824,6.604475014532927,7.33457692295605
621e7049-6a2e-4ee6-9a2d-ea7075aa60b7,3.4573974896400617,9.797909803347691,10.678649024964004
6222cb22-8d70-4ac5-a516-43a2088ef4d2,3.749962703064737,8.215517625344884,9.21551061476462
62273ab0-45f6-43d7-bd90-2a0cba5ee1b8,2.0763699246060083,5.1943692257555725,6.134842642497001
62385aae-a69d-4722-aacb-67f470ed65a6,1.819921711960256,4.404532847149683,5.391380745112566
62386558-4d76-4d18-9c67-72e7d5068eb4,2.029294619636688,5.547557119356486,6.214034685833149
623fd6e7-2ba6-4a93-ae30-193446d3e1a3,2.6698250844977194,4.211505446862249,5.211503270349666
625481cf-5f4c-4bcd-90cd-70b46e358119,2.961256859101019,11.67896829754548,12.530853441310944
625fdbbd-c4de-42c9-93f6-090ec2c47f45,5.071181011932684,10.456911071852712,10.906270286486212
62679cd3-d1ff-478f-8646-95dc90963a49,1.8356143279002688,5.509913528510382,6.2747785503368565
626be1e1-ff81-4282-95bd-87eaf10ef6ae,2.3437810477073686,4.8560994865277305,5.736301721230694
62707cd7-7ff8-43b1-a915-51c2a7fef04c,3.1690401736074367,8.261375958013016,8.540919767006104
6270e4c2-8ad7-4cde-b5f7-5ddbd5b49156,2.605029771751956,6.6730985277639965,7.189701138777262
627f6401-b0e8-440b-aef9-03779b1f3722,2.668147304706632,5.4638475156315165,6.463847515622335
627f6fa1-a78c-4ada-a197-492b0726a772,2.241413311481284,4.410796952976071,5.2012503758971125
6294469d-b65f-4f05-ae2d-3c4b7947ffcd,3.324489494072801,14.141410724730264,14.929532132558297
62ba2db4-337d-444d-9254-1b4d684e0186,3.4403351813887046,8.68003668921334,8.983867179481237
62c5eb6c-571d-411f-b296-925067c9b0e7,3.0123024599634127,4.184435544309931,5.078059249735426
62c89e86-782f-41e6-9438-16d0917f5f2c,3.285867592539994,7.905852793633507,8.901400692356367
62d92f81-d1bd-420a-8783-e2ab7377b6d3,3.1637856045972668,4.622673738769215,5.309605745084217
62e8185a-e83f-4ea6-8da9-2b33687adeaf,1.8788061815803625,4.4909976869029,5.275236465003011
62ed684e-119c-42e3-80e5-d49c34d740d3,2.934176930754864,7.696977560292685,8.659662807463944
62f12f30-d025-46e6-b343-c1886fa6f8d4,1.8691799404135705,3.736805008726362,4.680454030538506
630acfa9-27be-4b87-a597-e43b5a2ac51f,2.3039788909705368,4.926999514408448,5.820102926198071
631d75fb-8052-47e4-a71f-cf43666a8c5b,4.324291954874046,9.788757054757466,10.601937641333274
6329636a-ee24-47bb-b56b-de3333e7f5be,2.392935815922822,4.406675711238587,4.9319918175683375
63296423-344e-453a-8144-12bc04cfd9cb,1.7747681643445117,5.840159284852903,6.5162930057972215
6349155f-7c6a-4d5c-acaa-26ca1295888e,3.0286500491865938,5.003049133279216,5.849679769921436
6353cc5f-5e59-4e73-bbd0-9bd251a60972,2.4509738060244333,6.520613062176661,7.064484278492556
63596851-4caf-4d40-9ba3-b714457e8230,1.9820228707128047,5.45376397331209,6.446368492062379
635a6fff-b1e1-4135-9be2-7ae7d38f85c4,1.8681723965994688,7.055226875778559,7.553255835257657
635b8dfa-0906-44f5-aed3-caa04fed0bc5,3.456466374228123,6.772234767891227,7.145803060279338
635ebd93-97d0-4a45-aa74-2c91e0971d31,4.932819732074264,8.237397355575364,8.919127276505034
636002f4-ca90-45f5-a0db-cae4dbd77a5b,2.1609028622133524,6.91337650102788,7.897532132398753
63603881-d5a6-48e3-8977-beb5d469af15,8.094386243981365,23.59591832765089,24.54444309804233
6368baac-ae27-4881-8519-efc158d76622,1.8653034859617896,4.341983101914861,5.176389034063095
6397a9cb-f260-4626-9a9b-9cb564aec753,2.3559922841628564,6.108166016375519,6.631218137418559
6399c572-e1a3-4065-9ae0-12457360e440,2.3813760948800238,5.38486126778917,6.078126022131112
63a22b98-60fd-430b-8082-fd2e41b8a2d2,2.6087018018089485,8.47595959975355,9.470185793844756
63bc25d4-f654-404d-b1a0-bc5dff422c00,2.3067362344944424,5.218487303416289,6.045013013902051
63dd80e3-5ced-48aa-9d90-771e660c8404,1.8048324943704408,4.295580451078915,4.939270833830197
63e1c639-b5ee-45ae-b7b8-906b0b9daa23,3.210064220327645,6.890969061845047,7.890967393857774
63ee1446-0d58-47e7-a568-ea232f5acd58,1.8342904943346805,4.782634311240543,5.511931151720159
63f73dee-e07c-4721-bab9-e73a474b7916,1.890979330950889,7.145484933166163,8.141762014927
63f9f113-af46-4ede-8c4d-57436d18f87a,2.203620206626334,6.604483175689769,7.526715004836774
64021e2d-b3f1-409e-bbf2-e69c64c147ee,3.193477193454415,13.126515536044645,13.788613361407268
6409f425-8c6a-4b0b-94d4-ec8d25d1c657,1.8405968626330875,6.590782403257203,7.524555060162145
6424bf02-cfc8-4d97-a795-b1f272cb37ee,3.817727520537016,11.04912327182928,11.479896500138604
6426341c-b28c-429b-bf60-63d78a5fac43,2.5203716837340835,4.804608146915715,5.766390212380864
6438018b-c34f-40b6-a2f6-99310cb94cbf,2.501519922361558,4.399968398466784,5.246238214242069
64549475-0078-4b4b-8468-72b4d76dc016,2.3335868366339136,6.222455223062517,7.162486956360917
6457edc3-85ad-4468-bb53-da46c4c1a444,1.990632801573052,4.932974855812058,5.669274436788931
64589716-52a8-4df3-a533-53076a03a637,1.9945329083867496,3.89071227820322,4.6053413504643625
648a8055-0b94-49ea-95cc-ea7bda775d71,1.7513263594308717,4.629850563058841,5.3942457671593
64a5c350-0acf-40e3-a668-9b98cb4bcc7d,3.5460279182967214,9.418153606025102,10.38355931736119
64a991c7-905a-4052-abc5-c87c100b9148,2.7403716141682337,6.891388967079352,7.885784518754106
64addee7-23e6-4fcc-817e-41a00969a4d6,2.2620112657943645,5.553418354483793,6.440174408085385
64bba4c6-dd1b-48c6-89c5-4d0e6f639e31,2.621189280351722,5.244512692237985,6.114838491066844
64e084b8-950f-4ac0-a924-e425bdcef8dc,6.992168557756584,20.65061936454972,21.56591852990447
64e698b2-98cd-49f8-88a7-d5de5072833f,1.932538890999369,8.180585915148264,9.067724500178592
64eb90e6-441c-4d5f-ad09-f603891471a8,1.871207062616782,4.776396316049192,5.182235982942105
65033881-36b9-49f3-801d-abed9b569325,2.0992745759326685,4.615549413480941,5.538571812759847
65052fa7-b286-4c54-b115-c6e3ce9bae1c,2.514719635747256,5.0729580097272216,5.942772205542826
65157544-90f3-443c-8b35-e5b09e017645,4.929353400097292,10.098114426601802,10.476401981043251
651a2a9c-8558-424e-98a5-0ce9b1635109,1.7662048121886045,4.595274845752796,5.382178316494446
651cf4d9-45a6-4b97-879a-074fa975da36,1.769200940800142,4.743932615573637,5.700584945238887
653e1705-3d66-4c8f-8ecd-df6037ad023c,1.822670339434836,5.021046109182284,5.9252728259652745
653f9f5e-d9f1-4c3e-8a81-36b356eb3252,3.950466682992585,12.478774958947485,13.370120070764322
65583f52-f1d5-457b-9e37-7935331dcbd3,1.8848792984579432,5.850588143511487,6.602963570915274
6593c482-7fbd-41df-8ab7-99e11b86a7d3,2.307621559395808,3.844762990640312,4.820663890735342
65a68f65-a8f1-4ffa-9422-f3aa540ee2f4,2.084410460303523,5.050634981244367,5.7236939391537565
65a8b14c-9060-4e4e-aacc-76ee4821f610,3.67293702836773,10.931868069597796,11.539352419519425
65bc03ac-7223-4faf-8108-e9937acfc779,5.489453359270508,15.642116656689538,16.583203357503603
65da35b2-2157-400b-b60e-04b9c6bc70d8,1.7623214466445385,4.164360760478762,4.788743997125993
65dd3aa0-c074-4b03-8abf-597ac5409fcb,2.095639127117753,5.629811296708996,6.629811240135468
65e2b99a-4622-4c60-916c-54462b6ba139,2.0901043756141253,7.150085681758689,7.661715854616208
65e9f959-8eed-43e8-8262-7a072365b032,1.9016944338130408,5.084598771328752,5.869463379302225
65eb69c3-149d-4da5-848d-d2dec7168222,2.675748121455501,6.997154160500849,7.450832114487473
65ef6b98-2344-493c-b1f9-7103a4a58882,2.031442740719261,8.36609855160609,9.123650031108768
65f5e1d9-0528-4bf2-afa6-73675afb570b,2.074771234228334,7.336988722635601,8.186898160394414
65f6f3b8-f4fe-479a-b077-c17e3186fa33,1.9620917625412853,5.690091114648915,6.621634946557593
65fbf285-246e-419b-aaa5-7841e6b2def4,2.835427660806241,8.484766306135615,9.037257851002142
66009e31-cc08-407d-9e08-5f3c437781e6,2.282261708823843,6.040601581805906,6.955035408087197
66040e61-9656-4883-ae22-4c70684bdd08,2.298916694295724,5.65867804181894,6.4364941944719
6619fec8-8a80-4cfe-a9f2-31101d18db95,2.807498102085238,8.499760817099263,9.450864360845646
661fcdc6-3b39-4fea-ab07-64f8bf5f1efd,2.986776077294405,5.454092814155734,6.403797182330207
6625627c-ebfd-46de-b789-184f83dfd26b,2.643620364530803,6.191697203877514,7.191697150088805
662e86de-ce86-4d16-9131-95374d159d3c,1.9789024957588384,6.162473702938506,7.133990027068163
662fd78b-2acf-45ce-b326-60c736aa0514,2.750291058316436,5.962821238841351,6.587859522898853
663befef-f1fd-4317-875d-50c0c3dfbbd0,1.9863531415787423,7.147707544491527,7.739401828441825
66493cc7-db04-4f44-acb8-5b84060bfcf8,4.173697501093804,10.057878734075867,11.021973148861132
664e0489-d09a-42e9-9b22-5c7306425a8f,6.154881916901853,19.23004051866227,20.02044884282006
665ed801-c715-4ac3-bbcb-52da9fa7bffb,2.3082152323738865,6.966924027877764,7.900248232414872
666288ab-dc10-4695-bcb3-aeb6039b1b97,2.408126540213572,7.30345570588292,8.302337744042028
6675179d-e794-44d4-bee1-437b7ce55473,3.373604169188925,7.719492409232746,8.534756421554935
6677b113-e440-4a4c-b7d3-55b7f884fb92,2.89037146382215,6.6993464768751805,7.613285745821605
667bcd88-7313-4cad-9635-7514d30cf621,3.1245108050664347,7.760253041270501,8.531987779600813
669421a0-4ae2-421d-9f23-1e4a5828a1d6,2.3881095830983496,8.850054531810763,9.849982236848
669896f7-f65c-44f2-9553-d34fd19475d2,2.056751968454469,6.977637944254605,7.976322632303898
66bb3bfa-cae9-4415-a4d1-1744b72b6b4e,2.1981865494208708,4.563141774018594,4.991949563261871
66c0555e-dd86-40d8-858f-8e62b91090c9,2.3446477804700825,3.7454762249751647,4.745475035544247
66d1b966-2dc3-4263-974e-03a81f4ed0d0,2.6013385806047986,4.098342072866033,4.716991837169815
66d9f849-a8da-4eda-bbb5-8ef5eef86a57,2.8213542016331328,6.135376336627388,7.092797881091384
66e94903-8035-4cae-9e94-c3a8a08f9d29,2.534259013231788,5.095711733520523,5.805412085084867
6700ffd5-bc6e-4cc3-a9f3-e4945fa68e1c,2.7680930125846475,6.202112562821175,7.051088713850466
670464f1-1cdf-4be1-83a4-312f66630fec,2.673854863461247,9.580928508016116,10.58091677068342
670c59fc-2b50-4b58-865a-c69ba1d6b441,2.8507478151284285,8.055787563287677,8.658395728062496
67261467-b306-495c-9267-82525523ef53,1.9425106657707676,4.290536573080465,5.265883605833845
67292b35-53af-4726-915b-702db0f63152,12.175246426679006,26.87673278762673,27.290690989131367
6737aecd-3f0a-45c5-aad3-b2bd2c386132,1.7423485918268649,4.680978625984178,5.449894269193917
673ee1cf-8907-485b-a50b-e710e24d67bb,1.816569064252027,4.156932015442075,4.697124306709438
6743d6e8-7e74-4a8b-b1a9-92d46e88a3f0,2.6459549270634235,3.6595744883015104,4.568098597625214
675004a0-0018-4162-8aa9-fbe471e8fca0,4.209359901250685,9.435290304063765,10.224933124774234
6751cd01-5173-488a-92ce-67dbe3aad2b3,1.8222076189201144,3.729063754738851,4.442095162766001
675b6954-7249-47cb-9d89-587fe5ed570a,2.7494410809252017,10.1197166259299,11.01919673204369
675dc4b3-9e90-4979-9519-6c6ac8fcd269,1.9596514646799732,3.834600651693811,4.834600612107115
676e1332-5689-4a36-a8f1-f28854683799,3.118319627630739,3.75945019939464,4.550382677870698
67840aa5-979c-46d3-bc62-9610883fa4b2,5.991799127481607,10.703726479670898,11.506075112720636
67860081-818a-4be8-af90-e43f271e5003,4.4892080249194,8.610840585844906,9.497136547399842
67930ad2-36bd-4b42-b975-72674c652f94,3.1515235615307047,7.492033023895042,8.250495956992578
6794a97c-5c18-4db9-9ed2-42f516131c16,2.111235044227748,3.995295423216496,4.812649819207182
679a1a80-7ac8-410f-84c2-b16c9720b76c,1.769065099397662,3.761011995517696,4.499600159146034
67a0eb07-36cc-46cb-96a9-a5f56624c051,1.8578936063559437,4.381753663969354,5.050442357345927
67b2f8fd-8617-4b3f-b47e-65cc637e33f7,3.554386163789278,10.576469451436548,11.46553098542192
67c5aa89-d88a-4c5f-8658-70c41ea76060,2.180530994817216,5.069391651676565,5.627851813462679
67dcb66f-1fa9-4c68-b841-b3bb935199fc,2.099796216816122,4.75444940509487,5.232130917392579
67e686f3-eb33-47ef-b96d-20e1667cec82,2.016739401798016,4.470535345873741,5.20737071460639
67ffd4ca-33f4-4c59-bd8f-a5bb91fa7427,2.135392333991734,3.7168130851392425,4.6859573747872405
68067141-d4d0-4381-857f-b9ffa335303f,2.6837480352993195,5.81943353415772,6.819407698600263
6809b44e-8ba3-489f-94a2-8cc8e60fe199,2.4628163974475643,6.064535854397278,7.043576161011544
680ca26e-20c9-442c-bc6c-565a80f923ff,3.043623244861314,3.7040273008272497,4.689970834935916
68136200-cfa9-4e0a-acc6-e48d51e50a88,3.724937309771888,5.684393630224089,6.500479328429301
68321e84-eb43-45cb-b377-9bf8d9b00396,3.117892765602384,10.09468786219606,10.7676366892097
68373518-a8a4-4a8b-8a4b-0611b82de5e7,2.9919175169768057,7.901579031796792,8.86232112689023
68384b09-d753-4d6a-b69a-38acefb5dec9,3.771862802341973,7.116840848594155,8.025942278815661
683da7f4-7b12-4da0-8b09-65fa2bcf1114,3.045511648320153,10.352367306350006,11.092161767079045
684663e7-cfdd-4d86-bbdd-9f2b2c6ea45d,3.704225692269125,9.2620474622883,9.618505414796797
684fcc30-c7a6-4431-b662-6c36994dbb74,2.53800719027442,4.785926252153827,5.501403471073529
6864a3ef-2bf5-4c7d-9149-ce6d5bdbfd7d,8.355106401452437,22.92000628075873,23.919439740259843
686b03c0-84c1-4b19-a300-fbfd7f264701,1.84713898129634,3.913950715032029,4.749900022002938
687f9de2-e526-49d4-9f35-c57fb38b82bb,2.1857866866555224,3.856787021021642,4.545969838916167
68803af4-adac-4182-a501-0f0914824382,2.96595244437618,4.555348702011111,5.359006053007406
6881ecd8-2409-4963-8b5b-225bd4bd524e,2.827880394000502,8.515845975444428,9.137875248015666
688971b1-250c-41ee-aaed-ea2a6e7194f1,4.186574499026313,14.791483988243687,15.689349761589932
68a02991-4b8a-4a89-8e09-65b1a6ceeb37,1.8432907016527345,4.508464923076272,5.496461335175013
68ae588d-662d-4877-831f-556dcb4e9091,1.7357628864102748,7.42899715011775,8.301593569547702
68cafad5-04c4-4728-a037-f6ab53d2341a,2.5199703425018933,6.087254978022478,6.941354324427661
68d616d6-b735-4e66-874e-600580b6b38a,1.7862633195288051,4.626067293559888,5.626065774478349
68e9804f-f086-4463-8fac-9ee462788f58,1.888516246952501,4.832284701645294,5.443114641490528
68f3be7c-34e6-40f2-ac36-cb75c35a0cd0,2.0285653330917035,7.125294561794462,8.071288122709328
69159cf3-77c0-454a-8886-d166023eb5cb,1.9067736177217849,4.316893053228496,4.81890397650723
69199116-8828-42f3-a7be-eb2af489e2a8,2.408845568642223,4.053206480763113,5.0467092522779575
69217b9e-b583-43f5-a4c8-bd768b7e6285,2.9550203318395467,7.987581944365937,8.616144564425273
692e02f6-9baf-4560-b850-a9d733f4ad1b,1.7991669171297728,4.846579756860698,5.715115595425527
69335749-9509-4620-9bb7-cd922b328570,2.887574701081256,8.093053973926192,8.684720464075998
69373afa-cc53-4a57-aa7c-a4dbcbf66faf,3.036899538869355,4.3571780730286775,4.877215378124781
6939c768-acf1-4d17-a44e-7e22b0f8f0de,2.045840767606983,7.612574093242864,8.218614465533054
6942ad8f-2e2d-49bd-97cc-adb79b87a7bb,2.128896521357937,5.241854834554057,6.177569452406562
6948aa88-73b0-47d1-a123-ec8dda2b4ba6,1.9762534175629896,7.0444684323626605,8.026120050784748
69514ffa-2310-4ed6-9793-4057627b43fc,1.7857474194515,5.108732804365684,5.832575048115431
695541b7-ff2f-436c-9f8f-26ba01ebd19a,1.7324698975377608,4.5689158015157485,5.55985769020719
6956ea66-64da-4302-baf1-5ad227ce6e3a,1.9154845805254788,4.887172516509283,5.88686472581791
695a59e7-181d-4835-9673-1a17b9f2395c,2.052146506111017,5.323174325405303,6.262068950778062
695de7e1-c8a4-4b08-819d-8eb2c7585da5,2.209981333024781,4.0996284888709145,4.7726013428046885
696602c1-3d5f-4be7-93e5-4c1b72e911ef,2.525967539883553,8.555743896183134,9.504522914449709
696c8cbf-4680-401e-98dd-7920b6e55b06,3.746754986479318,11.025468892027408,11.9582593552674
697460d7-7d19-472d-85dd-f75008b20148,2.2425048679266606,4.7783381269161564,5.487120236345999
698059b4-02cf-47a0-9898-a9550e3a92f8,1.8694427484667568,5.386478426498461,6.386305506020518
69926890-abd5-41af-8d0a-0d11db7035cb,2.5969208692331955,4.97033379322095,5.970314773449776
699465d4-9045-4ee0-9f1a-af664bb2db9a,7.349507200137908,21.721731975171306,22.68715397574405
699bd245-6550-42d8-847b-d4f93ec2980b,2.23751412440891,3.767138455891209,4.543836116850437
69a33402-df9f-481a-b411-537deb1fe1e6,1.996590977324044,4.631147651114969,5.417405432763785
69abe326-8644-4a47-8f3e-d25b18c9a6f8,2.402989844062618,4.18576315098469,4.6914150435528
69ae058e-e105-4339-b9ad-52fdfc0157bb,2.952399489256203,7.669512757740204,8.407380894434716
69da0ee7-5058-4f53-b57a-422ef4cbdf24,3.32647687879749,13.939031601995596,14.780897127170435
69ddebfa-3f82-4c7c-9b48-502fa084de70,1.9612854331391265,4.236264354188412,4.620172558326964
69e585c1-cd31-46b9-9624-0aef3d6901b5,1.884357270897001,4.729033053182654,5.365783112134441
69ead270-2d07-45d8-94b6-5c4a3f4ee8bb,2.0827428844453117,4.190071540289279,4.735390497601647
69ed9df1-4091-435c-a53c-f8ef82bd9de9,3.4837092988932934,5.776210867702393,6.74150158805161
69edee50-c27f-495d-8ba9-84d87fda3d9a,1.83200126170879,4.184727316093491,4.733408954956286
69f8fadc-406c-426f-a22c-e2aa2686f639,3.723481752478331,10.24337002924946,11.067714806999064
6a082e62-1904-4339-b84b-ba30d21d36e8,2.239697718753231,6.257276145217285,6.78665847730804
6a17a2b4-e899-40bc-8d04-a3fb0a78bf20,2.681719044911101,6.578261159406016,7.351684716067974
6a1e55ff-de33-4f8f-808d-d5c7813e89fc,2.343593703901109,4.28285475396522,4.961173453079802
6a202566-4470-4ead-9d4c-f987eb6fe94b,2.306678574506944,6.813331659301109,7.399712538940029
6a246c27-dace-41bc-a74b-493ae5c785c9,2.625073020258428,6.125292345331264,6.708944370122728
6a2ef661-1b2e-472e-8454-8ccc76b02650,4.141258223088473,11.353661726665909,12.170945164211616
6a342fe2-3e79-45f0-8fe3-69a1bfda7196,2.654952319690182,12.347459968309389,13.12268242170094
6a4094b5-adb4-44a2-8a4d-7a012409f406,2.5577956581312318,8.320964296035854,9.299055977997504
6a43ffcf-e022-40c4-ba34-2d8e2343aae3,8.984374610985178,25.07215057340536,26.046610666337795
6a56236f-8571-4f02-8462-bad2c02db442,3.0682243148245933,12.56480353288557,13.561262817246396
6a59275e-b9f0-463b-a3e8-5fc2131b6304,2.012199462049835,4.307878273877231,5.178540805863795
6a6153af-f862-4023-8f39-eba921729d5f,2.106503197697358,4.5043283037831685,5.4188113540351
6a8cc493-3fcf-4a5d-9ed5-fac78de3ae6f,1.993353126956927,4.972087085841658,5.942315514129844
6a8f0324-087b-451c-8a3b-0d7a6cb3d8fa,2.5480762724943684,6.718033248781402,7.717261028772224
6a9f7626-9240-4749-8348-3db0ff342ae2,2.308223480972009,6.6207127820479,7.607382425792614
6ab73220-9c99-421a-a07b-5309432969ad,2.5375681624123327,6.938394481936568,7.88618707639412
6ab8b073-1088-41ae-8092-e88d65228c45,2.5138138076554,6.431382447236746,7.268750435046332
6ab9799d-b2db-439f-9c9e-c391561f9d04,2.416570820983816,3.766796774259296,4.598325366290649
6abd11ae-1304-4910-89a4-1c1d8b9806fb,2.1809410147857147,5.680336149228562,6.292090544775653
6accca94-adab-47bf-a49d-1fc22bc981f2,1.9687892356691,5.62965402020417,6.18607769116764
6adb0b6b-5f21-4db6-8831-edbec4c4b6f3,3.2953392000257185,4.587971522218301,5.135521227245721
6adc0387-811e-4156-8531-35ea959f1c40,1.7642805556177077,4.086317555715564,5.000817173739515
6ae4fcbb-07b9-4640-a938-aa20c0ad5337,4.563807701620547,8.305984764176513,8.801379077574188
6b1900d1-074e-4d7b-8fea-3c4009820d5c,4.717612687997091,13.096332358585888,14.055204589564516
6b381279-fe32-4550-b85d-d861f9dce527,2.2355109993014204,6.619480387344946,7.619473523588633
6b41aa1d-f871-429f-91ba-47bdea3d3959,2.413071482489316,5.883917295420444,6.752633193603818
6b505aa3-3287-47ab-8ec8-4cb1666a5e72,1.845320893075103,3.943528053313214,4.94352667798786
6b5dd310-ba03-4a5c-b956-4510c10e4441,7.04431024746951,22.00628561534282,22.694712509266623
6b62d2de-e14f-48e0-9bd8-feba034b1e5c,2.269357246186128,9.335796377970338,9.946577535097449
6b6656cf-5bb8-46b0-9527-5373c15c9f65,2.2528365543121724,5.575669582332921,6.439042114455016
6b836835-9391-4ddf-8b75-1609a9022527,2.2066480818527245,5.208547009815171,6.062876947271447
6b9dcb1f-f43e-4d33-a51d-3c384b22483b,2.397877384404604,6.687903005158751,7.687902456745892
6ba12f72-fb68-47fa-9680-5ef35bc270d7,8.762226437605516,23.880374205742,24.248192026588477
6bad0de4-7358-4dae-9c05-3380068f5390,2.3353271764036703,4.249099742964015,5.141250257713654
6baec3fd-fc5d-427a-a32c-cc94b0877b5d,2.2537061371389773,4.264664288924542,5.015910185716923
6baf301d-d985-43f5-aeae-4b1680f1c588,2.9118124882232337,5.1310359931633975,5.900357731802512
6bddebd7-8385-4af4-b45c-6037c3f1e188,3.1658768837929387,5.747445446606881,6.6100532583646405
6bfc0e74-172e-4cea-b7e7-bca6003184be,1.992210594802344,5.9193316737323,6.296287308296566
6bfd4dca-078f-43fc-a4e3-fa969418fb30,2.7467005390520414,7.633368517016976,8.524964885225781
6c0640fe-df9a-448a-9c1e-d0d4eb0bb536,2.9219381443679757,6.503850934127331,7.501994762257862
6c1096df-900c-4a8c-b7a5-37d51200f8ce,2.007511983793823,5.598949207946482,6.595135914398577
6c12198a-ed67-48ea-bf44-20a56a44924a,1.734929066609649,4.067389941121279,4.97603810451814
6c1609c3-4ebf-4582-b4df-42fd99063c51,2.2666773211505324,4.182571359510492,4.780794000183239
6c217f60-aa50-4bf7-bd8f-688e33815bf6,5.492035448820194,15.146259299784822,16.124983060383393
6c228b3b-a9c4-4938-abdf-cf0d760a0fb7,2.694059977093374,7.311185757336506,8.311185582358604
6c333bcb-03c5-4b8b-bf97-ea22460cd6da,3.423318335235223,12.127560205489972,13.054600273411792
6c396a07-312e-4578-849b-4dbfe372b324,3.0730995667491667,8.685779563620013,9.49381439309397
6c45f66a-60aa-4dcd-8508-18660438bd10,2.7540414176103303,5.698454504610417,6.579803301883264
6c47d552-5ffe-410a-92e1-e6c42423c08b,1.830130632992172,3.697143856872474,4.620524429120527
6c49ec9f-d2dd-44cd-aae5-642b892e71d2,6.413650601385318,13.971677275736155,14.34275829938682
6c4b36bc-02f9-48f9-8352-2c33e28e63b7,2.205464834296913,4.498927119495452,4.996443411726902
6c81bf0f-6ebc-41dc-b8bd-586f141031aa,2.795513821973622,4.769529934023459,5.445170450910305
6c967c2f-79f9-474b-81a4-f42f1060b103,4.048559785792493,13.966515802640108,14.309207130134284
6c9ba563-f135-4f6a-a05f-4f0df189872a,2.1437147685182856,11.13764771000884,11.828937012702577
6c9cb4b9-80df-4c18-b70a-b37377716f70,3.020156389959003,7.877408273886678,8.80592055768549
6c9cea40-489a-472b-b0f5-86556feb7364,1.764202685326219,4.1804827118185415,4.705174619306685
6ca32575-a409-4934-9ced-6733b1fbdbe5,2.19961141086282,5.795535287846104,6.774632989362584
6cae9683-170d-479c-ae18-19a23f6e0feb,2.379451911022935,4.556425955804062,5.5553288672614345
6cb165e8-23c2-4795-a4fa-2843019c215e,2.2394246912788662,4.15383399700819,4.908031833431123
6cb649d6-2bdd-4371-997d-729fc2e6b1dd,1.872696760092439,4.472883102640323,5.248341721470976
6cc0c8e4-f1ad-4033-8e2d-feb5680a5c94,2.1318968556408824,4.597274908725357,5.338074366863881
6cc344ca-0e4a-4ce5-9950-ed315b034234,1.9245580457917613,3.983307833641888,4.55406823472004
6cc3a5a8-5a11-4b37-89f8-747f7a7a89ca,2.081232374333458,4.441662257850118,5.2546101762129735
6cc86fa0-2359-4662-b484-e1a337a0157c,4.111762330959034,8.71374757570408,9.588860992366392
6cca3ef8-73e0-4602-81f0-f8c8b363d22f,2.207644896366433,3.9476962659740096,4.89316883506945
6cd23e40-b507-4a6f-a6e1-9f8d892c7821,2.043109378801521,4.838590304132356,5.656933108933292
6cdd6e9c-9c01-4062-9ec1-ea890ad90368,1.799504563811743,6.14705575835167,7.147026676577754
6ce3618f-d451-49a1-a7fa-9d819ce3112e,2.5936086188336445,6.5623951252484005,7.276795534364258
6d0477b2-4786-46e6-b74f-1c05c84617fe,2.347976492098215,7.893862499870608,8.886329585745308
6d2fe9bd-c8b1-4882-886d-ebc8188b22ca,1.7787422226717404,5.884501343273143,6.815823189609347
6d31096c-1834-44fb-ae27-b979883aa9f5,1.88897448356528,4.389869484009347,5.344493752052235
6d323b02-1ba3-4640-b43f-5b7132438bdc,2.802031305824548,6.993385477571894,7.581443294893847
6d33c96c-9f19-4687-b96b-93a893d9567f,1.9698061582773825,5.4244212362414,6.424410062289
6d3b2936-7166-4648-b6c0-6620edf4d939,1.8068550039889268,7.259353105088867,8.204509348171209
6d3fb6fd-a9f2-46db-bad7-c74cab9d03d1,3.860976097907454,10.373778400762566,11.243487036384105
6d42f005-2acd-44c1-b926-b014d42e1f4a,1.7872565064860602,5.271287332764826,5.899989649867001
6d594313-38d2-485f-a17f-f08e4944b358,1.935318081483472,3.708731321757333,4.481756554055551
6d5bcb30-2065-4551-94aa-83422ec69d20,2.514301183285395,4.4437218196053525,5.419911251934489
6d620536-862e-43c2-9030-52f2d67103e3,2.176429949513172,4.408031397540726,5.32947196780859
6d79a2ce-0137-4811-b53c-9340c15a4d18,3.047666805026652,6.303848904399032,7.296576602029638
6d79fa58-995d-45e3-8627-f8b52c813451,1.8383267006986652,4.044725678752937,4.803643238623358
6d7a75ff-0af6-4cf0-9a39-54be3c2a0999,2.189519727704477,5.283038518923041,6.198037664557101
6d7efa50-c590-46b5-bcd3-d6660d804cd5,7.150866573190996,21.89325577899747,22.541957518959524
6d82f154-c022-46bd-947c-35febbd682cb,2.1317827604862982,5.202189695773855,6.018419885648712
6d84b0fc-6579-4c85-8ba7-df70d8c6becf,2.254106405886541,4.883864592813387,5.854893589498714
6d9288c4-5465-4654-8d6c-a73750df0e4b,2.4375318971865605,4.809598405945518,5.482145415323973
6d9e07b3-9687-42fb-b7bf-ead5864ac15d,2.480579930980315,3.84807580244225,4.763790583774336
6da21473-f0b9-4f6b-834c-338ba9f95428,1.8856200442822064,4.867306312124847,5.650031081544084
6dc417dd-fc05-4a51-9132-78c8e6e0c1dd,2.886724029457961,3.939721844511324,4.545754292224865
6dd0cbad-baf1-4efb-bd1d-80e8bac3bb23,2.187850865600397,4.261375969367275,4.852555356430738
6dd92864-5037-4893-9406-4d2310e00384,3.2212570632756776,7.679724009800179,8.67972312833944
6ddb0771-0982-428d-8a1a-93871d10c0be,3.06044047200198,6.558870631858758,7.282401071232807
6df61c38-f8fa-4d6c-931e-8d03510b95df,1.8022234942678057,5.189352874139852,6.049954615136783
6e000974-81bb-4b04-a676-d4c7182ce352,3.56340989464177,7.999814538938092,8.69200296463487
6e012304-ee41-4abc-99d7-fe2418d273ff,1.8727322246448224,5.824192782574056,6.408738586328303
6e1bb162-f490-44ec-870f-d02b7ccb01d6,1.8961793566557,6.108699818348883,6.686697435350719
6e28a5b9-1ef8-43fc-8da6-8dc69c29abf2,1.849647458062728,4.004736830705637,4.624732072895943
6e2fe4f0-de21-4600-8ba3-b6b0624e9b4a,2.021507009884516,3.9188009012946647,4.815969366554056
6e33f50d-dab2-4797-a1cf-920eee71d3ee,1.914040166905439,4.166716513174962,4.903517207768675
6e34a02e-5c8b-4c6c-b4c5-ad96d97df1c8,2.3882712818026053,4.905732792003422,5.824795752091572
6e3b174d-3987-4506-b38e-0728e275588d,4.100278495921561,12.507757564390351,13.170830281455626
6e5679d3-f736-49b1-a276-ff6096a34b54,2.68788316579244,6.550899544725703,7.379509090558688
6e5e2bd2-4dee-4e0c-ab37-6750608d58db,2.071872270359742,4.728464304542747,5.324029298070782
6e61ce29-dfe6-4979-9a72-391e6c6cded5,2.9066014381667964,5.289150002081176,5.776709993886514
6e62593f-8bc5-437a-a140-0700d6772d42,2.794040857663714,4.021564491649463,4.641212657801908
6e655ff4-4068-45c8-8b8a-2341ef1d9c28,3.300807204424573,8.07930135817243,9.065701714103197
6e6895b8-23c0-4cfe-86ad-cfd1ed92ddc4,3.115326360856589,6.894994347732962,7.262249838720672
6e6c1e88-76e2-4bfa-86f8-f66e3d5aead1,4.084850995594499,6.534922834688931,7.533900186713643
6e6e1fa0-5439-4aa9-998d-e4f7ad138439,3.2966836033777707,9.717048709307589,10.582257197158365
6e71d8d3-09b0-4c92-86c7-4012ddfe165e,6.071907298591537,12.048857150509525,12.367761975408207
6e981e58-6131-4080-8485-c1af3dd4135a,1.8011294336269688,6.51850234787876,7.337686193509852
6eaa3829-15a8-4bf0-aa7d-5af4c6fc8145,2.04289502245255,4.227755203798376,5.044513144255496
6eb6f95e-3f28-4356-8214-58da440105cb,3.422683152135418,7.190433159272512,7.712908270821017
6ebae624-5f8c-4bb6-acbe-80941672e56e,2.5618079620932908,8.921991804989979,9.713767988553812
6ecd96a7-98a2-4d66-9eec-7773a5ae6b20,2.0576795130530416,9.387748463582623,10.382258641316326
6ed688c8-f5c9-4109-a6f0-35b40ef423e0,4.6596392634146895,10.58105552296638,11.460294922119411
6edfa02f-677d-454d-a532-c08dabd58f0a,2.378996723989211,3.99097024888572,4.597441546385365
6f06b313-2b79-46c9-99cb-b2dc4d3dd643,2.251657205065348,7.224776038303574,8.064954865764085
6f1d9d11-e7f6-4b33-b36c-9999d9e8ee92,1.7675013663836372,7.023274724850123,7.666165688587863
6f1ff61f-e9d0-4fc5-a95e-683569386f5f,2.123245604173557,4.799560334108032,5.772287987832461
6f2beb7a-c9fe-4249-970b-5df6a990e3d4,3.4736621283135185,11.146341915686037,12.145729014537796
6f2c0995-5f5a-4045-ab45-6fd60daadce6,2.756669243293097,4.974742237729984,5.809559072052196
6f31cbd2-64ce-4c9a-abb0-2a849c34ad6f,3.04529999661473,11.926507516017768,12.27739273608394
6f3fa34f-6cd4-42a1-b2be-60fb560b1d81,1.9645569401991336,4.264305483758239,4.801950351417817
6f40a3ef-2cec-48ab-a109-e3502661ac70,1.9785981223099225,5.796628941918201,6.70400977003198
6f4b8786-060d-497c-b3dc-bbd313a83bc9,3.598994928995165,8.933793693963345,9.933793489806192
6f4bdbba-6a59-476e-9a49-60d863eb3e0d,3.1477877688707703,9.444917281607616,10.255429015832592
6f5279e0-364e-406f-94c6-c58aa85c3aac,4.056361302981799,7.83313727488312,8.287230047721934
6f612384-34b9-4819-b229-643fe6f56ef6,2.367852863324976,8.318687890330773,8.676808605342057
6f75be47-d004-4aba-9e6b-300094e80c43,2.574783807410667,5.010463718735816,5.969418772050627
6f7cfb3b-e1a3-44a7-8d71-c1d79b3f95ac,10.972491376961738,18.59754626928777,19.07133838278293
6f8f3cb0-5116-4b29-a4bc-9321ae11bb02,1.817049785566639,3.982316693133748,4.492493804020885
6f93096f-73f1-4e4b-b7bb-ea69d74acdc5,4.682388647337472,13.320590267848694,14.32057074956501
6f989d2f-c202-4cdb-9e74-6c6081f5f2b8,3.5806255617032137,6.153975965220032,6.730245058368139
6f9c803d-2060-4847-b888-dd00158c1a81,2.226051666756913,8.237409608881364,8.67288421613254
6fa7574f-2a86-4d2b-a119-9478597769e4,1.986254124096151,3.9800614565821433,4.596855030582193
6fb60d50-134a-4248-a639-e7510f3a6163,1.7743793937226668,6.167710698910047,6.742118906782219
6fbe36b9-266a-4c91-87e2-6f91e0a5db2c,2.2807519225622768,4.686919115356783,5.4509201436328585
6fccccd9-b1fe-4de5-ae9a-e8870d177127,1.8881111718273869,5.645427720073736,6.412757131930121
6fd08988-91d5-4022-a8f9-c0c870e5854d,2.0185991870204605,7.403489114181552,8.403465285689489
6fd0eb4c-f3f6-4c2c-ad02-d1647617fb47,2.6741766258306257,9.129461084996407,9.975588569166185
6fd3e92f-5065-4a40-ae66-b510c238dcbd,3.1772484022430354,10.334407705462407,11.193492732010812
6fe21e79-bd09-40d2-b1a5-d91b990defc7,2.011317588216924,4.383289659520516,4.852419103221046
6fe94b97-41fb-44e9-bd56-a77b1259c9af,2.311805918919732,7.587225558843442,8.527787318090345
6feea107-2670-4103-8676-d0fe27eab1d5,2.8357112804898827,11.360120286222015,12.241383126577224
6ff4a7e5-258b-4701-9ca1-fba95d7f255d,2.0701062939030344,4.159473987911844,5.064181899291651
6ff9ad75-8faf-44a6-addf-a0425d8a16fb,3.548097281954647,10.399933963586268,11.19772873282728
6ffc4cd4-d5b9-48b2-9dca-68d50a667522,14.57538723809965,37.00661801346229,37.5800940987704
7008a3a3-73f1-42b3-8d52-c7ff2504781b,2.840758407377922,7.240682403106352,8.210005757133548
70209ba7-9c20-491e-a4fb-7bd6d64c6066,3.2890830499618025,7.043278870428297,7.743588199653388
70338589-6414-471c-aea1-e87716b7ce32,2.858436793713516,6.183341416988234,7.042344027072237
704efd2f-abff-4fbc-9bd7-c574558a18f7,2.001662339192878,6.125311098726931,7.083906347906599
705eeae4-8a31-45a0-ab7a-c00da232a5c4,1.7953395003918795,7.005899072159508,7.984939744740595
706943e5-f0a8-464d-8702-316e965f183c,2.74869286180148,11.1254505354767,11.922079742183056
706c2f95-d095-4fbe-b56d-f667ebcb6bfe,1.9484606748849005,4.218102832654799,4.919139893234018
7089a2f9-e6b9-4688-9a70-183d3681a9a7,2.5894746286628343,10.05424448974353,10.96768397770134
7095ecbb-2e38-4ba2-8451-6e2cd122892a,1.7585130075788875,4.262221284006141,4.835673551166467
7099a36d-a288-4d58-957e-1a1ecaa3e274,2.0583279820757285,6.009968764970581,6.769141441635493
70a099e3-eac2-436c-b104-f32cbd7dbeda,2.146402842803282,4.050105214265153,4.935039413036769
70b69628-d84d-4c55-b4a3-b66e36007fce,2.900768571187273,7.409039477031591,8.409027499455064
70dbb590-2fd7-40ca-af17-7ce83e4972be,2.7711482193390187,8.214054171141607,8.786255646092975
70dd730b-ff95-41b2-82f8-d10169a7b4ff,1.8922345143564736,4.09788090190745,5.06719913786734
70e89ba7-f03c-45d5-b484-b43a9c0dca08,2.029422597437607,6.78805150939157,7.782571791203406
70f20774-cbcc-4b34-825e-a9cc193c8854,1.7435620422813407,8.37133053431232,9.289757147036005
70f211df-674a-45b6-8cd6-db4a9d5cd9cf,2.5772315775229,4.546627618160446,5.327732554792771
71038d63-41b6-4563-9f91-57794d047d8a,3.180265685059401,6.426963113301157,7.423529816781796
711889ca-220e-4948-bf53-6d6c42c7534d,2.0543902810092747,5.349136141771882,6.005087919124467
711fef0d-cc59-459f-964f-74cb298555df,2.838005586483884,8.108177940651423,9.064721135167924
712e1b63-1bde-4560-b110-6b762d439e0a,1.9472794171465293,4.873378966478683,5.479034355030618
71423056-1b35-4326-b0f7-005ab6b5f358,2.0739851140886736,4.920621769378706,5.313933019676608
71423c7f-f922-49b7-927a-f3538854b7d4,2.077264219289324,5.461190853238175,6.461178263663426
7150b8a9-c18b-41c5-b2eb-5211eac3a934,2.211377768484512,6.692008833304286,7.683656594685963
71692b02-75fb-48de-9a1d-e76f2886f992,1.7993840876197515,4.2935353691241,5.144830099259066
716c0592-ae0c-4106-b448-941d580004dc,5.985568411245047,19.980978646091312,20.778112950647827
71709d69-601a-4c19-9c6c-53c500244833,5.380035447002568,9.909652920356184,10.861839504758636
71765487-7487-4ce0-8f44-0da80e233f00,2.2795518602954417,3.749768224628185,4.746472026627528
7193fd87-274f-4f25-8251-c65255aa7b96,4.845650019217467,15.459239331827632,15.922079300861784
71b4bbd0-12ff-40de-8d27-e964444d2305,2.022989074815744,5.378756114969674,6.376652125863368
7207d73b-73b8-420d-8704-5b514a6c33db,2.065359360316828,5.427226434214932,5.860509007312539
721d7f71-284a-4347-8ce3-866a3d80c6d9,4.515809159458336,12.389378938041345,13.091950075174744
7222ceef-b943-47a4-937f-945e4214ff83,2.738068999573142,5.2318088211160525,6.06206059166731
722fff40-2a7e-4aa0-916c-d97ff4afff7c,2.245086473310685,3.753059247759386,4.753046986879591
7237debb-4e6f-4029-9d8b-61945e41b817,4.427918755104895,9.585232165785136,10.58523205581342
724e498f-6b6a-4378-94f3-3824c1d73425,2.090038197416465,4.583421289366867,5.189160858016014
725434bb-8437-4c6e-a227-60f48199a783,2.7003580622156558,8.883004888363415,9.866761276864644
7254ace7-2160-422e-8eba-b13c96000044,2.149054450135308,5.682077679463516,6.610560701044866
72603c30-ba18-4cc9-b378-fb1455718606,1.9282466373080225,5.402582475494249,6.350610211323403
726a6d36-5656-40e6-9554-eaea148ab2d6,3.418195419327033,8.54100835186877,8.99770803473297
7273dabb-3376-44c2-b1e2-b4070359784d,2.093688318898789,5.448755245147762,6.207005179493992
727ee285-2191-4332-bc0f-49c2ca3bdd84,2.0925747478557706,5.633329099930906,6.625734207909973
727f2652-64a5-4291-9832-d844eadc322c,2.069324776469566,4.6528589335511,5.651110020463775
72853cc7-2929-4ea2-9853-ef1b019c5ac9,2.953839562169906,9.33516800844362,10.151781136660013
729a27b7-73fd-4be2-be89-d60af9321d0b,6.556369650444015,14.28913638283137,14.683725517547854
72a1a480-0c4c-4b42-9f51-c43a4363c721,3.547982131517303,7.295479844837884,7.6385317589335955
72c9c1b1-223e-4247-be90-b95dbcfa235b,2.002201569047608,3.78913069859526,4.593334755868928
72d170f7-06fb-4975-85f5-fa2de148866c,2.118262649169001,5.222634472818307,6.087090149248748
72d706ab-0f5c-4029-bb63-796f7b7f8acb,3.175005671237064,10.382062806016132,10.883418517849782
72d7f9f4-6e63-4bb6-a08d-80d999437e9b,1.8928575485132264,5.386918443821339,6.345155364652924
72ecdbb5-415c-4ee1-95fb-341d543d2d10,3.086422394330245,10.069856667988564,11.026978205074167
72f42e46-3030-4949-8e1b-c2a843289646,2.1363674837610094,5.152668787509352,6.15266863480519
72f4f82e-c2d5-49c6-abc4-f0835020a2de,3.512805003299854,6.609527104977452,7.1202818786836914
72fa7729-a24f-4219-bb9f-b5b21c6f5310,4.629758343735424,15.222121342048275,15.582131658854474
72fc796f-cf47-416e-836e-87631c4d1537,2.5964086454421125,9.01622490645354,9.731315787073164
7301c6d7-e66f-431c-b2e6-f93c9b6866dd,2.942391451502615,8.572268917573782,9.415857250994833
73023e4b-b915-44f1-b331-7ed87ecc311d,3.0446097548719866,9.438798538134233,9.731386882802754
73094d1c-9d0b-47f1-8f96-2346c765210c,2.3203392948454,7.37602415693705,8.312362182873416
73247fa9-4e9f-41ec-8934-ec2fc55b8a35,3.2312426996246133,9.147687408374903,10.119900009836794
73274e33-bfdd-4c7c-83ae-ffd9ea84e18e,2.2887388647156843,4.129208981571186,5.087215148435989
732b9603-e0c7-47fa-9666-65cce95904c4,2.872711656577917,5.148827560744548,5.861985091312971
732c3038-cf5f-4e91-bcd2-f600eaef67c2,5.195304275753028,16.38612291248913,17.06282558334729
7333ef24-e553-4534-bbfd-ba5eea887925,2.5094966994029613,6.857167928968951,7.336489100751744
7336e602-1655-4ebb-a147-859777fd6e87,2.886156466956302,7.715919416386623,8.08387700143993
733c5ac8-4c10-4d5f-8507-7279cfaa6200,2.584925971021319,4.992518413880453,5.684353499274399
734a9165-28ed-4101-b8e8-c80d7a507c5b,3.04614366796427,7.721698014151181,8.57135177807945
735500d8-146b-4d8e-9d63-282331cc7a23,2.1337123571044363,4.562277108028053,5.409076559488919
735b1ddc-e0d6-48e4-a803-2b6e4e267db8,3.704483569495866,7.382455274885464,8.271038201986881
7360601a-0cd5-4bcb-a9b8-fd678f2c1fee,2.79083048208762,4.072852313792517,4.889444312120128
73715164-19ff-4b85-8793-6527eb4e05b0,2.2515744193541933,6.0766274481970735,6.615237144072393
7372c5cb-b695-4063-86f8-f9a6a821cc1e,2.047082110543237,3.994840927222346,4.606528643436777
7389becb-dc84-4c0f-97af-44c7379bc7bb,2.501270449906882,6.039488561492957,6.490792785088538
738a824e-ce78-4d12-a4ea-1532818e4652,2.7268571623108087,5.190259334499058,6.18311524290159
7390acf0-10fd-4f49-9b63-13c7c62b55ef,2.968412266923595,4.322069254422097,5.273454750330719
7392727f-dfb9-4dce-b696-a4e01599626d,2.331411520103169,4.241203799761119,4.752635545992584
73a3938c-f457-45e5-a305-d5e052a92d7f,1.7374071728165612,5.205681097228386,6.204624568348211
73b4ed9b-bdce-4521-b96f-2ad52c5aab80,1.91841461106832,4.961006684898132,5.767636466910378
73bb75a7-1dcc-40b9-8598-6fabfc89e1c0,1.8052487024270367,4.430470112344816,5.033468241780319
73bd1683-1b66-47a8-ba85-8d93d924d849,2.954851147063021,7.157731897894073,7.96923548059195
73c14921-208b-4b3e-91c7-c8f65403a769,1.888147757918534,3.8603967816775695,4.618392323006434
73c3ab32-bb97-44c3-bb97-cc6b92382dd9,1.870373418037544,3.688701865982668,4.490402008639361
73c86e26-7b51-420d-a3ac-3b02e5f5b07f,2.150097583334301,5.986347026183083,6.647971417140618
73c9639e-a09f-4231-8731-124bae993e61,2.167023626455994,4.890108898651351,5.830994715675154
73d08e00-4345-488f-8ab2-b1f1268fd910,2.310354383594925,4.238287662389808,5.209018236391134
73da40ce-e8e0-426a-bb6b-3b94a8216925,1.872364015645954,4.894901638122268,5.893914001923395
73f8c3af-95ce-4929-b212-5afe3425346c,2.911977933704746,9.821586831165993,10.467727125967272
7404dc0f-e8c8-4554-9e53-c24faa007f81,2.678543705454148,5.726176189015468,6.258001033485233
741008f2-0868-4300-8874-859fd3faf9ad,2.048513459847685,3.998259589444731,4.998259588846019
74119bcd-c781-4b47-999c-bd8aeb6f37a6,2.0375967876086727,7.312094972261215,8.312091819743078
7419c47e-19c9-415e-bd64-a68caf18ae56,3.033074675451851,7.9311543731245795,8.907188918749387
74218f83-36f6-4708-a5ac-7b52e1440ddb,2.29973139790036,5.793320753702826,6.460093550162187
742acf69-88f9-40e7-8be8-0d63132cd666,1.820456388410744,5.687233852446105,6.687233837455339
7430dfe5-5cd9-4e85-98a2-608d49039c04,3.030650647362557,6.746405041239137,7.356621026660753
7438ab3b-45a2-4113-890f-a0700659c3a6,1.748807410649508,5.322863015585488,5.779372030457858
7438d35a-3f01-4a14-a059-6b82baa7f46c,2.5798248162472373,7.109016122768078,7.699859973161713
743f92ac-23fb-4688-a5e2-6ac03ac2aa77,2.4820949841405078,4.712578691025776,5.308580448747231
74488e7c-23f1-498f-8cb4-4da07418dfba,6.906838580320956,21.2631682235952,22.26133504647306
7453bbff-16f1-4a85-be44-29c03aed94ac,3.516777847531273,10.730850468575488,11.54282569552566
745ec388-705b-462c-b9fd-ae4683254728,1.864274687313851,6.900801440229452,7.669728404600517
745f8f61-4371-4c01-905b-c6ce7ed4da36,2.3245851469079764,5.552890645545779,6.540571473871086
74608a6f-6309-42c6-bf05-218b0f8f8d7c,2.3326845544749144,7.817742145240874,8.7445047626753
7463aa25-0b88-47db-83d5-41dbda42371f,1.7447392707679166,7.175640521997417,8.095671488027854
746515f5-c493-48bb-98e4-f11a2a188697,1.9869720368372272,7.4475761740124256,8.417212996845185
746ffd1c-f79e-435d-8041-0aadd05dce5f,1.9739391421888728,4.173358344145797,5.11888934900477
7494fb4f-7678-4218-9f2e-7312bc32393d,1.9181445686878893,6.235240337608443,7.233397232003047
74a69c7a-bd80-48a0-9965-2ff7c7418279,1.982963727366844,3.679222547948347,4.609563154885484
74aa6cf6-da5a-4a91-b80b-4dc8ae21bb7e,2.2070964526303496,4.128183041377619,5.059410139082161
74ae5844-38d9-4b04-aeb9-97a089177856,1.81425914451996,3.798407024387001,4.798407019716744
74c203dc-e3d0-4a88-a004-c90f22263ac6,1.908086971637984,5.343473118816685,6.191432755250592
74c3f90b-c763-4905-9a2a-f8f6f912015a,3.200096199050333,10.288389710960557,11.288388038819702
74d50959-65c4-4710-a97f-cc13d132064a,1.8256916155712344,4.414897961503002,5.215913104664189
74d5fcbd-bee8-48b2-b452-b947e86c7d1f,3.1152417912677497,7.537650210132356,8.537624446985285
74dcce62-edc0-46e6-9c59-ed7da31eb321,1.8424354683489437,4.877019450627347,5.6459605693104455
74f8f099-6889-4f18-83cd-bb6df9fed10a,3.048021213365563,8.985852858563034,9.974443237342475
75049f82-9ae1-492a-96fa-9415c8242dc1,2.223443214498261,5.52839736614163,6.528390848559598
7517a8d9-97fe-4f3c-868c-b9dcd306d94d,2.34688968885311,6.832322786399249,7.505022479920404
751ee2b3-5a39-49ea-b46c-1707bd62ddb8,3.273233788563945,6.556715069993754,7.447283745260346
752f642c-22aa-4e32-9fba-a4ca917a9df4,2.302529193565426,4.528655731410594,5.421724682013041
753b0061-8070-493c-b091-5597178a4f5b,1.833153376592642,3.867371135361484,4.79366632569784
75558a02-77ce-497b-b250-998d0ce8cee6,3.97205006970716,14.964598549232068,15.86818298857623
7568899e-2bc8-46d4-94f7-fba9ae8c877c,3.5133387523102737,7.193813876268136,8.064703170107197
75874036-0065-4d30-afe7-7a4f82372b92,7.56680894026775,19.09213587552356,19.705687765202377
75880e43-ae68-41b0-a525-412640492c6a,6.2374544876526175,14.823660731862931,15.232082598486944
75928380-9fb4-4103-8d53-8c4377480318,2.813520562709375,5.253944921510144,6.214812535262108
759ce85b-fa02-4acf-9076-f50b4bb38763,3.4335538220343755,9.877847284532626,10.782369091784334
75a607ec-e585-4c88-b194-e3850b78ed5e,3.5404272255924853,5.05644774685672,5.420641304843972
75ab027c-da51-4008-b346-5bd1f801ffb4,2.141976292677023,3.7792564922159126,4.4358617966791005
75b35abf-a770-4f31-89a7-092e82c052b3,2.016115919752734,4.199680363171764,4.902137494717152
75b7834a-6d9f-4163-8100-2ab3f318f1d6,1.954835226595152,5.516126076882214,6.490053215641998
75c1accd-9401-4d59-b4a5-bde3081d4827,1.7443749698203208,5.13949195102505,5.664303982839665
75d04558-929c-421a-91dc-968f03b87455,4.193265390702097,10.399528174484686,11.399527690676384
75d979ad-ea00-4bcb-ab6a-1bd67fa9e73e,1.7465231094966391,3.8970334556389408,4.712602389339212
75db2bc6-c2a5-4c46-98c4-68c7470dea05,1.769474506473025,6.629329310813324,7.523516657913062
75eb09ef-98c7-4b6b-b5d9-e6d25e2de6b6,1.797214609304063,6.376511274997891,6.970665344027746
75f3114f-594f-42f3-a634-74e31d5a5d67,1.7328714088162809,5.139967812786634,6.054779383604856
76044fbd-6ebf-4d9f-a49d-7952a13f63d8,2.760383921464296,11.858740028691086,12.508466941910168
76131881-4f83-4dc7-b48f-acd6c6399b2e,1.820003991656025,4.32676666588396,5.150678163475862
763896b6-0b75-4e53-98ae-0936ce47b77d,1.9627695971642647,4.282491440570018,5.085900296512366
763dced9-50b6-4e43-bdb1-bea736d6cd11,1.8852157137835572,4.85215087964741,5.446133178555843
76409a16-604a-4419-990c-c570f2babefd,11.813991975037936,23.691661188251857,24.350202979042237
76484fd5-27d6-4c2f-b0df-d1947062b4c1,6.267028083377068,19.039031275971308,19.941381579430217
764bc3c3-ee3f-4325-8c25-347bcd5be1b5,2.4475998054684704,4.26287467137497,4.660255576076917
764d0ffd-34da-45e7-9550-63f0105b7af9,1.8857094021517944,3.8761433577306814,4.876041851911707
7653466f-7f1e-4320-be32-d7d73392585a,3.095855888910985,10.296548597810231,11.296540985614854
765a5e70-72c9-41ff-84de-6193aae6e70f,2.026092139256912,4.133776261953495,5.13377625960929
765b1cf1-eb20-4f5a-b508-38bdda244134,2.490975920583864,4.730524334155888,5.594499126439329
766511dd-da0c-46f1-aa75-a6dfcd8dd60b,1.855158737477239,4.489692881005682,5.370458903332396
766efb53-d150-4eef-a135-69e6f5c18707,2.506970571145096,6.654332072794833,7.561966105274239
76761052-c1b0-4068-bac8-2c9e9afcdbb9,1.974984333925626,3.9350440461816607,4.934391438823324
767c7be3-e619-4755-9377-4b5e70635be3,10.31175071614624,31.02907898650024,31.841365003754092
76906071-8f97-4ba8-a192-e15669ca4419,2.245818802864717,6.457747310694777,7.457691788333083
769e0eb2-87ee-488f-ad58-b8573d5b84f1,3.547784661412605,10.438426009217578,10.755107389243664
769f7308-6906-4bbd-97c2-3cfc98af7cb0,3.099061740802922,6.513257977321304,7.50879662182475
76a88858-2c36-486a-8476-5601c0b55004,1.7807786419418348,5.370846866842642,6.370734686939146
76a9f771-d488-4161-aa4e-aed2b9322a29,3.7439825265723887,11.06907186393884,11.929838051187444
76b3b40d-73f4-41e1-bb39-9e041d254441,2.614936952313143,4.392038253072463,4.777308806522656
76b6e5f4-9c7c-4322-ac39-8d5c67b2e5a6,2.8973931051454973,4.026790774683724,4.668262147084167
76bdd909-4430-465f-923f-cfd79a09e771,3.3207013888386294,7.019110379261078,8.017530036778636
76c64a04-2c6a-4cff-af04-cf3743a3322f,9.812968998672885,20.184064807925807,21.18396078216608
76c84b9f-6bd3-48ce-a3f8-528e9c6c70fd,2.4691825705455748,9.764422481554352,10.61683144014463
76d031af-6318-486c-bb7b-193b2dc0b58c,2.3737971535378657,5.067087876105603,5.974580209184566
76f5c561-235a-4599-9549-e8c468a8a027,2.461512781108715,7.260408158118436,7.777581220554412
76f70c5b-5099-48f5-8429-888cc7c1ee20,2.386657321715312,6.896095139764669,7.8652675771711875
76fd5fcd-cdc6-4ebc-8eb4-d7f7b6ed6af8,2.884854849669556,7.704165080973526,8.630656518436176
76fdd833-5f5d-4656-95de-090040af083e,2.13504381246704,7.048029796401959,7.962454814621015
7705ff5f-a30c-411a-bd7b-61a1ffecd6cd,2.03611016984658,7.627316255208445,8.598968071007878
772b412d-c885-4105-baa8-9aa382fc80b3,2.00884379789611,3.984899341811565,4.912089378073708
772c2746-5777-49b8-98c8-8160e5a3bbf6,1.7497500637491714,4.386105698626277,5.331265711559711
7733a60d-2201-4960-9982-6c8cb88ba8a8,2.462514722120348,7.4347957681327825,8.342150772566802
774b0e14-1d0e-4fa0-9337-5784e8753765,2.0561605688153395,4.555131978842571,5.474267899511209
774bf4b1-9120-4976-8caa-032ae4d40963,1.8511631315375088,3.986500063713883,4.983502537713548
7751da0d-d9f7-414d-94c4-cc550104ccd2,4.510742739153385,8.22978782763752,9.140916214580514
7756d237-6c99-45ff-8a70-c17c418dbaf7,1.8573755022324407,6.822721630436089,7.420552615476455
776e0b90-4fe9-43c6-a4a8-e5672d2501dd,2.39367698795548,9.994909953730357,10.77075585563972
777a9d5d-2dd2-4277-b0e7-a1974107acd9,2.908727322237512,5.245732488047515,6.121392689658271
777cc894-2f3d-4403-ac73-8634ef793ffd,2.368226609031729,3.99269577362489,4.529706044001182
77804e77-7e1e-47c5-a83b-e2e2a56bff05,3.496561522376901,6.640989205590774,7.602322572791611
778b6e13-a658-4883-85e6-9a054294c544,1.9407456979450404,5.080198089145788,6.068743794631797
778e0e14-4536-43af-9938-268979761413,1.7546353120806588,5.576332120240667,6.045483335213209
779dd833-821e-48d0-a977-7ae12111de34,13.823303931665595,38.08443346834424,38.79124860627709
77a6f29e-f694-4107-9a64-9af47a066fd5,1.8327982422289495,6.142603306258408,7.071821160475518
77a77276-a2db-4d05-8612-80b0e5ca1449,2.504244329352223,5.373668619769636,6.298900192374849
77ac41ce-e289-4e4e-b4d7-54c5a89096d7,1.841112999148455,5.121198020055915,6.000177213768465
77ad8799-ebf2-4c18-b433-0b67ff7af414,2.0506261781674886,6.492407706577338,7.259619612750822
77b751a5-c313-4fd8-9267-56cbef67ba08,2.0465567282184183,5.785491485915839,6.154127908835413
77b7bd81-c663-4eb7-b820-3b5352ae5d3c,1.845642622895211,4.688368875191512,5.5789070942913455
77c490be-89ed-4826-973c-ab532d1ca2dd,2.4008746075621703,9.631446136902326,10.49825522219069
77dc21e7-83a8-4600-8229-315960e29598,2.17543943347214,5.841510778950092,6.841510662904565
77fef74e-0490-4ee4-872d-b9091bb5d16d,3.5487660961890968,11.915362209869482,12.832179965418982
77ffb200-688b-434c-97bf-20dde18bf7fe,3.341492559666704,10.607582054887445,11.59653401634974
7804cc14-cf94-4cfc-94f3-2bee3a4696c3,1.7999450984907288,4.386353280657914,5.234260828406887
780bba4e-fb54-4a46-8ac0-3709f18ad0f6,4.879001695023678,12.082667351724968,13.03094309070677
781b0d1b-6a28-4536-87fe-98278000ab74,3.07128404174663,8.655208153452454,9.316795736454958
781b993d-e077-4f1a-9ab8-6efddf4cba12,1.8901723281768572,4.725918792880465,5.482223183787209
7828d659-7b56-4bc5-8463-849b9baeca69,2.2107138376188806,4.579759010770663,5.392131973913506
78294fa8-80c1-4678-81cc-2a578ad4fa5c,2.9145954236127114,4.704228056937053,5.11578929153085
78342e61-21f9-413f-9ff0-254d64b81e43,1.939500929384104,4.240736871515552,4.943259348132313
783e8b38-0281-4247-8b13-99d910fc44ff,2.736232298113674,4.4453055102389465,5.268880540809031
78528631-a8d0-4dcd-ad1d-0ece2dbed0f7,3.1532664654492604,11.121170032694485,11.772006945935017
785dae42-1855-4e46-afd8-8b511d258b07,3.2984409428746035,10.544324342908222,11.529147009951116
78613bc6-7916-413d-ac28-bd475a88ace4,8.545911614163577,30.910131398291288,31.50412890910973
786680aa-fd42-415d-af0f-13f474c5a8b6,1.7755270385275443,6.99302014890699,7.974880498985199
786b0ee2-3b20-48ed-b6c9-a86ce47d6328,2.216358528834893,5.975720632071451,6.4639383889143
7870387c-279c-4658-a381-a526ac39bfce,3.1343466003846583,10.782066581073416,11.769564779331327
78782ffa-da29-4634-9964-61a35d3a6623,4.751549366964015,13.359968343461048,14.359963984168646
787b0777-8425-4414-81a5-553b8a30f695,2.7741408463134443,9.569253104259776,10.511508468911286
78a989aa-d78f-4575-9a48-8e1c752d4c1e,1.8329875372701068,4.189376824365352,4.679937897639926
78ab5770-ac07-43c1-a107-9ab218a9499a,2.6745237674968663,3.773229196166056,4.724406153211498
78ad3244-cd57-49ab-9201-5c6d9ab17215,2.805641061720224,7.769359249754435,8.769358546186346
78d348fb-26b1-41a2-a510-687f2dca454d,3.3791162627523468,10.621211368870355,11.24092701385716
78dd5d06-73a8-4788-8328-bd16c80b296f,2.2848227439221493,4.9763017853409695,5.972334925865101
78e5c377-63c3-46e3-8c1a-cf62d8a86000,2.5507581799760097,6.250447288913918,6.871421100312192
7902871b-9deb-45d3-b262-1519d20aef7a,2.296705257652151,4.31618376793899,4.996573954799937
79040440-5866-4e52-b6b3-3fa2ba5a6447,3.0777598209543453,5.64349646317339,6.120519236585656
790eccb4-6e73-4bfc-a5d3-859390563975,3.491193431423945,7.98868621539664,8.973103088013152
79242234-65ee-49e2-b7d5-7bf5ba3605bf,2.130291234764269,7.258797109045845,8.258797107679358
792b32bb-b982-417c-b5a0-206d3e02660a,1.771632983650916,4.347665155637091,5.205179387948903
7931edd7-e0b2-4331-accc-07dee20fcdd8,2.783529982686555,6.446196605832792,7.0187201442419225
79499c06-d4ca-4daa-8e1e-be7b34affe73,3.075150688974784,6.352388488399964,7.073620397830716
795dba69-0fe9-411d-b11e-c5ef9ce2c383,1.8516999545143595,3.968962350147794,4.748096732882082
796e18cf-6542-40da-b950-62cd0e3802a4,2.3503998988713053,6.042035907290962,6.6048258110252585
798aa2b6-a9bc-401d-9886-9c85ff0ff5a8,2.0215214787405418,4.594224279037249,5.455249723104869
799ac384-8a68-4830-88c3-42ad8e9485d3,2.985734866709968,4.569618869989995,5.518487169904207
79b2f1ba-3358-4849-b992-4f44afe85aad,2.1805751995314213,3.880639761419562,4.61968560295833
79c1ab88-836b-49ff-a32b-efdb725b6617,1.953387447027122,7.447657653895335,8.436593302866033
79c70b37-8f3e-4bec-82c1-e654f1d7002f,2.662494176609941,7.665640920204657,8.61783101004132
79dec26d-a4c0-494a-a6e4-b46f66c526a4,2.183389350242648,5.313453621353026,5.938202870280776
79dff64e-99c5-448d-9c38-5f0d4e7d2eb0,5.152413422281409,12.549624876461362,13.385449012930628
79e1a277-c440-442f-9703-26b81edf8522,1.906594901671855,7.323173302841809,8.222429243560462
79fb0d5e-d06a-4575-8402-b79eefd0d709,3.1260352877305566,3.784521535506985,4.592853438222321
7a0a9155-5405-4681-9a59-52e21969bf3d,2.244398689826725,7.026112269889916,7.975330064290469
7a0c610a-326b-4e37-af86-9ffdc28455a1,1.8265007058678104,4.254076413219259,5.25395573022156
7a156e9c-1b08-4c6f-a12c-9fb6140277cd,1.831260541516152,4.5915219663239775,5.501168790464755
7a1a0faa-3243-4aa5-b6d5-691ad47cff46,2.6596675578884,7.462308696544205,8.248316762481375
7a1c2a71-7274-4d2b-9e97-6a6072b1e512,4.493460082310069,13.677996406605446,13.90675348798282
7a2c54dd-079e-4c6c-9e30-6352246ff66e,3.3812024404176766,8.08559039723691,9.077147065068408
7a2efa58-8a2b-4402-8d02-60a332ecb206,3.1505650038852946,4.72075996588508,5.453088119446066
7a3a670e-dc58-469f-8fc6-b94b34d88e32,4.488305745840804,13.534689668774725,14.460584171224998
7a40fbbb-8cab-4e87-b340-99a8a832b6e0,1.768715303306156,4.785730768583321,5.199216420697789
7a43948a-5d49-4f3f-8efb-d9c871c0d723,2.26485936286188,6.31971913726881,6.653914834694877
7a4796ce-064d-47ca-a8bf-2e36a98f245f,2.655281585159324,8.730488187025735,9.728532457389829
7a6abbef-f627-4bad-b66f-6cd1108fba6f,2.747256363446865,4.433829528216922,5.430022287488372
7a80705d-0799-46c8-9ce3-50db4609b28b,5.749214008720357,15.06208306062034,16.06208304074119
7aa35c70-de98-47de-b853-1c84148d2009,1.7967302229155624,6.56487763804879,7.077727906993365
7aa42808-84da-4801-b96e-bfbe4406c742,2.2964448458578217,5.8023990180315,6.750589314811951
7ab72829-d227-45a9-9864-456206aee0f4,3.705950154800331,8.492602600896435,9.404219608194854
7abf3a1b-a3ea-497e-9e2d-260de6daf8c3,2.108415695966534,5.486885747000594,6.010308235938514
7ac27c9b-c7c4-4f8e-98c6-2324140183b7,2.189800896739472,4.340129154903618,4.723535702319154
7ac27fe1-009e-47c5-96ea-368dac8ce6c7,2.3325162332081013,4.39701560065277,5.3669016089627535
7ac34c45-3bd9-4bd8-9a86-540cdb7d8304,4.414541320636785,15.57045186637335,15.861418135212457
7ac96ad0-853d-472e-a0f0-240f797dd03f,2.1573164344573983,5.565743676011044,6.072665659221491
7acc273a-d0f4-4065-890e-4ac8508481a6,2.9426123223843703,5.667151350107708,6.667151343737627
7acd7645-47fb-4b8d-a545-0c3de550f4e7,2.637923241029549,5.55775632711177,6.431942718569069
7ad6c4e5-0bdf-4874-8b1e-dd4197502b6a,1.7571316448107794,5.22686485544519,6.226864814420436
7af39e0f-99f0-479b-b4ac-54304238fb94,2.491984499725352,5.448335413632659,6.351433398786663
7b0495a6-acb4-4926-b029-49456bfdee9c,2.74044065233369,6.720949181130984,7.720590257831447
7b0ddbfa-3110-4862-9e24-459bdcf6203f,3.675886126332439,6.628905541996574,7.628904939097352
7b120c68-8e33-4e95-868c-c49e28c9dcbc,2.2032991379357214,8.708717841103947,9.394683950914686
7b141bc6-3ca0-4850-a0bb-f7ddc1aca658,3.592094481700535,7.74942332238041,8.50650420273066
7b22e76d-505a-4ab5-99d8-aec5906898bc,1.8359488785778764,4.859000437929316,5.786153980896215
7b24b3a8-caa8-42ed-acfe-af3b1a786f54,2.9018473797779114,6.804064492194386,7.727261702345088
7b29d0b4-4238-4046-9d37-2c357cc0e059,6.20970205536933,20.153334775777356,20.5362928763777
7b506509-51f4-40fd-913d-42d012d5cc6e,3.402524134266424,8.043282925697191,8.87079689879305
7b535103-e6ce-4786-9958-c4474c474fd8,1.764049552331623,4.119482308623891,4.631193698438395
7b8f96a4-307b-41e3-9a43-8c04955e313e,6.159286637165502,20.274979524604777,21.258389090825727
7b919f84-ae72-4dde-a584-a8660d1e37c5,2.0588229508417046,6.653912102411864,7.554529431806495
7ba29eae-adf4-4f69-81ec-ad90873fc5eb,2.1745450109126097,5.487392785352375,6.291199710455343
7bb30e82-3120-41d9-9216-d25964170eb9,3.218791074128869,4.4438504326593895,5.38314115490642
7bc1851d-9b23-4e42-8f81-005687e0795a,2.2740360991667923,8.033322189479788,9.033085697606284
7bc22abc-dcff-458f-bd4d-4014a4e24980,1.9647871465187945,5.846057005327643,6.830823099660828
7bc55150-3a48-4673-8a56-2d0a766f01da,1.9493901378358955,4.767526830592592,5.448272035640102
7bd96dc5-91ed-4b2e-9d71-aa0d9acac5fe,1.813280100742497,3.795174451342711,4.742741822380469
7bd98d1c-2725-44d4-ae29-ada870c5c17a,2.5295147536029514,4.256642284163039,4.884858694355438
7bec8dfa-2b96-4b7b-b9e4-cf0469de695c,2.3917203142061627,5.390715248021032,6.371613252917321
7bf33162-06da-412c-8341-91ad922b1121,2.584313749126504,6.676492153918954,7.5638127278522065
7c04a619-5fbe-4833-97b4-65d51847022f,2.490956731989613,6.059352050503796,7.021599944502651
7c1be2bf-73ae-487f-83d0-da66d67e3011,9.34923868504078,20.63361723848473,21.4520673597182
7c40569e-22bb-4a5c-8096-61a32555b01b,2.487321725362781,5.934880488570783,6.700194364161506
7c4859ba-0c3b-465e-8fff-439cc5cbb20b,2.377701958416269,6.61288476851373,7.543528104250464
7c529d2c-5e2b-45d5-80da-c0b1504f2e39,2.75995663219427,4.227218611528224,5.012035129437857
7c65714d-bf7b-4585-b2d8-8876ef09575e,2.8500055544621024,8.66500917969148,9.633941955695644
7c6b0584-384e-4eb3-a466-85b6a16c7979,2.718261961843942,5.524627974825436,6.524521674276731
7c836d18-6e20-4371-a277-1352b995587a,3.4354161228338977,9.654134695355314,10.54591856239526
7c950a3a-82d3-4ab4-81a8-e721432963c7,2.428792240419602,9.192953246495016,9.727151973250114
7cb5f166-8813-4dc7-94a5-7595dc10e166,2.1252993916575105,4.238485650742115,4.935120573735076
7cb73725-ee51-46a8-82f0-5d1b40646181,2.1631962779057976,6.074454161358729,6.519729213545221
7ccb4a26-c3cd-46b7-8f21-a13d4f723c9f,3.1771718793400714,13.22574747514981,14.220904857728897
7cda1346-ccad-494e-90b8-267ae2c342e5,3.401437366220129,10.120525846714347,10.780445166919105
7ce00198-868f-41e8-a691-35eb3f230af4,2.695221576220159,4.817004320885937,5.565244506828573
7ce18dd0-39a5-46d2-988d-e627a26a4a44,1.9010698816829428,3.8235942899170783,4.525979906612495
7ce93332-6afb-4bd5-af9d-b52e78c9c17c,2.464958203442682,10.45338506359862,10.79552339612416
7d033c6c-0c69-4e05-971f-a3e949616b3d,3.301581054069413,4.347099664937033,5.077194802638591
7d0411e1-3be8-4972-baf0-93778ba87944,2.7419661164444147,9.161788440441065,9.943050187927437
7d21fb9e-7073-45e2-bfe6-38403fc57295,2.0722186021493467,5.523882156564598,6.523882156363913
7d286af0-706d-428c-b1a7-b9df96bf766e,1.8159327951291115,4.802818260130247,5.796376839731244
7d2f7e2a-4a6d-4b7e-962a-a37e793e9d25,1.8815398475050047,5.1911762555162255,6.0294628922556255
7d5e9b43-24c9-4ec0-95d6-f4bb771f88e7,2.313031430694612,4.026578590613297,5.024562870076048
7d5eb02b-a693-4822-9eba-f00580887b7c,8.922401572254692,19.505337105015787,20.47816821435758
7d6acc88-88dc-4ecd-803a-d54f707f2093,2.907805308865539,9.051206225592848,10.000254848690432
7d6ade81-9888-4280-9dca-ba3a0446fd0d,2.1708476955221587,4.259359178933003,5.077619392263709
7d714534-9bbc-4ed4-b80a-c8ca8bac949f,3.3126637383730477,8.706268132734387,9.451915096816888
7d73d79b-d145-4117-9e70-c65d0dd3aa84,2.908793963922434,3.941246408879213,4.857475986823737
7d748ce1-dcee-44d9-bbbe-b657029a2f7a,3.4154379915380115,9.157248071323268,9.99268415015297
7d846587-d52d-4c73-8804-84f6a965b38f,4.361251028100974,10.642680967087992,11.64268061649075
7d92e24b-46cd-40db-ba58-6194744cacef,2.57799229497077,6.6748520961798965,7.480435534627105
7da24a47-f53e-40e6-b683-8cc5077546f8,1.7970734963356558,4.124798123702541,5.020753197420111
7da4e048-c2ce-4df6-9a9f-2747367e351f,1.9987427696497224,5.608860583430352,6.464752577174095
7da8195d-7b61-4cf0-8ae0-775397ceb5ee,5.44529685666041,12.460510772552492,13.347158833852442
7dae8c0c-a7cf-43cc-b209-4f288f1dd22e,1.9542682876836064,4.764023265226878,5.671363608926645
7daeb633-ca08-4a85-a2ce-0e9b3a4f34c8,1.7929537794426271,4.022871425797658,4.912237296384842
7dcfe296-42ef-4e71-aa8e-f2b8bd93a373,2.4587441550269244,5.74723503018122,6.561413254663471
7df144b1-f099-45c5-ab2b-3d22e76c0046,2.253959311661318,5.0945236297641925,5.7852332947519765
7df694be-ff95-4fb3-840b-c410997d3adc,2.304178162121272,5.955417492560429,6.955409587494665
7df87a0e-7dc6-4a45-87f7-02c5e689a110,2.683088324310111,5.965584724960068,6.965252184603082
7dfb1634-09cc-4b4e-915f-55114fa4ea0d,3.00102691543666,6.415632321950095,7.415192974188106
7e208580-c90d-4bcf-8556-ddd319a974d4,2.0724295734787126,5.537011583218265,6.225053501435927
7e2293bd-74df-4210-a931-ed2a68ecfeed,4.358771515091936,9.255258401269993,10.2127912963835
7e340087-c18f-40c2-83d9-baedd05a2006,2.6348187843145245,5.798229674315542,6.281633556175246
7e362d8a-11fa-438e-8f6d-4bc97a357136,2.61807534392172,8.501494300662394,9.419598650388725
7e41dc0a-6927-49ff-b979-cb1b088e878f,4.477979525141344,13.016936036883482,13.671741834261864
7e51e963-3ab9-41b7-96d5-f70b0d7ec2b1,2.5308857205922064,4.776032085628548,5.2682156842008725
7e594f68-53c9-4137-92d5-cb95e9f2a84a,2.7849537748234314,6.666479292477306,7.628152411108907
7e5f7d15-3832-41e9-a11f-ed1f19fba6e2,3.269098421286688,7.963599553809822,8.963599528716838
7e622fab-85ee-4380-a31b-d18bfcea64b2,1.7848525413220075,4.071584072360391,4.963500081939054
7e63548c-2c0d-41f5-9142-5d7c7cd669b7,3.920178122795078,8.540899224529479,9.122085899202451
7e6848f3-eade-4adc-b352-b1addbbaa460,2.9611519648562443,9.024236890201571,9.707054626510187
7e7e8f82-0e7a-4b82-b93e-76d6bf7be17b,2.244257310659879,3.9910023185219465,4.990999770244377
7e86a8d7-6cd1-46c4-b93e-23c1a1ee5a62,1.87080858534739,4.980291557418603,5.642353823520972
7e99eb2b-c68b-4d00-862e-cf85ec00d913,2.8755227272775,7.0862060377055744,8.08620603105437
7ea4bf93-d6a7-463d-9dfd-7d49e13f379f,4.126046037817763,7.770095136382514,8.64808297810321
7eb1b99a-e928-4294-8542-4731fb42248a,2.1464782892479506,3.8738943253553617,4.865228285975812
7ec263f9-f817-4901-bd41-e682d158fe59,2.579497150324931,5.246282848932786,6.193653151129788
7edacd7a-3137-425b-a14f-90d6b8189c45,2.707256919006927,6.487148350692645,7.0254365798936735
7ee7a7e9-c449-48d1-a96a-a2c3199457d6,2.104092397849044,5.659793377989997,6.624245204318097
7eed0f48-e4c0-4bac-b00f-f154f375bd8a,1.9982090926645544,4.590669590634932,5.220019828578291
7ef44bb5-1497-4c1e-9303-e165208cf2c4,2.59963074250676,4.763149459197102,5.555091627656803
7ef63204-1749-4b22-b9eb-9cad93d92504,2.656342527871025,5.4181339786029055,6.143557068386709
7efc8825-3900-4842-bfbb-444778e8b9a9,2.5699138647684703,8.51209799000256,9.511991955570046
7f072d2c-e7cf-4f34-a6e5-dec4901ef168,2.465927130421178,4.206248861058331,4.917065460629405
7f142e85-5f8c-43ed-97eb-548b79e2c3f4,2.017479478777968,4.062857325924511,5.061796475386185
7f3cc69b-2a70-463f-bc61-5db2b32e04d9,7.154647778499195,16.627889824424596,17.593888139937825
7f42e5e9-0e0f-4d07-ae21-770e71ebe163,4.24269059263194,11.902820172339723,12.530838695376053
7f4c0352-9330-4d25-8c01-dcb36c891532,1.7795373416625233,6.8012460422680245,7.801200980556177
7f63300f-5506-4d6c-8afe-394eb427b618,2.657775761626246,8.42506361544465,9.26543954213975
7f69dbee-f3bc-45ef-a7a0-94aca1fad5a7,2.437133390087566,9.495720160762186,10.241932600665011
7f884a5d-a4fb-4671-903e-001d1cc1a3b1,2.8029734403828064,5.611152351543218,6.267296083777382
7faf3389-9514-407f-bdee-da8b09b15d1a,1.799112253571674,6.376992570339975,7.243175730082703
7fe5ba84-2f08-434d-bcee-90bcc11b8d43,1.7387475778972084,3.831040750850722,4.829843057853129
7fee26fe-760c-4ae2-a7ac-f98dc3e98900,3.123927573122282,3.8397307267780576,4.815273376522818
7ff01678-6f7d-4c35-8df9-7f195e7040f5,2.589822715439555,7.6659226450572895,8.20110518340243
7ff32a40-654a-4d7b-8a4f-541ab9c1ae3a,2.8547439553637197,4.144133126415259,4.6831413791851295
7ff63a3e-ffd7-4143-a72c-cc45fa239735,1.809362852816512,6.183702402179123,7.078722180579117
7ffaadfa-fe10-412c-8e0c-06a9f2bc71a0,2.6154849311741595,4.463613449634835,4.849422446662888
7ffda168-ca9b-41ad-902a-91968fcedb0f,2.447826533014541,6.266530926558067,7.184877379015443
80001f17-5128-4b34-84c6-ddde80e600ff,10.31175071614624,31.02907898650024,31.841365003754092
80293435-d985-473b-ad46-bd5234c7f35a,11.394821839678764,33.03683656728096,33.90525635298029
8036c36e-ac71-4966-a086-2a6165105c28,2.54859203194664,4.904627596776882,5.398669111584071
803e8b25-19fd-44ce-ac62-a2e0d91fbe88,2.2403799860500224,6.378508254199863,7.218582028172249
8052d431-2166-4081-a759-7853849c0ccf,2.726648021994367,5.316652361567926,6.188820901887449
8055975c-46d1-4db4-b1f5-d2ac3023fd57,1.837371387209731,7.500527131741125,7.984503198434128
8061003b-f690-4f01-a249-e4b813840771,2.6165084599999786,7.777393030652308,8.773179127305372
806d1163-5653-4dfe-b95d-b94466ff504d,3.1753034488832697,6.631978301144873,7.422987672655774
806f1c05-f5aa-4f33-aa39-90e2d08d9e2a,1.8819653249142732,4.4024204699886615,4.898358383144148
80a52ef0-07ee-4e33-a226-e98665f70899,6.071907298591537,12.048857150509525,12.367761975408207
80aa70b0-868f-479e-9a8d-a6d55753609e,1.9224705512859717,4.957170532991598,5.89996431243976
80def925-e6e8-45b6-bf55-5dcdf1b83a12,2.1389954749840445,4.914520544706104,5.914520523277179
80f3cbc6-8c5f-467a-959f-c83c8421a67f,2.646318058970218,5.627880960226391,6.022877711653397
80f7b356-7f3a-46ea-b172-cb362dbfc55f,4.056361302981799,7.83313727488312,8.287230047721934
80f8e0de-938f-4838-9aed-b3b29abc1f9f,1.9591470285451296,3.8343495431535786,4.581853993610371
8102f80c-a117-4722-87f1-483b5176050c,2.7174030419210404,6.219553303285956,7.146180900417031
811142f1-ed1d-44ab-8051-1e7daa45f31f,2.058396633170069,5.9083979074497295,6.908397610292807
812510d7-4dbf-4bee-9b2c-7efe5ee58bfc,2.8276894520831246,8.04842204332385,8.531092343933249
814b6df9-1682-4401-adfe-818911445f0a,1.9228051831903503,5.592492278408295,6.558717361543298
8155795d-0956-48f0-96e8-73b1dd29f498,1.8758152645482569,4.319140627329376,4.770308740517725
8165b3b2-c5f9-4f30-aa78-08d7d4092aca,3.716673704540483,6.245924675769706,7.111128833792585
817295d6-e84f-4ae0-972e-f8ed8a1946de,1.9447351131024668,5.719346102770995,6.687527120656741
817afbef-5a9d-4dc0-bf54-5cd6d2995366,2.414570568752318,5.059002417112009,5.974339571465586
817f0405-ce1e-445f-a5e7-af6897344b33,2.327497544730944,4.899180313101709,5.625501470538028
81826e60-4cd5-4dc1-b00c-3ef40ea5fbc1,4.077580622338688,4.095434133071703,5.095430231515906
81a289bc-d455-4087-b607-0c751764411b,2.082978890743336,4.80052760669369,5.5258015532195
81a3088a-6e20-4617-b2a8-8259ff699021,4.00673427746458,10.906219381791557,11.67148638599924
81b481f8-9e28-456c-8e2e-ee6e1f89406c,2.557631358889489,9.14686405918872,10.146863156423256
81b6db3c-7cd2-4b65-b575-7a31ea2a1b46,1.917842127147296,4.706987580330868,5.406672163042882
81bc2939-01b2-427a-b761-c23f608fcb3f,2.560917690621841,7.992317188709348,8.969262586045156
81c3f60a-34a6-4b14-bc6b-c064c7176f0b,2.531392209783561,8.503789634503901,9.4415663774828
81c94cbb-1aa4-4b10-94b6-86547d478f3a,1.829078135865889,5.258479376508133,6.257461350373855
81ca13f0-959b-4041-a7f4-9555ebd3a313,2.3174026362213214,8.147285343967985,9.147285343922205
81d1e08e-d12b-40a7-a2b6-894f308fa353,2.2102253404490435,5.524525628623285,6.524524948678665
81d58701-e6f1-4054-91e4-2e8dd79933ee,1.8134259972643365,4.936534814589884,5.691836509133314
81dd1ed6-1ceb-4b09-8b96-876252e002b4,2.31178046966314,4.087740040980441,4.6425619674177145
81dd77bf-02df-4e44-a2f5-fa642f8be334,4.2019406460033375,10.141479974342005,11.141478962476524
81dddb40-f6c3-4c6c-8be8-b8da1f9a0173,4.404979560691403,12.774678635172014,13.364662630124952
81e8619a-a8dc-4fc9-b63b-b01b19cfec1a,4.203184893823254,13.3892516414567,14.010814032203342
81eb7466-b250-4354-ba44-f34ab9fd98b5,2.137436951258067,6.017808312728181,6.896877495057046
81f22c62-1e83-4e85-be55-df08f2ef1416,2.157807444659161,4.479817069697691,5.479767456774419
81f31bcd-26f8-49f1-9620-64ec6157350c,3.978274649893544,7.416675032673257,8.359133358587187
81f9fc8d-e3c8-49c5-b823-7019a919b862,4.690386236354131,13.518671093846171,14.32948966343217
8202f564-58d6-475e-9293-545f6dcb76d3,3.97640566856589,12.337931823297367,13.15620103675328
8211690b-8e92-47a5-bcd3-e58debe3ce77,2.7021776561000848,4.702149899617632,5.702149891846591
8212ff7d-1f66-4812-a05f-3500e7c640f0,2.880793230461689,11.697467257091724,12.69650177950206
821bf3ad-64ca-4c2c-8461-ca75a697c2a7,2.003484915179273,6.519508200541053,7.36426005049641
8222ac0b-d629-472d-8150-8ff4cf2b8c3d,2.061078538135595,4.525912962812108,5.4755270281310695
8229ffdb-5a4b-40fe-8e90-c2a8cc056756,1.7876785288658583,4.617581396592745,5.247067322221305
8231720a-fb4c-4a02-9c1d-d573e937d14b,3.791891844513469,12.601783475011748,13.421599643267122
8244dd7c-0fe3-43b2-8f79-d3fb0e33f3e3,1.7328177293096014,4.117924570258226,4.898826469696072
825298f0-4f62-4fae-a4e6-15ea58e887c2,2.576786119672237,6.400292355323522,6.837204209156768
8257e43c-6d47-4b33-931a-b4c1eaba24ae,4.489183826673559,10.935409015444469,11.87457574864571
825a1e9b-7aef-450a-a56d-7a17cc874ab0,3.7635258760467982,11.68829900581506,11.99852119433622
8269f3bc-7cd2-48ca-b8b9-f9c3f786e45d,2.109652663904915,6.86093195981438,7.67477846706728
826fed0f-76ff-4d2a-8873-675bc1b8b8d8,1.9333451166576123,4.833492933003481,5.561103282059822
82704daa-32f6-455c-bbad-3605debd2405,1.9547407506546404,4.561593457469248,5.463469436286531
8284752d-3b93-454e-a48d-bbba1c9848b4,1.7818722890969183,5.1461078851326825,5.973021987766329
828d11c9-9325-4666-9cb2-b6aaa948a802,2.728683936575757,5.970096733612758,6.9700765121251065
82922a1c-699e-433a-9e0c-8952bdd59afb,2.4588764437939137,4.62794522876699,5.329917249169233
829261c9-230a-4ffe-bcf8-d4ef45fe93f7,1.8889137845397843,4.45232797344693,5.212385860006914
82972d5d-9dba-4301-87ff-d9f6e2c3aa22,2.763942040160655,6.70068452277213,7.125338320854912
82981e61-b41f-4bd6-83e1-b5ba57a420df,2.24566025568024,4.316822658117366,4.871369508300818
82a23f16-7f38-4f7c-8dd2-6e69c3a59192,1.9245352997900584,4.131202010201177,5.072131408897527
82a660ed-fcf0-472e-8540-d4ea9817f189,2.468230982052606,4.712827063061959,5.326458954064894
82a9c45c-9009-4185-9bf5-f77331be0129,1.9537691127481704,4.271959248978821,4.605563506381718
82ae8668-9092-44fa-b6d5-f4b8f6793ca4,1.977114283943032,6.235628249140199,7.092601469027341
82ba1e15-8488-44aa-be43-705bc57db072,1.959788887913884,4.8620926536491655,5.672621117562283
82bb003b-a067-4548-964c-c8fc7fe8ebf6,3.737755519200868,9.784187685126849,10.56059153815431
82c10d96-46b8-4ef8-86d3-5362e008f0d8,2.9985594292702498,4.640406724578994,5.576844702054276
82cf6e5d-b727-4aa2-a3dc-a7e532a173d3,1.836299435325728,4.930569389485388,5.775443781879478
82db7024-45bc-46c3-b59d-156a3a79be02,2.142236042213834,7.726613296845325,8.726613292921165
82f069bc-cd7d-4fc9-81c5-fbeefb28be73,1.95717928001526,5.972686397251142,6.511311166517366
82f2c1e3-e735-4987-92bf-854ae55c9918,2.113680623185372,8.13698875993795,9.136199616812352
82fc32b4-3496-43ae-af37-5d80efd09405,2.757448856188772,6.411101460166465,7.371849737510618
830feb75-c70a-40d2-8e8d-83fd3652ba39,1.9454260092311333,4.944095785513003,5.907040245300293
831b0f48-2870-4e4a-8b48-bf0c56b7c60a,2.139024862737718,4.274651791336023,5.138392754437667
831fec0f-36ec-4483-be6a-3bb0d4b2d44f,2.9678278721027627,7.817882881647411,8.737535097856822
83203e3e-44e8-4407-842c-6bdb45b02331,1.871528610326088,4.085035442470589,4.4565120813324
83294540-91a4-43d0-b191-2e209a03731e,3.4089767214933007,7.703283222002021,8.038589958984316
83357386-0a02-4d54-9d7e-6ec711ede167,2.134191916444724,5.304664552812271,6.266516969263356
833a4948-0063-4b4c-a914-22e85db711d3,2.813264733749955,3.9691312143877866,4.8946299779293785
833cd40f-96be-452e-a68f-9d75940ee082,3.310879222290784,9.143010378000517,9.893044936297748
833ef405-00dc-4661-a606-7a679d81f6ba,2.966831897443333,7.27687610934267,7.688972688800355
8346c10c-3f7b-4493-9baf-ee75f6d66141,2.788247893854786,6.318436901516664,7.301208447139808
835e857d-3564-4792-ae38-f426ce861ba5,1.917935821288828,4.077641436307517,4.505690039785927
83634937-c50d-4947-a969-f26b86157acd,1.991093944424359,4.1738724872110335,5.025362831060529
837e1dc8-e286-42d4-bf85-f40b90d14ea1,1.8661145394233496,4.050053310482639,4.690056901071262
838d1203-c72d-403e-988d-fe8e2273d0b6,1.970028027638392,5.179821691052362,6.0787595308652005
839ed6e0-bac5-4759-88fd-8ee0ce27d732,1.8129830955779576,5.439241506274457,6.210500202391409
83b0ce54-620b-4211-ad85-c3c28c390919,1.804421723035612,5.137800209932458,5.561844400948367
83b6851f-1eaf-42b9-adf1-b19c19ec57ed,2.699817182597419,3.973861427106946,4.924261170054904
83dbaf7f-a605-4e97-affd-adcba9e8d966,1.8612808276129715,5.766084190771118,6.574281900500882
83dc3157-3a28-4599-a3c8-3eef998e9a79,3.2848165268742715,5.323966680635693,6.290912407933996
83eccd50-ab35-4cee-a689-f72606928890,2.277450729821433,4.033638188606795,4.736520398279074
83f10f5b-4911-49fa-96b0-5cf1c828743c,2.964572347244691,6.093129458242432,6.79849323898422
8415ee12-b4a2-4a7c-a038-25321fce85fa,2.3906084296014614,6.17397335662766,7.017441069737666
84222b00-b77f-4e3c-ab6a-d6f38f6ba757,1.895547624197981,7.329492466402907,8.251179148285331
8434238a-ec91-41f6-a3e4-9a057729ab5a,4.286500165923477,8.319420518870304,9.275358256346024
8449229b-cc06-45af-97bd-8421ab9a70e4,5.142692477077878,11.85939312910375,12.859162760112255
84530790-95df-4336-93ae-f1d7b206a353,3.513901539695689,14.030371070841316,14.857553479967596
84591e0c-c0f6-46fd-8c82-9646bf7e46b1,2.9993193612322355,6.329662514789031,7.266793728379388
845a1240-46d9-476b-a37f-54b3579ac103,2.2985525007807346,5.550781034989217,6.508207171462384
846d55aa-99b8-440f-969c-45f5a3df898a,3.954975059748657,10.615395996716002,11.611208035324411
8474f6d0-f31b-435e-9d0d-fb6bc39bfce4,2.362418050429002,3.9906232371972417,4.944955199583149
8490ab8f-5694-42a0-bc6d-10e85f831ee7,2.7010454739087715,9.561596697725369,10.56159669695467
8498ba05-21b8-40f4-8982-d169ed42720a,5.258401452995107,11.468766070132338,12.371710601127514
8499245e-a12d-4bbd-98bf-88e815c7fe76,2.3232375620688046,7.04063094398742,8.001213799311635
849a0c72-a428-4363-8fab-dc6163821a91,2.8736700421308656,10.351501184933095,11.304831348991163
84a08e67-a4fa-46e1-aec7-741d1aea2684,1.807028814823248,4.348682260206329,4.998099215616796
84a95fd1-3d64-4308-9e38-c8d17e5ca593,2.085799918201616,4.131858692821131,5.059892363153432
84aec605-87ea-406f-ad9f-e88cfccb6b86,3.4553893220023046,11.082850459637632,11.988619847938049
84b47bf5-af7e-4482-aa67-0b9683a618e3,1.7768101093704307,4.538822704753611,5.2869228497964125
84b9c72d-b15f-441c-963a-7bf58d1f610a,2.351020145828229,4.826400315685288,5.681967790014801
84baaa4c-73f8-44c2-97ee-50aa20ba1b70,2.003188764703563,7.987014456478795,8.884733607900698
84d7790d-5422-4c00-93b7-79d44fb53a45,2.5810989894401577,7.71025289869299,8.609013506086665
84e9e5d0-26c3-477a-9c36-81ba9e979b47,1.7538406867103615,6.178312797241048,6.947845813640814
84ea1b9b-411c-4c83-a352-3aa3d062e2c3,1.818810304540674,5.483653610605985,6.4705341341779405
84fe81d7-30f0-41a3-a402-d417b6e9bc4d,4.03875876569741,11.546518060070277,12.07879352407198
8509abb6-7b7f-48ba-873f-ad86a315dee8,10.570785912538906,28.930333067679463,29.815733544966644
850fbf80-2082-42c8-9f42-045787f290ff,2.5450185708482578,3.841226808738342,4.764117492847923
85281a93-7761-4a19-8901-c4acd1450a26,2.178935239632696,6.9389495312052185,7.686395588726121
853d9ff5-68f1-43b9-a2c3-180b80018510,1.8700610795393693,6.20351885796447,6.715009670615284
8545fe6f-709e-4eca-8e16-115edcffc696,2.633860775899612,8.714071370302264,9.539466904636338
8546f3ac-0001-40cf-bed2-acb4d70625cb,2.055523590689217,3.806527704633044,4.770451325825998
8552b3ed-dd65-49e2-a919-fd85e5d4467e,2.1496571998502128,5.9658170458129325,6.706817231519501
855a242e-128d-4140-86d3-eec6e273c3d8,2.1708392702899904,5.946245392335537,6.818038930425233
855caaba-c951-4abc-8a50-caa913f8dad6,3.210592586360957,6.56986334764928,7.54869520035425
855dc85c-27c7-4430-bf3c-9535fcd9283f,2.4235735560457057,5.169689713188917,5.823187168423997
8561e687-ce79-41a2-95d2-243839328490,2.04317239127016,3.650695829139429,4.582033399346715
858b8dc4-55b9-43bf-9814-6cf81b8be143,1.9242174821590792,7.801595168042947,8.801445951694815
858e9cd2-d190-4bb3-b0f2-c2520f3c3a08,2.476115075947058,9.880694136860306,10.806223392942083
8594feae-b4c1-4bf6-b398-fcb28a0f4c40,4.260954008856297,13.24802387600498,13.531866045715722
859c203f-719a-4735-a906-4446cb51a63a,2.18410973570308,6.978790282042827,7.478505804139645
859dcb32-db12-41db-8426-e9c9987b0b3d,3.15427061974742,10.046738603454097,10.4924980448329
85abb373-459d-4f1e-8037-f1352869ae57,10.056565932959606,23.50709461213973,24.507094580738016
85addb37-abcc-40fa-82b9-c241c4f9f1cd,2.205213051110826,5.887275457985924,6.722038917307785
85ba3b5f-b3d5-4cec-807c-7aef2098d8a8,3.0524443663958536,4.070628701211854,4.748851757606681
85bf97cc-b7cb-4a34-939b-fc616a452c14,2.2849875140973386,6.190545409194304,7.190543340739612
85c05208-3a70-4335-970f-410e921d9175,5.316312356232483,14.396113644773973,15.371824913697017
85c939d4-6b7d-4f58-a5fd-d4c1809f1c34,2.7277281411073404,6.289745154125315,6.836623367563086
85d5e372-5556-43ad-bfd2-6a7c3d8f25f9,1.8525242271015183,5.573881865887521,6.087611285733601
85dd94b3-0ddc-4aff-84f9-5811022a79fc,2.866109828317581,7.250140478079984,8.131168206866052
86164439-594c-496c-9646-f5c28c868893,2.4038274653389395,8.97968173686387,9.371080801321188
8617c132-767b-46d0-ab2e-d4f505789794,1.7586776208503272,4.375522655156045,4.836109473249798
861b50a0-142f-44ee-b3be-b7badb3506e8,1.804459278785706,4.302158507573701,4.742493959405652
862c8b3e-0008-4458-b611-86239ce21dda,4.216663134774145,12.14745998126479,13.01036294744459
8633aaa3-bc17-4dc7-a17c-db99f790ec77,3.813796166671598,11.924955789192651,12.45048184012797
8634e6bf-7f65-44d0-bf00-99f5843936b4,1.88132224587823,10.656066297709248,11.55285509540589
8642efe5-997f-4ae7-b3f2-00b2e342ad7b,1.847339923930728,4.974490548265337,5.921307917991198
86437de4-5cfd-452a-9405-1b235d28dccb,2.9622165541713588,7.753924934281605,8.652041481130846
864f80e9-1b17-41f2-b435-5dde9f3e2d6e,5.14740825714876,13.330087668476947,14.330054508427793
8659a1a0-5eab-4c08-bbaf-a52c10801417,2.140884801804672,3.7836992465145687,4.423493074875871
8679ec60-5083-4c82-a8f1-cb54084e2f3a,3.305489149495977,6.005376988559065,6.6217894087091
86958fe1-8469-47bb-b729-975d1a545e07,4.23616135157311,10.252420091627489,11.117611106758922
86a67f3a-c7d7-4dce-84a9-14ce3f8c59f4,2.5434802351388512,6.641419972908952,7.50435345378377
86a763e2-bdbc-491b-b5e0-f301c2fc202b,3.360493214630377,6.990252461007097,7.825054491988889
86bb1475-5870-4f95-ae33-abab26c1abcf,2.4538440595071886,6.8522927032634495,7.31425709229079
86bc5680-8baf-4461-af3d-0f961c09f462,4.776564909665039,11.820629484047076,12.77446399262341
86ce3414-5145-42ab-bd9f-408a306a0cf6,6.361382287928495,18.52949912807172,19.465886138149152
86d1666a-062b-461d-879e-88acd682f6bf,2.1388851764546715,4.667174098991524,5.430670862242273
86d2fdcd-d604-44b7-9e2e-fe1c7e93d5d8,3.046542961907751,10.092142698612454,10.68340298602939
86d59e53-28f9-43ad-aac4-68720fc84aaf,9.227018432602668,22.17148904489715,23.17147543968799
86dfa113-9c34-439b-bce2-8cf0244d293c,3.719318383259944,10.09929846445291,11.076102013310006
86e060ff-1923-46b5-a384-4942e59b4c47,3.865272081631737,9.460016657635634,10.180814482521118
86eb0c8a-8285-4e55-aa76-c6ff392da1d8,3.569638125076,3.907077676414133,4.900677850958199
86f46e07-620c-44bd-b26f-39d4cdddd7e8,2.163715884984902,5.64718739683663,6.178269564319476
86f976bd-47ce-4f46-ac9a-a272cc75dd8e,2.691842644018488,4.084853700604148,4.842061226709485
871547c9-da70-4914-a8ee-533cfb55f51c,2.5960158108803246,7.526647124645622,8.157927865989985
8729366a-ca73-4fe1-9026-1a6ea8e5006a,5.061392852572092,9.992542898213006,10.867721723133691
872d541f-255f-4d41-ba0a-e0d49648c2d0,10.54218230883084,32.553351714287004,32.95270290467224
872e8c61-4139-4061-aeb4-eed12a7c940c,3.9225647454372576,9.794384157370144,10.537537544625442
873f11e8-0123-4490-8d45-fabb0cb871d4,4.6558113767298055,14.57762594500172,15.157096887333887
87418503-94af-4034-a80c-a249cd77072c,1.8782941750919853,6.173532976744829,6.844824376805784
875d145d-c50d-42ec-a3ea-8dcff567ea87,2.3688275731499995,3.784592557885072,4.509220088276837
876708d1-b03c-4aaa-8dd4-f3af6c366d51,2.0667990278381407,3.943412023840974,4.721872662782158
876d0f47-6c55-4793-9c04-a72ce2e1201f,4.704610488244597,14.392976677862574,15.355308272904953
876dd97c-f0ac-4836-8bfe-a8a60940ab59,2.122654560082672,5.115149243681745,6.110107931770771
876e95c6-e237-44aa-a4f6-d600593b7613,2.638109235727753,4.235729401897658,5.235724299914138
8779dd28-6ef4-4e5d-94da-528611d85c6e,4.421864912175252,10.662228771982344,11.632393282656846
8793cbc9-9a2d-403f-bfb6-b95dbd944804,2.1973672525513868,5.123991755749189,6.009538831658906
87b69d92-31c0-4c4a-88fb-98ceb49fb122,1.969349149763812,3.832385375916291,4.5498197602751045
87c25bd6-577c-48ed-aa46-7be8caf484f0,2.6681699014945157,6.938818811370078,7.938762967018553
87c9cf37-037d-48b6-bbdc-370c804663c8,2.098745260645367,3.673746172423761,4.673745519058964
87ca92f1-7153-4f51-ae1d-8f8728475f41,5.609895572648633,15.547864800236212,16.403861406065396
87cc86f0-c35d-4170-a1ea-19e7f9fa29a9,2.6718276535744754,7.034104450533039,7.892878087771462
87d09a32-41a6-4209-be66-1bf1c6d5449d,5.058222272737129,9.805368687225016,10.762272933246877
87da7721-a8be-45c3-91ba-c3137f16fed0,2.3751825607798964,5.669516999618692,6.669000131342994
87e835d6-106b-47ca-8c60-bfb89ecf9f81,1.954804870483372,4.674710991292324,5.209692957833003
87ebfeb5-2487-4b67-9a19-3f9c2b2da482,2.8144881920228544,9.314452848159506,9.98202020088184
87ee11b4-a911-4e0c-be1d-0838f2489cef,3.195905037982272,9.510898535104998,10.495781740229674
880dce62-d208-484e-9f2c-6b572c8ec285,1.7689128618933625,4.0359984207053134,4.67724714066057
8811396a-e3ea-4928-8c08-2228ca71b320,2.666316405152115,4.91298144803276,5.8189697519380745
8812709e-b35b-4cfd-8db3-08ced0b33363,2.1881684456823547,5.606942840521686,6.606933719028772
8816bb3d-ed96-4100-85ba-02a9ccbfdc0c,2.077702441951013,6.539236243798458,7.480571412785431
881e812a-0505-477a-a40a-78559e61febe,1.7436608912956078,6.327518690701576,7.327518675827073
881f275e-e41c-4ec2-a661-b0ce0e74b0c8,3.4277494909786177,8.91682979711999,9.699619655946618
882d77f7-9375-4a62-8a51-fbba0cf68366,1.9242990285059671,4.1478897773671335,4.830880311682509
88313df0-dbd8-4921-a9a9-bfb3a1c46d39,4.018917251426339,12.315045627059732,13.22579735781586
88520ceb-2349-4068-a4d5-adcac951ce77,2.274340363626817,4.099558195456522,5.099549624036052
885ebc8b-249c-4211-9387-0c7e9a898f5d,3.68300599268112,9.56931479985168,10.454191363538031
886da1c3-a086-4b3f-ab88-303e6a30399a,2.503518019505277,6.418070557452445,7.402429755572936
8873a9d1-7dfd-4996-94da-fc5e7426e1f1,3.464491455173507,7.817462209172342,8.817255745676658
887579ea-0812-47af-aa1f-4a5738981699,2.805090300421661,5.040838993928985,5.412696248733008
888091cf-b716-4e8e-9221-3188934134b3,1.902631677788336,6.23720272066617,6.880022663623159
8890c9d8-e40d-457f-bec2-09bb26c3d3d6,1.7966239284844818,6.815121056974353,7.627186020423297
88b12395-75c7-4799-a0ae-e05312c9dbea,8.124125582141055,20.19550234528929,20.709690934900976
88b15caf-c70a-438e-8eda-b0d0f80e35d5,5.073026632566809,11.45436591774288,12.403744484884092
88b3bcdf-5bed-4b88-b165-f1d67f5ca1b2,2.428831136363198,5.737426410206231,6.621579956569168
88bd680f-22b3-4102-b0c8-cef9c3922499,6.985209198002531,16.862941412184696,17.733271297197298
88be61e9-ea7b-44e6-8967-aeba91ba965b,2.424290124834447,6.442062793361314,6.996738336748366
88d0ad91-f5fc-4e6c-a766-39cb5b0798cc,1.8801797308390304,3.743897447690977,4.470527607114461
88d51ba4-9fc8-47f0-b23d-c0ada07765a3,2.868737523731724,6.755692514121003,7.485059563072035
88dc8d64-d645-49da-a639-2d419342e7c4,2.702350702846056,6.743393870237505,7.364077158666666
88e6c818-3271-493f-a8b5-1f6d324996ff,2.3575932724412736,7.073884991088115,7.839637441362978
88ed5636-7a9c-423f-bec0-abde6527c087,4.694039964665743,12.332207733351815,13.332207732774416
88f3dc1f-a197-4098-a460-fbcdcb61beb1,4.354228403283981,13.70624454605031,14.596769440409812
89113104-9a08-4821-a4ec-a1c6dee11c70,1.7438425219848457,4.535069846875743,4.930174113002823
8918745c-b588-4913-ba97-23f4f9ff83de,2.207252913079304,4.367086693769427,5.367086613912756
892e97da-ba15-43b2-af96-8d8243bebe9e,1.775883295832309,7.733660082538998,8.686504641248625
893a04ea-39ca-426f-8dcd-df00c1da1d70,1.7608161468008072,4.192099823619714,5.045146461412204
89441474-3389-4272-bf1e-b6a1e42e624d,1.834826793357764,5.59987746932839,6.303615864757591
8944ae54-b8f9-4d59-a4db-80161ef75ef2,2.593012732143366,7.812312977789787,8.379309791498407
894dfdef-0932-43ec-8b5c-0a4bd1777665,2.0104613955292128,5.037778490651487,5.810157127993035
8952fe65-e59e-41c5-9a3d-7e8415809f0c,1.777757775115737,6.132979025906306,6.99289381762251
895e0658-d8ee-4d31-b8f8-8ee27e0755ef,2.621594911515613,9.080403348035489,9.95694847440356
8972b2e3-1a30-40a1-8dc5-3fc68c97fe74,2.5842005987397534,6.548572511624976,7.055759788048199
897748be-52d5-4cb3-9b61-dafca2494b3b,3.079143560557015,7.875025570480907,8.763177726863482
897c6e1e-0f63-416c-97e5-47de60e97eee,2.6662502301198843,6.754182581054238,7.585587109510843
89841f70-ae63-4b05-8be4-c58d5e317269,3.52197323663812,12.453467159892956,13.300370101801487
89884121-4b29-44ea-a4cc-b60b42a9c76f,2.194467315456609,6.445769081043277,7.443606512967772
898bdcaf-c42d-422f-b881-b9bbc0299183,2.336367245824237,6.72917699835264,7.417401379712898
898e102b-951a-46cc-8762-525878299fe1,1.8676576777846223,4.099136434049175,4.730483882277285
899e89de-b844-49e7-a4aa-402283abaa7f,2.796009788230841,7.086685978602104,8.015971770896826
89ae610c-321e-41f0-8adb-e86a77f1dc7c,3.0794593018295138,11.808874779538256,12.460307332584538
89b086b8-052e-40ed-a62f-58a97a30e911,1.7318812572725746,6.274331998851194,7.167650379051759
89bed23d-a08c-4279-95da-94a3922366ef,2.1723341234719387,4.131345969184932,4.592948909496224
89c70906-31e8-41aa-8a48-a3377c6a7c34,1.827854483925129,4.678729490335754,5.339052543575695
89d90be7-5088-4a85-b259-cc3adf1f0111,2.0520336698869577,4.287808628257271,4.668796690514405
89db43c9-cbed-462e-a7b6-05007e4160a8,3.179913343999298,12.284552440363582,13.197633496913936
89e7b0d0-6a53-4d1d-ab3f-5ecdbad40af3,3.506233959124334,9.254230382121074,10.197086600136156
89f723c8-5db6-44ce-b61c-22601c3769dc,2.069671261897654,4.9312622451728645,5.8687857129132
89faeefc-f796-4124-9e87-283095422987,1.7658552526614932,5.093088829376318,5.673635796524163
89fb00fe-92b6-411d-93a8-70d0be167474,2.0111749994618213,3.999755468019985,4.935216535369504
8a28ada0-e763-4985-958f-9566b766146f,3.0773227640395278,7.336041557577832,8.328565627993406
8a4da121-8af5-492f-a03b-831d5528c524,2.0994017556052973,4.831028063988237,5.831027866923874
8a51605c-9ed3-4c11-9345-911ec3721c9b,2.725489940394811,4.783294892692194,5.535890260568204
8a5370ba-e77a-4d8c-9956-024997ad52e5,2.163807580242365,4.594262390864574,5.560563903936444
8a6f0037-1c78-4c21-a0cd-a7ef25c1e9e8,2.8072506743568093,4.253911184455248,4.667077734382505
8a72756b-ab5b-4532-a5b6-ee259dcabcf2,1.7916417514104503,7.195473231948344,8.066623536191097
8a7d0d7c-e447-4d8e-9e47-17c2f06a9cc9,1.7320389038934036,4.148672453992091,4.98999359445256
8a8925d6-ca67-41f8-8987-4a001b02b713,1.9044532722027216,4.39441012135146,5.274083589239198
8a917018-4b3a-49fb-b9f6-b7ea6b04cf96,2.309939537734604,4.044309934229217,4.856469148117552
8abef6c6-a746-482a-9e1b-d090c554da5d,1.8621633521520295,6.945799910836195,7.843218070872434
8ad77b27-ca8c-4bc8-ad88-7606ac6ac563,2.0531776318588126,4.907348248535327,5.712820861290851
8ad7f5b1-d2fc-4394-8194-78e7a623066f,4.012890542730989,12.801557470508508,13.7238341831472
8ad898fb-3daf-49db-b9d0-4eca1dcee5c5,2.3405228030342795,5.109021680997344,5.8360806588341125
8afe4bdc-984c-4e20-8e2e-f6b61d13f338,1.9274757228704869,4.033214928768243,4.928914658920213
8b03a43f-0dcc-4c47-aa1b-2648e8b07ae1,2.517997085011105,8.04218761960068,9.00365085867449
8b0ae22a-c817-42da-b088-3aa5b5b40216,1.9476347777231795,3.679266329706152,4.675669670887643
8b1242b5-c336-4c1b-9048-ce8dc6bc4696,2.948363548799421,5.055783051881828,5.690813158268457
8b1f8721-255a-40f8-97a7-14b2d3da748d,2.2461933940512835,4.682769939507813,5.648067229783328
8b2d553e-2367-4a55-a315-44eccef2c312,3.155447698296824,6.442739653470718,7.257851211711381
8b3daa8e-489c-4372-8a1f-451671e7026c,2.825301066715896,9.557662220105492,10.548850195059163
8b42ff4f-66c3-4a27-985f-f7e73c0c2fff,2.008122422410135,5.873696235492026,6.44919824525034
8b4633b1-1d5c-4e83-9848-6eef4b47d7fc,1.8174926782624328,7.374029530679991,8.318827072420675
8b4947b6-0547-4bcc-b6a4-c46fe47211e1,1.813943260540696,4.701568924588191,4.996471503966546
8b55826f-8f83-4d0f-ba83-9687fcc1d083,2.5110618252765744,4.989242344949873,5.902540703702079
8b58a3b6-fc16-4a59-99e6-bf431ba0044d,2.745228162577963,6.905157886743318,7.905072611693661
8b5eda91-b26e-4423-afb6-1daaf768c518,1.8916080620285003,3.903538497425709,4.43776111564766
8b63a505-ca2a-47e5-83ed-15829a30db28,1.7946185035038644,3.8115870025839302,4.631163947937706
8b744a40-6d3c-4223-9fad-9b9e890692e6,3.028662320504774,5.816640413416459,6.5377599101481945
8b76c5c0-371f-4927-8d78-bc0b2a6a6b22,2.253762680365275,4.060809353683692,4.567913788223301
8b97b920-66e5-448a-af5f-61428240dd7e,2.791560353556065,6.7020401035474215,7.546831460195435
8b9be6eb-11cd-4ba3-bb23-ca0960c9b89b,3.6867672266159017,10.798004535502354,11.283077726921768
8ba26e03-d2af-4952-969f-26958086ad2e,2.2219921433934013,5.618584643484383,6.42726120132511
8ba3b4a3-9fdc-4b05-aa38-9c027dc10345,2.5509923140864736,5.424217629692858,6.007751318774419
8bbc4758-59b9-4609-a185-d790581a2e69,4.468882822617405,10.84826676901921,11.592684455749012
8bbf0143-d70b-421b-bef6-08774d459113,2.149498361138764,4.770891265344256,5.565485429494395
8bd06756-27eb-4f91-972a-60ce5caa6840,2.7118838077670318,6.848482273645393,7.53947754926078
8bd0f318-2990-4213-b774-6a6d08e4323a,1.887954038595849,4.127485472248624,5.1274843850051965
8bf2b855-2970-42c5-b6c8-7ca98f12969c,3.611448664693343,13.530412702371882,14.49846541675894
8c02744a-1516-44d2-9ac7-5d46389192b2,1.764747077830783,5.862150215671335,6.470511819079505
8c12fcd0-cad1-4150-b619-3513936ea41a,2.0802215168229927,4.7146142656919725,5.714613794101282
8c42e7e0-7e7f-4f28-8dbc-752b2b7fe5ca,2.396463603281918,3.9125925680891793,4.86339860795346
8c5ec4b2-0905-43fb-9d54-2831cc425b9f,6.320100563385747,16.855919072907213,17.85588570989492
8c5fc8f9-e925-4ef1-bd94-a99242cfd5b7,1.9693129663154136,3.7817931598812593,4.777948409471276
8c68bc5f-2591-4dc2-9b34-01c650b92b52,2.068976537860816,4.309586413139726,5.062945898516687
8c6900ce-5329-4070-8463-608dcc5b80d1,5.351347356434787,11.666615802539276,12.349795882437927
8c70b251-99cc-4df5-9ddd-67e6f14d3df7,2.31670330605605,4.063717068193019,4.99258903287952
8c7a1abc-aa18-4ab9-b5e5-1e9f42d51802,3.2439788050593905,4.980127903455662,5.92186062264928
8c7b6cf5-b615-44fe-a997-7b2284426c15,3.2406300345613923,5.678356929599191,6.507406598015194
8c7df329-127c-4ba0-bb6a-457258619944,2.4144490482064485,8.841889419347705,9.794745098976795
8c93f891-39a9-4ee7-be75-644ef5d1bf56,3.530420487746399,9.825080576657117,10.822327140362312
8c986471-efd0-46c9-acea-bb5c97e3d1fa,1.8925652883016544,3.931405251861389,4.860440254519092
8ca3bb9a-4a8e-4132-9147-71d8fa733197,2.752053709044986,7.986481435197961,8.74267975266873
8ca9b939-68bc-4178-ad58-5cf7d4512761,4.328052757841195,13.289643655057072,14.19701702897464
8cb55b71-d7b8-457d-9b2f-f0110ae1b29a,3.099897619474901,6.834355066801705,7.834355048647776
8cbb40e6-6bfa-4f35-a79e-d69682dda291,2.181681174720613,5.196648410348266,6.196122704236603
8cc359d2-d641-4f59-8329-26f1314e3084,1.806493228177681,3.975993019227422,4.904520183275612
8cc8be56-e778-4e59-8141-7e0ba4034c52,1.7465421253500644,3.699374647553567,4.483590521235957
8ccbb393-800b-4e15-88ad-a78dd55b7c78,3.650262645477432,7.692902878267862,8.679875084592464
8cf2c3a8-a67a-47da-84b2-987706f4eb6f,2.298480351251337,6.938782342728212,7.835671602096483
8cf70192-fca0-458c-aacf-c09f602fd1cc,3.15945343518952,5.8773848772224335,6.757262594675105
8cfa589d-0266-4837-98da-b75e77e4f942,2.025604947839424,7.286455419430855,8.195863405011053
8d0c8b85-4697-4318-aa33-818c0268fbe9,1.9851987885943136,3.848331940414105,4.449757106291858
8d1edeac-0874-47b7-a5af-25b8cf600da0,2.145640559332216,3.848642920845012,4.449861423937442
8d23f10b-7405-46d6-a400-6a3141d578bf,4.35452654481351,12.188072206815736,13.050794377774768
8d5e837c-a5a8-4731-acb7-b68907fc1aea,1.7607425253635351,4.00300936986838,5.002305549562585
8d631bdb-c9a3-4222-9fd8-66787c4399fb,1.89603699388586,5.080100762072886,5.755393402729842
8d956fd3-ebe1-49c7-aaea-292963b486c0,2.497187549881649,4.984216598106149,5.296194146099405
8d9d0233-06d8-44e0-bf84-75b8a4916229,1.7403062222036043,4.045855016556805,5.03757947912282
8da083bb-5ddd-48b1-8d49-8cdefeb63f52,1.9421204326550987,5.058560540728868,5.899690436931213
8dbcc34c-400b-4ebd-a44d-ff7dc9e8483c,2.6245172530649703,4.151576914692869,5.007093068056605
8dc2b4be-4d39-4d96-99b5-77d79d876ad2,1.7387570682544615,4.670108854296302,5.164667551351384
8dc9e731-96df-4e9e-ba08-ef2fd31354bd,4.35884475519619,16.263720048768977,17.199734867029832
8dd2a2de-c6d2-4625-ab45-1c49057ada83,2.1425509065193853,4.119659340557884,5.119658059064816
8de05534-19cc-4249-8f5c-7c2b86029f16,2.155931216244841,4.435606801390629,5.306791413204618
8de6ea8f-43a8-4652-8914-f1e625c67cb5,3.340903882414244,4.03922731564659,4.714202324802192
8df183d4-3de3-4fdc-9923-364f87358f47,2.2285817810226973,12.040855366245722,12.421837197341494
8e0c4228-2e2b-4f89-88f3-bc61b3108bf5,3.103789391477925,4.135322748348447,4.64986201341424
8e2ebe5a-a17f-4516-a0d2-0449672ca88f,2.3544366943822927,6.099844139033801,6.9045152397401175
8e3d7a07-ff13-4223-80f6-c808f72b1bc3,2.131462643149021,4.888645470084543,5.888609294986475
8e41e678-104c-4ae5-8516-a53d5c424304,2.818339738835833,6.42145210571126,7.337637852222379
8e4e4515-0fe4-4fc9-aab0-350b94686c4d,2.256031422925509,5.463738788728213,6.463731899653504
8e55ad58-fa2f-4d4a-98a8-0f4ca1ddebf1,2.524155398542569,4.732832551256774,5.471303702497334
8e6a5dcc-0e77-4977-94b9-54ee09a10ce3,2.3303218850458034,4.314408569274416,5.2789057977638185
8e6a7430-acfe-41ef-960c-7b8ab64c5018,3.4392497212369757,10.135626716381138,10.783683602214367
8e6db98d-f0e8-4fc7-afb7-d361c37ccf06,2.1556311342211387,9.596878494202866,10.596796474338849
8e8026e2-b3d9-45b3-b7a3-d202d4bfdede,2.1803757787140845,7.0015458329987,7.954609225256636
8e860e2a-63e5-440a-b972-d2cf3978b8d5,2.0828328509708616,4.484830057480502,4.947305903076911
8e877bfd-4d22-4fc3-a68c-3157c542dddf,1.9345875911352253,4.373990815071871,4.905367599726286
8e8bf17a-40e2-4b7e-ad0c-898431649347,5.93367480279031,15.306326802257036,16.251716604172998
8e9df894-e855-4d73-8a41-18c3d6718886,6.774884426350434,21.160508264554167,22.04255806543245
8eccd933-6134-4a2a-a574-d4a5dc6613e4,2.481877241099768,6.305057489534881,6.838184066379037
8ed73c9a-ef41-4e94-8771-962c9d094f1c,2.032033848358265,5.908002471443283,6.666271212729504
8edc345d-adac-4a31-bfcb-8f16dc3f3039,2.817827323677831,10.346407566046416,11.126483031549112
8ede338c-6365-4340-b9da-2c29dcd92828,1.8717462993859733,5.056054436524825,5.839548015753887
8edf7ca6-3d53-4f31-9694-1127c09cb84c,3.259626628789412,10.49689159136766,11.424390820656043
8ee025bb-b8ab-4309-acb8-ec2b6cb75c69,2.9785596258919718,6.313103482014976,7.312837356019898
8ee14647-af70-4b18-afea-366cd18c3c3e,3.0028227767309983,8.099596394359521,9.006080613215978
8eeb7923-430d-4cbd-b3e3-f3b4270bd315,5.13483414893599,14.856865942204903,15.296026699010351
8ef31f1e-abd6-4210-a4df-6179eecb00f1,5.526300131048268,15.230852699007205,16.13299617964636
8ef67b83-8be1-47bb-b141-c5ad64ecc6a5,2.4598819597025194,5.340038386702982,5.861585204444672
8efebe98-03d6-4697-b46f-32bbb0fe594d,2.3226086937669703,6.382010618177603,7.23955006809764
8f086b37-b2b9-4650-961d-d2173ec08f90,3.786227857569655,4.313661814562404,4.971143950463238
8f0bdd7d-d711-4f3d-a209-622997af7461,2.075286138000256,3.807955087016379,4.427707163692257
8f1580f5-245c-4de8-984f-7919649ff7d0,2.413040293836495,4.712038681387919,5.642471289336096
8f1da0c0-0c3a-4e34-a44f-ae6353b6ceee,3.390902936877602,13.295435578030764,14.279058071079
8f209a21-c059-4237-9e58-7af9e32ad32d,1.8048324943704408,4.295580451078915,4.939270833830197
8f2ac77c-e55d-4ed5-9927-9a37376ccd56,2.069990723269387,7.838416360139036,8.479406811008241
8f2dfe89-5372-418a-b6ce-ff887c30a0c4,4.486788342650667,6.794356844192671,7.564352408543896
8f2ef881-c3ae-4c6e-a628-07104e40794c,2.7299599672410224,6.697538568682624,7.264782980344954
8f37de07-9741-481a-be92-19570829b24b,2.1530278732966317,3.886464109579914,4.838836363364152
8f3a2466-f032-4bdd-8dc9-2d26d221ae07,1.9436416565546983,4.210794978777503,4.891266102257447
8f402ef4-9389-48a6-9b39-a66992f06661,2.767784768811365,9.115633692976456,10.11563347821224
8f407818-8fe4-4cab-ab64-565153f982d4,6.989951160382504,17.384570095984014,18.18553704261584
8f48af6c-2796-4ace-bdbd-27aa2a500b54,2.12379012758461,4.909144300319321,5.691760467713332
8f4da6d0-fbe8-4d16-b95d-684bec15385c,2.3096009708216583,4.636446401676689,5.090505314055924
8f59b911-6445-43f0-923b-b4416bf01854,3.08075928970615,5.337034654858477,6.313448008046702
8f5baa22-4782-4849-a34c-52cac0f55d80,2.673854863461247,9.580928508016116,10.58091677068342
8f91c8a8-f163-45a8-82f1-d999cabeeaa6,5.523128695149566,13.212331647553423,14.212323839679197
8f9a7292-7a7b-47a2-98f2-30bf03020a3b,2.1950651779457315,6.124347350378051,6.739032648877197
8fa21c44-92c9-4868-a923-4eefc6e0001f,3.919434293419821,7.48960293870846,8.48857939565281
8fa3066b-1a00-4e6b-ade7-b1f14389fad2,2.417261867405985,4.656797151204572,5.334229766305469
8fa4ecdc-33b4-4c3c-875b-9050dc724721,3.884396234570003,7.3086253488763715,8.308624776035899
8faa025e-4c07-4cbf-a658-7ba18a4a1ee3,3.184090408996526,7.51647529550861,8.425907176442045
8faa1222-561b-48ef-a369-4192ebbefcdb,2.5191852081448216,4.15640196661644,4.950413938331271
8fae31ae-3c35-4089-8161-90bf62a5ac14,2.29310911295535,4.330816913549843,5.082035606791024
8fbb0598-24d5-46f3-9f50-725402d4fff2,2.047399849402852,4.08853925864193,4.688971312564128
8fc4a796-228e-4948-b217-324e6c2e875e,2.212517651538911,4.527370524677891,5.294317494073759
8fe2690a-bd88-4181-9819-6d6e16e458b2,1.905356921344952,4.76039250135016,5.449606045013661
8fecf81d-e02e-47a9-8103-08a13233cdcb,1.8154862222828785,5.575784894018321,6.333637475351982
8ff55df2-e9d8-457d-8ed8-917831235009,2.5849430471626715,6.623750314639719,7.572224817470153
90045e46-40a8-4670-81a9-5e300e7aee85,2.413661183640909,5.484814575213596,6.47665265455865
9013ac27-fc01-4862-ad2e-90bfea6dc41d,1.7622940499296302,6.36422913766041,6.999606855609833
9016a35b-4b4c-4338-bc30-873f9efbb4cf,1.7511005609737598,3.972161180105717,4.972154174674571
90331499-966f-4016-a1ea-ef4474d671b3,3.997135074318942,8.799570513502033,9.434528059367905
90336bfc-bb67-4cef-b0cf-1f484fe20ba4,2.1567399314317863,5.565682559252868,6.315169133954261
903aac9f-20fa-46a3-80fa-f0be2d09e2cd,2.287887645189464,6.209232148428444,6.728145446234298
904770e4-6e35-423c-ae56-c138f0495eb5,3.1279006661003814,9.184283541325524,9.773467035334113
904fce05-1e0f-4043-bf8e-bc1bde9f28e5,2.6661144753517414,3.869222192752453,4.50559111506399
9051b487-844f-48d9-8c6a-94a4743a634f,3.6078679189988816,7.312444477397384,8.103615323013699
9052fa0e-9027-4a28-b4e0-063d28003f8b,1.8918976369577685,7.561697895767745,8.513076622433804
905baad9-1e5e-4fb6-8f82-e58f1bd2f441,2.35172831894411,5.907542711457761,6.285399094083688
907769c0-e977-481e-8c7c-12d78bc83b59,2.70118481368132,6.41456470220102,6.858561728818576
907eb23f-7a23-43bc-a2e6-5be103422d7a,2.3815926446924736,7.868694742659758,8.713099609872952
9093511b-8f45-4ef7-92c4-502fdf2f9bcc,11.98571669184812,35.66471654200965,36.0866441488206
90a5a628-bbf4-4061-9661-65ba09891caf,2.0345985281557684,8.059843307129885,9.05984330699731
90ac8518-351a-44fe-9c22-1db849c36418,1.870677657345523,3.9614985658445714,4.611955090337344
90b0a864-1ab3-4504-aa17-48f0283df98d,2.822329110667672,4.4387871648097805,5.208964373517126
90b76966-6ba0-44f5-9a8f-fdfa888734f2,1.9154710182376995,3.9386425041511743,4.592883374879961
90dba661-0ea2-4431-9d78-4a494770435d,2.2645890333893943,5.8416755351463925,6.438137650667888
90dd367f-542f-4330-a6be-9c62efdd977d,3.9805088884241298,12.369779956472106,13.282515587458844
90e5ba92-93e1-49a8-87b2-3fa1b74b6f39,2.1793617222371777,5.556365771310484,6.556340105679778
90ff0fe8-1f2d-4d70-b199-aab4b1ef902d,1.9743095071312111,3.987857106776687,4.58261708527054
911405a8-463a-4a9e-b0db-949dff154fd4,1.9252834537947965,4.948761613909761,5.752724179066183
9120b3a6-582e-4f0b-b54f-df3408c94b65,5.916492374545291,21.683390005333926,22.499696941125343
915620e9-830b-407b-8ce5-7f1d2b22618f,8.136362480243497,22.900172204477013,23.788176910781026
915910c6-89be-4845-aaf4-abbe924ad56c,2.8722938103936686,5.0057840215950025,5.945190987503931
916c1c69-9322-411e-99c9-0e80f14fec2a,3.85038431128964,7.493784248029019,8.462669270405595
9178c080-1990-429e-a167-3b445227323f,2.961804937520021,4.853523134179803,5.222268921819444
9194595a-fa7c-4980-8116-2754fc978903,1.8510596098355292,4.788345638268835,5.40671629877209
919dbc44-e40c-451e-a4a3-9ebbc9f35cc7,1.7788217531097454,4.58462331387362,5.573700666709242
91a00ade-0ce9-4574-be43-465307216f45,2.860645019622491,7.005887520102153,7.510484058108806
91a46821-18c4-42b1-8b83-1f9a76a483de,3.379644278583242,11.655205195168962,12.654048480803056
91b00342-1741-41e7-9daa-be3ce5b34b1c,2.162714412053236,5.594465009530945,6.530726728208856
91b5927f-f142-4043-bd17-664e3af919ba,2.577184919050709,5.843489097804154,6.843486170435706
91bbf3a4-3bb6-4a51-93f0-e1f6831d4f89,2.6356896652300663,8.964623736140208,9.909448599663078
91c06950-c6d4-4eb7-b69b-a1330068c1ec,2.0037705504685777,4.914581382799125,5.913868423637028
91cd29ab-4302-463c-a2a7-59976eab4a12,1.8114432387473225,6.031639647025047,7.031639646867057
91dc4d8e-8c02-4388-bbf6-7b0720cbd1fd,2.58700787798146,4.219112288451168,4.999375449504181
91e504fe-86c7-49e0-9373-e25be63fbc4c,5.072256209804904,16.158405840843372,16.73537171444242
91ee67dc-dddd-49e5-b21a-86b294d1888a,1.9631991233887984,5.976607931198868,6.372800700545903
91f76ca2-83ee-475b-a546-a462917fc01b,3.0204702854609007,10.959056514050031,11.680121686994427
920785e0-380d-422d-b757-be7d33c9f1ce,1.792068240434734,7.068445371145352,7.781345702846806
921d81b5-3574-4779-b39e-b08298529964,1.8267395954095549,5.137499688191426,5.983307539165669
922a0ba8-9d82-44f6-8d9a-d89c1b8aa439,1.7586889628437858,6.996885183449955,7.819159994423655
92391cee-cc5e-4c4e-afdb-34bd6beacd61,1.8556722818295703,8.681286522468891,9.345302102645196
923ed1d2-d100-4783-8813-fb6482d27fb9,4.487318569885433,11.281074950534943,12.221997678037782
923fad03-761b-406e-886f-f97a0774375a,5.125604090849586,10.481728904622278,11.414691307636154
92567711-3248-4a32-8c33-2c86faf4d1c4,2.5061210948752413,5.004009083232293,5.576172137844291
925fb9a4-750f-4069-91a4-6dbc06e246a2,2.684106089706085,8.423839119551447,9.249399155829082
92688ca6-0406-4ebe-9ebf-657f7fbd4915,2.129533879210482,4.017290052963122,4.739157255411809
92935116-d383-4e85-8eb5-2a5449f41846,4.396561800937865,11.501269387209426,11.831241239325378
92a0d784-ab4a-4e15-9fee-fdaa05a0107e,3.535247968106485,11.044010872151071,12.044001432139243
92b89cf5-dca9-45a1-9a27-c1c9a1c68e29,2.784790625731278,4.490007081505411,5.015245667338928
92b8be00-2e14-49bd-9690-d4a024ffb3b4,2.677408329638962,6.408259465579838,7.408093019468323
92baaa7d-7aa0-4b7c-9138-634a46959804,2.511634877093849,9.507751428989897,10.42921337149533
92e178aa-5051-4487-8992-3888dd1bbd61,1.8717250085936088,5.776942621898641,6.718129974344888
92fd3fce-5e81-4735-9ca2-04544d42bd74,2.332255155894825,4.214214301022469,5.110224875866883
93160619-cb53-4590-b549-a20a9cca9456,1.7514412189768005,7.083922498835172,7.97316277491768
9335b89b-6bf5-4f56-aae2-b6579a1be25b,2.4716290743294653,5.463749632403021,6.081430843455004
93365597-14e4-44c7-92c6-5281f354f420,2.8525431905028493,6.642096966996887,7.404892300336185
9348ccdb-5813-4ee9-a10b-1a3c46bc16d5,1.9687489468095256,5.2874738262980765,5.864317334139561
934c43db-aeb6-4b5d-89c2-7208968a6ddd,9.345540557962098,24.922362521535124,25.921199990864977
935db1fe-acb9-44db-8c61-255fd299de38,2.951879961740516,8.78867795693253,9.193165692000647
93613546-9c0b-46e2-85be-958aa536315c,4.841730650495143,8.888890471414891,9.888199828170505
936b65f6-460c-4039-bc71-c439e8b50392,3.3200824047381428,5.141044471541725,5.883627589072635
93705a59-9bab-482a-a1d4-b1ac3a2c9d9c,2.2231581413421813,5.580503110720426,6.580503109975118
937fef40-95f2-4492-9992-d8f77cd14689,2.037146664210896,3.864699442616799,4.856581155013946
93922c9e-7b97-4a73-9156-efe99ce3a087,3.3332121111527795,5.596176451944204,6.537499241746548
9395f91e-7ec0-4d6c-b246-fca3fc3b5632,2.01062480611821,5.796513266347497,6.263805790571581
939ffded-8d26-4b36-b606-42198df3af45,2.072922120119467,4.386463633901803,5.386442367253231
93a3cf8d-14a3-4d95-b6e4-4059a4f468ec,2.6774914221442683,7.847876111421419,8.840376712578395
93a6c619-246d-4802-a70e-d88ceb7b1ed8,4.933097638271283,15.522839933493804,16.421399242868784
93b255be-b393-43fc-8306-bf464e42ce3a,3.153247054286658,8.785534235015856,9.642381975889071
93b5bec2-4cf4-4c70-98b6-e4839228322e,8.142141880864385,22.652179499335546,22.95738315077435
93b95d0b-1e12-4a87-9b16-5c3b04efe1c5,1.7996660282546757,5.082093969554312,6.048192828251827
93e1562f-1766-42b7-9ade-18edf22ab722,2.215709135793005,3.795163437845457,4.544985576241446
93e21b24-45d0-41e1-b924-2be56ea2bf37,2.427559219899317,6.588583391147009,7.213368795412936
93e41d08-198d-4367-82ad-3fd53a11344e,1.8698313562651565,3.9908261680784194,4.451815859866974
93e74906-d4b7-4000-909b-daf8191d78b5,1.7684732934352412,6.99889936109472,7.806355149752403
93ef2916-a460-4454-8be4-e57574511067,1.9751740203053123,6.618333221318702,7.3478228266952
93fa9e20-c40f-4007-84c6-f849d93032cc,17.52871393559212,42.82024006341869,43.59262612573405
940a76b6-3044-483e-b5ba-5fc9f3725e5a,1.806836791001721,5.261281666319875,5.888286516419189
940bece1-22fd-4afb-b3d7-991578f8ff32,2.9316947272932694,5.160659509108092,5.840545563162557
941ad792-5701-4d49-a95d-fc69eb1798a8,2.7628952985342843,3.927664301866552,4.691294279289765
9426d7bc-02f1-425f-a3fa-7518d9c7c249,2.275844432100164,5.47972236599936,5.882485642024153
9427246d-b8e5-4373-9270-4e185d65831b,1.873326834730441,5.820670083469483,6.3325455646350886
9434bb1d-b754-40c9-8b71-f7cb14991ba7,3.721229963940871,10.750646254765089,11.750646067707562
9451dc3d-0851-4510-945f-95fe23fd4b4a,2.315676983099034,3.850957216508641,4.779451262471015
9453e980-1045-4a88-a891-9e3eb0fe0d59,3.573397316435627,5.885375679931325,6.71903943584633
94579488-9af8-41df-97d8-2fe8c741d5d3,1.8539650230365623,5.708211070352152,6.580276820812093
945d9dc2-0d24-4764-bfdf-4cb70f66e947,1.7415819999856097,7.570639489772778,8.187093544674504
946e6db2-9b19-461f-91a3-327437223997,2.6533542382950968,7.686811760411224,8.521419669936597
946f63df-47d0-4378-961d-8b50f334660e,2.05434481432228,4.096139481718724,4.848200868377504
9471cbc2-0369-4aed-a9a8-2e9671969f57,1.9162497942256933,6.09895764906418,7.053809376220214
947a5e08-b5de-4209-9bdc-0a9d47cbae2f,2.459313703652247,5.072843857224891,5.639021340418209
947ffcca-b3ca-4474-b07e-821c50883201,3.1946466046262576,8.480559095446328,9.444561591112643
9482b81f-dfdc-46f4-a213-0830c38ba3f5,1.81250219170132,3.814078454635652,4.432079333441585
949f5c14-7303-4fa0-8dc8-c33702098957,1.7728019256620056,3.936229753206931,4.547931206803856
94a10243-3670-426e-8b80-1420fd9a429a,2.765519459620536,6.549152121924703,7.54303014455556
94a6ce8a-88a6-475e-9475-c2318593b4b8,1.8755931059480355,8.601066603865762,9.431640019632372
94c8e791-5307-4c2d-b031-e3bd7721d5f6,3.141607005681688,6.526142165309544,6.830483319692703
94ce6674-4d90-45d7-a4d8-b2c0bd9293a2,2.1995825847308907,5.360631813882762,5.816380334463536
94d29b2b-bc4d-41b9-97e5-c6a5ba4fc4c9,3.088170862245048,8.26781181013674,9.25088083436463
94e510a1-abeb-4b99-b0ab-d7d7ce6dff1e,3.356202245988262,9.55010897751708,10.550081102324032
94f0a407-e1cb-41cf-aed7-4c5d2f654ac9,2.6056474700245014,9.944480954800351,10.943424277133325
950acc6f-296f-41ce-89e1-4b0fbbaf0251,3.0409805356414066,6.575301975471875,7.363450792923931
95174fce-57f8-4524-a9d1-11c4e75acb96,1.8331967674921092,5.474873382326409,6.4739077736417885
95198a3b-d68b-4e91-aa43-ba5deb2fc5c0,2.1502835966807585,7.239493518736214,8.16476543649693
95307ce9-fc8a-4a90-954b-ef521216666b,3.6201028103113,6.572836491490637,7.572836393285231
9547f195-17b5-4251-993e-df53f1bb7258,2.6400208226541824,6.043968234760651,7.040670934261317
9550ded8-04d3-464d-b687-4577b0051ff2,2.582613630495048,4.200510730239299,4.777638330597465
9551c3d5-d356-4423-8c4d-f5fa92997e45,2.9941945496584195,7.008561003061048,7.873915043752952
95651efc-1f58-4206-b42b-00b3dd85408d,2.27511468582369,7.843990913828541,8.335148527088604
957523ed-3bd8-4745-8e93-310b9ecce28b,3.20195161208246,10.391885582157636,10.911049556746114
957f6880-8319-4e62-836a-2287125ce545,3.107517881613411,6.638663153950765,7.518469916305532
9582b494-16e7-430a-83e3-a42078345964,2.160648736303238,5.551393904894179,6.375390782967608
9590717d-f6fd-4693-83c4-cca1f09d27b3,2.6558252653076364,8.862892031607801,9.819504213594929
95a6d14c-eac9-4772-8fe2-99d35b40b1fe,1.942898230579565,4.381147071568258,5.092946848979499
95a9ce5f-f809-492f-92e4-9f192f8a7054,2.709437456536024,5.198670530226923,6.025943118336191
95aa9128-3888-4f9b-8ce8-9528a4276b9b,3.735706074183528,7.2753771209434115,7.933712826411513
95c1d85b-6d5f-4e9e-8b76-50051480d5d0,2.780941961159277,5.539595016212699,6.286237477798128
95d48e3b-c17e-4c7d-a3da-be45a80d8bd0,2.670409551506929,6.448836489029984,7.395294628122468
95d9bfca-3254-42cb-af45-7f24024f2397,3.1236885556619214,4.551674945360849,5.35126564590044
95fd7ebf-6945-4967-9b06-25a929352167,2.1183262694046374,5.851287653981432,6.727210894735801
960031c9-98e7-4e0c-b80e-9fdae2093608,4.36917721029731,9.828938040929716,10.725046182339964
96023988-fef2-4d3e-91f4-c5a7a23329eb,2.106539408189492,4.969516002509257,5.499910119926687
96080347-81f4-4b02-99da-1edcff845886,3.1274630454590167,5.930849761596287,6.499068035023292
9609e4b5-f516-412f-b503-ac2b9578489e,2.338903250750495,6.481154826283638,7.456596505048706
9612e428-d8e1-449a-88b5-fecc181e664a,2.231584574940902,4.871436719407627,5.870650671789075
961475fd-4b6c-4cc2-8fd3-10f36fa8a39a,2.405220136785457,6.633103531570874,7.508511384184091
961644e0-1ff8-4b9a-8956-f69654bd49ba,3.419294857273363,7.249538987546943,8.116157695232365
961c9300-9ac8-422c-9932-23021d03f701,2.117217206373238,5.747611340523492,6.711269464967525
963093f3-89ad-47df-9c33-1c16021a2c7e,3.1708703338305835,8.856237748678886,9.85623773655016
9630fdce-3d21-4de8-a4c8-41db59a83f76,1.9572015490600785,5.968086280409074,6.795455607224088
963c3a2a-c4b9-489a-bbc6-aad8f56b9d09,2.2631275383931766,4.314861737622888,5.286529931053991
9641003b-4ed2-4507-bd03-e0adb1a4147c,3.449641555836045,8.60217592489814,9.550111870492456
96415041-d306-4e9a-8729-5c0cc2aed5dd,2.5863458380066646,7.55686826796118,8.193140249691995
96430efe-4904-4ae4-8216-517196041163,2.09407802790155,4.179476504292792,4.579220975476575
96552e96-adcd-4133-b9e2-b03ee998c6ba,2.1990692599899715,4.412086409251138,5.364939758451696
9656aa81-e251-40a5-8e91-18bba4759eb8,2.3532841582228525,6.469465224480435,7.339937135898885
967a9075-3597-4fdf-8671-351d2475edd6,3.122178286159455,6.962108340500159,7.717096576665925
9693d1b6-8325-4f10-b87e-b7d622dbfb0a,4.034831642850907,10.22978637903092,11.177700380665057
96a3dac8-ab0e-4f8b-82d9-ab96f5e57c3d,2.724886206142276,6.650688446063778,6.960238495905495
96aba020-c46a-4792-a77a-218662c57289,2.250843532166316,6.113402955937576,7.111325773531666
96ad416e-4eb1-4a82-9b3a-28ecbdeef89d,1.8002728759697244,5.93201406487625,6.334110184764445
96b04591-f75c-415f-a303-9eaee5bf8648,2.050057146909505,8.657519820703786,9.158115524811128
96b4b8b3-52d7-42b6-9459-81bc9bda0bc3,2.7269601747023584,9.754075293963194,10.667632415481805
96bac82c-a7e4-4cf1-b8fb-b7922c46e4e2,3.2683531718274748,6.045174489295251,7.044519943316221
96c0b4c0-d1b4-4e75-9bf7-30ac26c881b9,2.994790819941392,5.841720783417738,6.3821757632016025
96d50255-aac9-4370-9261-5bf2d2c14304,1.9127533183425636,4.34745294997023,4.829056095673888
96e424a0-ac7c-4dfe-9e93-777fbcda7862,3.713911269871965,3.7096981340505777,4.598068578731867
96f979b7-7f5a-4aa5-a191-a72ab257646f,4.9236105278949625,11.703016933063346,12.583530590620429
96fe215f-c4c8-483a-82b7-aaf8a22f1fa6,2.0093191822919354,4.110679577563469,4.602752374597223
96ff5557-d3a3-486b-9b2a-90fc0d2a8507,2.824889063737337,4.508464929795865,5.508460872789793
970223fd-0fed-4ac1-b4ed-e913fd851869,1.9867599812343977,4.425330153050152,5.266798055039934
970393dd-a611-4d68-8212-e989e89faf0a,4.034586803193687,8.852372694404378,9.742788848775776
971d735a-497d-4bdd-bc92-390f975be629,3.050638473410835,6.419582601533449,7.382845134720398
9726bf9b-e02f-4753-8d08-6b7fa6fb4ffe,2.8405519970182675,5.065612711378398,5.749570529394444
973b040a-e0b7-4c5a-9df6-4dfd331358ae,7.395509192895025,19.3815569474963,20.37323223360327
973cb3bb-821e-415b-8030-abd24b7a5114,2.426101660849979,5.452882944354235,6.452882880147794
97403ead-b150-4c09-be97-b02ae31e51ab,3.628247659661687,9.233447767622168,9.906130074342538
9742b6fd-aedc-4210-aefc-407b8424b6c7,2.766933076590746,6.892639073998127,7.70333889797155
974c5615-98e3-4911-9028-9659a695bf87,1.783722714378464,4.98120470090992,5.935364531829795
974ffd12-40c3-4b65-b3e6-b3225fcc33ae,3.536014584942859,7.971310641061458,8.705175244015706
97507242-3fae-4b64-b9da-254ca91dc13f,1.771393813221117,4.751263894700619,5.592041836612752
97593630-aef0-4ab3-a5b8-0afabe288dd1,2.3155509208937914,7.284179077338992,7.896767452438816
9764d548-d7e7-438d-916e-651f18eb7eea,1.8874636331094008,7.073355091816107,7.933878367706363
97738fd6-94a9-446c-a325-81d0bd41a9b0,1.7891929393920851,3.89619484004983,4.896103352437007
977aee90-6116-492a-b703-b29ef8ada0cd,2.3886201371966918,7.281768671738691,8.051818329655177
9780e940-4dea-4c4b-9ba5-8b3e9f123fe9,2.0098685750749303,7.370509650095392,8.37050917703769
9784ad1e-e6e5-4872-8bf4-9d364d137f12,2.473214455110261,9.143520445813396,9.999143154483686
978f06b0-5c4a-4042-8c9a-063f36edf63b,2.018754103496951,7.628012136967059,8.540368075768683
9790e286-21ba-4d4c-8d38-3ee72645669e,2.329310168746607,6.122015475590876,6.805834107495734
97aa9be2-8743-42a7-8669-c51b36fc5e1d,8.14424275453816,18.995082570096184,19.995078947196912
97aae87f-dff1-4436-9119-a72ec7922560,1.922983879029077,3.8409562028499993,4.764354910891537
97b6d987-6120-4ac4-9640-c6a10650059c,1.941388703587428,5.8618776432233375,6.755466838855124
97bcf692-cde8-4ca7-8d9a-37f2bac73bd3,2.120408651525536,3.997701250180498,4.462528890382773
97cef120-3081-468c-ae7e-c29c80812fdb,4.430228276219176,9.519157997353902,10.359658872394006
97d6fd7d-b645-4cf5-93e6-145e53be858e,3.4296166983660763,3.826822635443655,4.680087617401525
9803ea4d-55bf-4a66-a1d5-428927a3670a,2.8450639907004818,9.360249335660178,9.896640988303714
9804e12d-c440-4922-a40c-51cacce031a4,2.47144446691039,6.28354906958177,7.273517955491043
9808b31e-421c-4a0d-86bc-12cd776f6fbd,2.676713092109501,6.867849332334879,7.659932254117384
980b97b5-069b-42ad-ab8e-8c642aba8d81,2.865508479481821,6.697369102048317,7.697321200181229
9811690a-2224-41e7-80b6-02e5a2130831,1.799209363720448,4.448743006515655,4.763098572444108
98135065-e0bf-4ca7-8947-6dcb5c7bf188,2.0441837059925603,4.255962640983627,4.749766578727337
9816fdf3-fb82-4fd1-b119-055e473b0c43,2.929223903792565,7.202099891887176,8.202094328074951
982b6ce7-6028-43fa-8d65-cacdf576ffb9,2.709391952876232,8.344521078343094,9.17183267977119
982b6f30-ed88-4465-9ac5-c58e1d8381e6,3.0730015046608057,5.9068656690580825,6.786534556869148
9844815d-5be0-454f-810e-dbd8f2089f67,1.9277256801108629,4.034557624491546,4.660375193133854
984d56ea-4a1c-4d0a-9fa3-c35ed72950a4,2.1228511577879976,4.328538038699292,5.022479394140734
9859b699-1ad3-44ee-937b-4fa29e9ac666,2.326206336906412,6.127256577517374,6.586822080738502
985ffe7a-d979-4ec2-a1b6-b65dbd2ccae9,2.8377067651952173,6.557657721549534,7.154496451755902
9864cfe1-d2c0-4c89-832c-41f5a09474de,3.188753328788545,8.912569002874834,9.496430480811888
986c374f-1c0d-4c74-a62e-fee958a94acb,4.055315054407607,6.94951550156254,7.614357686285634
98849785-90eb-4543-9cdd-620b77585e51,1.8944301817070044,8.969999775974129,9.92544159299682
988681f3-aa2c-4733-a7dc-8285e7ecaa82,3.1937678953683712,6.657128874674781,7.559796400083208
988c6f55-aac9-4d19-8e38-21a6bc600c35,3.454570162426568,9.686757143696092,10.394529600663908
9890e40c-f107-4b34-8246-8a186b925a85,5.0476369176477975,15.59692058565814,16.545262403657983
98910d27-7eaa-46f1-8f5a-2a0b6d485320,4.924216788127506,12.512573535258882,13.247442368008944
98ab8390-9eb9-40ad-8e8c-651b34c02fd9,2.266369031554024,5.391701226731351,5.985113027266849
98ac4eff-c100-451e-8335-8915aac83df1,1.813343749376312,3.7594085188319526,4.687476641442483
98d4252a-8fe2-48fa-a904-64cb0db0be2a,2.6624357516105404,11.840796207582448,12.649303369060062
98d8d9f3-cf40-4bd6-ac49-9eb5641c3208,2.6891607697024957,5.104406991089265,6.092993969974156
99064b6e-23ce-4837-8e3c-f6dad0440626,2.039574603488244,3.8529208976772673,4.8529204512881625
99169c2a-1c56-40cc-a3ee-99c9055bcf60,1.7842954903107744,3.846235020258409,4.43155205928637
9917e740-7623-4c48-b9c6-7251b309014a,2.085930658025499,6.257444155836829,7.241006198718731
9917ef9e-2792-4149-aa5c-733f505914dd,1.9672161978130769,4.16566780161872,5.067576883587458
9923d4b3-8d62-4230-a75a-649a399a492f,2.2259828959470296,3.993448725430336,4.94290501105166
9925e7ed-64cd-4dd9-8f8d-8168436d647a,4.227691398988829,13.134882300343012,13.813288889518631
9938daa6-ba7a-4fef-97f5-ef6a3a4c7146,2.603153749478913,6.106835406479116,6.967930314580072
993b7dbd-d445-4e27-bfab-691cbb0697d3,2.212953941604124,5.832807957636188,6.728561329612699
993ffd94-7d5e-4503-acc8-d20d6ffca232,1.736947186475482,6.057782031554519,6.858718959245703
994804b8-a834-441d-94ae-421cf372d14e,1.7719955798132825,4.528399036777842,5.496503725709615
994afef3-6e5e-407c-8e24-a9e75ff6d765,1.928029124413336,4.1324330076143045,4.851641539368802
994cde07-6879-41ea-9f8f-bfe775fd7834,1.7845941198948991,3.802438632460017,4.721396415707343
99600a83-9a63-4f5e-8144-e4155e2ba649,3.378106812627669,9.016717216883372,9.65982971061107
996cd919-7352-4300-87d7-760bf27a19b3,1.9453417545746217,4.903040970055077,5.903037751721892
996f394b-e123-4d8e-83e4-2a52cf4e0bc0,3.4031327627748973,9.79521188018008,10.445714800550276
99700555-d25a-4dd1-b003-43df06ac9c2c,5.250943024173795,13.4114912468426,14.344531519318943
998f8dd2-d274-4368-b861-9d00759ed797,3.495425983727992,10.241540635024114,11.010310161437708
999045e9-6326-4b79-8bfd-d648c555c6a0,2.353658142895901,4.141118423904533,5.066671891230256
99a13bbe-6ce3-4e82-b386-e4e91e9d1f28,1.8863998693148083,4.824972011005154,5.150857404255989
99a29508-85ca-415f-98c2-075a0497a86c,2.0034601669984573,7.921006162038401,8.433960634434808
99a599e4-6c03-4680-a37c-dba86ea22566,2.169640315516097,4.717339580965972,5.248489816290342
99a708b2-89d6-4156-942a-0298d718675b,2.2609205670936023,7.673391491193431,8.52501924672766
99ae8ac6-8c1f-40f1-a109-c7360b0e85f2,6.5366659080714085,20.092746548663744,20.399093845814377
99c3d31a-af4c-42a7-9bb8-e01461f0958e,4.210376303643868,9.577245014766705,10.54093389226139
99da288b-28a3-4227-aadd-20e6d6d7c8fc,1.834760851057839,5.803821462485455,6.509789864085573
99e8efaa-c35d-49e7-a06b-3aef40213194,2.073400425044376,5.279441773961999,5.87720875261747
99eeb9c4-9221-4692-a97d-65b2c57c8fe0,4.191430027530537,9.424914947476204,9.711076427739428
99f2e373-a1c0-413b-bac9-e2570447adfd,4.176637744249644,12.287192233733892,13.087906122020446
99f825a9-a376-4fd7-87ae-983a2ed28f7e,3.5317594854037044,5.84126079609917,6.4497890079976
99f9927f-859f-4204-99d7-b497d211c7e6,2.0579240248714554,4.300810748303855,5.216253535916174
99fb48e2-344b-488f-86ae-4c0533fa8984,2.95202859595566,6.171458288955663,6.9025732943812965
99fb5b4f-341e-4988-b01b-12a6b0c1a517,2.078665114384996,7.331503778405237,8.179103134974845
9a084d4f-9b60-41ad-b853-669c7cda117d,4.7426251772604,20.826525472914344,21.825760420645597
9a0b2432-3b26-46b4-9c2a-21bd8b2452b9,2.018440869523459,3.977718885161062,4.9747234606576605
9a0d9079-0dd4-47ec-8d97-93c739ecc60c,1.9170546463150029,5.078320523141117,5.459538494207223
9a2d7e6b-ccfb-463d-87d7-f62c5fa6af0b,2.8408749030804965,6.604101384334998,7.505335247970584
9a2e1f73-15e6-447d-b990-946bfb0fd65e,2.142465371754461,6.797533971722431,7.634601483211695
9a2f1bf5-3b86-4846-a93a-55670945d408,2.057410871862396,5.193978189552592,5.952605154086181
9a5ff28c-2e87-4f0c-ad82-1d842bff25fa,2.5648166806015014,6.056481499843616,7.001191671907973
9a63b072-7d5e-49d5-9df4-5d0db4b47c5c,1.903390229791469,3.842235017580295,4.509255163439471
9a6c1463-9b67-4e73-bc6d-b626138db89c,2.252845460067823,5.055558675360939,5.937814116784843
9a6d75d0-67e1-40ba-8099-d3b875d6ca59,1.7662216762848908,7.7649656758659935,8.715565700902888
9a740e7c-04c8-4e64-adf6-8487d1d79074,6.571325749827604,17.985849467822376,18.972456404078567
9a8e4dc9-3fcb-44d9-8446-e085a2d5e884,2.438260859702305,7.42396435898734,8.198235307624456
9a96b869-5f78-4e94-9062-e1eb95ebb31f,1.8030296289205956,4.468033672300408,5.327824096208117
9ab152f4-774b-4d12-8467-a8fb21937cfc,2.2352888211012005,8.559917820969984,9.559917767125537
9ac3069f-5cb3-4d33-a04e-3c1b84cc19d2,4.798872738173302,12.875791002423968,13.874941332017473
9ac5c397-4894-4891-9830-5be1e1c8e096,2.4241141983970618,9.331094627108572,10.138650338363147
9acdb376-b270-4817-8ac5-a313df6e1651,3.652216408822064,10.870455682081872,11.868126855770662
9ad7fed1-475c-4fbe-be38-cce53d1120b4,1.9747389270579416,5.762993465026432,6.628980957303407
9ae22bfc-3569-46ee-bc84-0b3a748d022f,2.4988678850570465,10.377667297672351,10.886249295105316
9ae6b26a-0f45-4249-88bd-09b3d737b739,2.289535629700457,5.703942325330248,6.613742071457366
9ae6ebe0-78b4-4209-afbd-6897cddd4cbb,1.99018483387432,4.029278714690687,4.735465187880374
9ae7d0f5-89aa-4f92-a090-70d662f88b87,2.0385041050789305,7.181997460741413,8.132907117871605
9aeea529-ca59-4ed9-b709-acb149c687ff,4.996886449015973,14.994028005911057,15.691632546022133
9af08ac6-b725-4c5c-a2ab-f49a576e3d52,5.174370345849808,9.169223809763633,10.0499288130211
9af88c2f-9024-413c-96d9-61d3366042ee,3.034560353585262,12.81420781242603,13.814133877199048
9b03a5fe-3ca5-4a27-badd-29d4301eeaab,2.105988825890562,5.834065681205529,6.671688095876684
9b1396c6-7792-40ea-b93d-a967165a7307,2.778886977373673,6.984675829141513,7.646455285673868
9b19a93c-bdb4-43f8-942b-a56151e71501,2.520855259029808,4.5235345865997525,4.95814867436226
9b32d264-8e2b-4db0-ab2d-86c4e04c488b,2.125306613880214,3.863972079452734,4.863971703394215
9b3353f3-ca5f-40e7-95c9-1be4228a2084,1.8684820439714307,3.785672213721923,4.552603774511992
9b4338f2-adcb-421d-894a-bcd9db91a81e,5.644557236566316,16.773318654406832,17.53669642388712
9b5a655c-e01a-4218-84bc-9801e855fb66,4.663693180617373,12.01757716051164,13.017575487858403
9b777cb2-aa5f-400a-9ed3-aaf4058406de,3.568890283754565,13.414121869186143,14.252394861845769
9b90a2f8-0623-4722-90aa-cfc35c2c6d57,3.786554636013848,5.853154022086991,6.609199296929438
9bb307e7-674c-4112-97d8-4decfddd2e82,2.706998837991676,3.946240746748981,4.426332638055616
9bbb08c1-87cd-4792-b4c8-aec9b7d2b1f9,4.918867030897388,11.223096376430718,11.853403506800912
9bc57120-89db-4197-9909-484324ca479b,3.067358033010383,7.298840109622891,8.03693978977536
9bd48e3b-94cc-4193-bd72-a039f27aead8,2.327652912268543,6.7352495464604125,7.654446425239939
9be29036-bbbc-4ecf-b82d-2df612086377,3.170614468063809,9.012458081613053,9.955887062361835
9bf6320c-6472-48b7-a923-c7e3f53a68fa,1.8796311545552808,3.970018628869863,4.833042474404376
9bf65fda-7cce-4f68-a2eb-a8baad74cc0b,2.051495035334112,6.036906092087819,6.856489736944306
9bf6bea3-f9a5-437d-9b91-cfc3478abef9,2.463623472185946,7.325533333617255,7.937791145459492
9c0a949d-4706-462c-b575-e181a8590009,4.149579490479662,7.700042624642672,8.700042609190403
9c1c2deb-3d72-41d2-a4f1-50f713a63bdb,2.3216327086295867,7.172570091968979,7.9743180833590435
9c204b1b-294c-4820-a055-7aa8697fa0a9,3.840658974471839,10.372098983609462,11.207873872914284
9c2edfc2-49f9-4a29-9237-d4d85f10a540,2.1579848725693185,4.044821543736876,4.964189565825131
9c35912e-8ea1-411d-b968-4330074bf401,2.1597400906945183,7.434437708280266,8.237965004265625
9c408b47-8776-4e44-9cc2-87760e951104,3.3743008526331506,9.57368821235756,10.573315819509634
9c439da4-2999-4100-b6ed-aa35880f4f18,2.680727440550557,9.727466104837022,10.105886609432275
9c4b052c-4fc4-412a-887a-6b3920339141,2.857754267356207,8.467032649213714,9.4642967305296
9c52ce85-10d4-461a-890d-8e1493ec536e,3.9269535689590342,8.98429857645689,9.984298571919137
9c58ab50-fc15-4a9a-9977-dfb78671341f,1.9443027176971168,3.95669464158489,4.829011779636231
9c5b3ef9-6222-43c8-9dd9-c09886011939,5.015784406667998,19.04589125202413,19.56051036085929
9c6935db-40e4-4daa-b5f7-2abab6c21e58,2.252108066340446,6.633066751082862,7.607642231243519
9c80b44e-e4fd-4bfb-8f38-ad4a1e391ae0,2.2292620512641217,5.463440333408339,6.4395813529081085
9c8a67df-8dea-4f2c-918e-dd56f3f28401,1.8432016539976408,5.150051185634803,5.819797816387729
9c9c9d4a-3467-4573-b2aa-eae44c946e2b,2.133503066610404,3.937403437080535,4.494902425595343
9c9cbeba-1c23-4d67-99d0-33dad56762fa,3.0226489942380392,9.690843690960817,10.690053665858509
9cc2d099-b73a-4ef7-b19c-4d86bad658aa,2.35514676441459,5.588768826218126,6.5191729330948025
9ccce5af-7da4-4069-adea-7bfd938cb69e,1.801174803298285,4.858976437164834,5.574814297432632
9cd1cbb5-82a9-40b4-9373-7a301a82e3aa,2.75672785507283,8.690786507023095,9.62599019786241
9cd4ca49-d8a3-40ee-af1e-e46915477571,1.76311250994097,6.825633002524875,7.541197322435641
9cd9b12f-84a6-4493-b58f-76c810d60359,1.8267100854297231,4.887368199435218,5.6703439029581695
9cecfcca-72e3-4a8f-ad83-874a14950d16,3.0401939702029668,5.887006581649139,6.795713782478038
9cf6a5ae-3d22-4dc6-ac49-dc649d59bfd6,2.2023041171511557,4.698794838909497,5.135160919604838
9cf7b831-89ff-474c-826e-7b466c5ec7d0,1.9476362112940817,4.5113114534305465,5.388532338548902
9cfb0df3-b8cf-4a1f-961e-6d91fd238193,2.261622984971171,11.428659559209246,11.822622866058795
9cfb6bec-6d7b-425f-b644-6459d9d334dc,2.2766980967291284,7.079511609509328,7.834811042053736
9d05fcf6-e44c-4b78-bea0-beb61d03c8bd,2.7569498619322657,5.02124554800332,5.771614362784753
9d1973c0-38a0-45fa-93c3-7c1eb68d10c3,2.786370925869749,5.128919338629839,5.944853237981491
9d1e1bad-af44-440a-9336-b14c4add4cbd,2.653633850709068,6.152751900400843,7.150550362605743
9d38a2ba-f413-4950-bb39-a89aea0ea31f,4.40295194887168,10.391542702604848,11.167353340772792
9d3ffb8f-5cfb-4f6a-90e5-36677a4d6083,3.4049464482758087,7.216459402820747,8.157783494710461
9d463abf-3829-4a2d-8178-a8cef6c98ac8,10.118619090000951,27.22375829030863,28.182494119232
9d5389bb-2aa1-406f-820f-3e245b6824bc,2.232197722567988,3.878001824905008,4.811840404481506
9d548f13-a7cc-41a3-9708-61fd5c11e514,2.1989034166258765,7.155247382584412,8.071759147270663
9d579a21-f850-44e9-ba5b-c5d2ca75ecad,5.575368795269346,20.37044812682595,21.18344718961006
9d5d771c-8ad4-4cfc-86ad-a3d1e219c187,4.011539744198578,7.207280857564993,8.207280847056966
9d6834b8-562f-4f98-adb9-e75e68ddaeb0,2.051641017045828,6.630399474879917,7.604678963060632
9d68e231-d368-4d75-b61e-5cc1d0cf2550,3.6650541045177767,11.215932996910617,12.124219265020283
9d764616-ece6-459a-94ae-bb343e6e04d9,1.7909721187806755,4.7617367747006725,5.701768394086147
9d842558-a49e-44c6-8331-962442a6e372,1.9170389981483285,5.290855424984762,6.290471407192896
9dab3ab8-c0e5-4d53-af8a-760ab73299f0,2.6309044563783277,5.134849134487952,5.6611722587034805
9db62134-726c-491b-ad6b-16b4be512d0c,2.9633579731009685,5.648652965852538,6.399964025979526
9db67780-b0d6-447e-80ce-551b3fc5bc9d,2.5412945700930223,6.115520861438773,7.11031280723979
9db8a8d9-3e8f-44c2-9dd5-84bd03524414,2.213860354056419,5.760785049948778,6.740942423995504
9dc57a50-e933-485f-bbbd-76c493b15890,1.797214609304063,6.376511274997891,6.970665344027746
9dcb334a-04bc-445d-8460-7e3ed2f7faa7,2.8056906344805106,4.363034912149467,4.706563583434218
9dd5b477-4152-41d5-84f2-416097a8d701,4.6184008137713,13.464497246044033,14.064133334997935
9df13683-1042-464d-9537-9c908cf5f740,1.907363223911404,7.451715966581123,8.23443489048013
9df9f285-773f-4bb3-b58b-9bf3d1767de5,2.837431805552991,5.489861377084834,6.251296152906014
9e1d170f-3c8a-465e-adb9-55d08e2365aa,1.992141637293428,9.874656275185531,10.428565218742984
9e1da524-8c3a-4dfe-b6c2-1051c2ca9d4b,3.0388037881181744,9.3633716321021,10.198941772128734
9e31aec4-6f86-4e17-85fc-75fced4f0b3d,2.4883598414464174,10.11138868084125,10.818716079669858
9e358f5a-654a-41c8-bc35-508e93c4f980,2.4988913384987343,11.779826609929554,12.701718706429794
9e3a1892-6f52-4aea-af38-b87e52954ab3,2.8702153297515944,5.536230831383336,5.966970876739231
9e3b3d96-d5cb-4cb5-9176-c8a051b2f6e3,1.830748288278297,3.945701838048344,4.866631605417103
9e3ee25c-9659-4a22-b34c-d581cbbf667e,3.7928510841582233,10.35387512186587,11.267153977373056
9e483175-6261-43ca-ad82-4a5ee2e45946,1.818184999252516,4.71740387254494,5.717402240132783
9e5428d7-6379-4906-8359-70b96fdf3563,2.439496183955904,4.972770630578085,5.6381176012015874
9e62dcc7-fb95-4edf-abdb-ed48ea12b40f,3.903913598105584,11.935496117186949,12.92040072841099
9e680944-5916-4f40-8723-28c682463104,1.9203969846750548,4.095577567076588,4.725256494276669
9e68b80d-2fc1-461f-b476-3fdfc76860a6,1.7721809641598785,4.432899076525481,5.411339799294315
9e96d752-2d7f-41f5-a096-0b579f69d001,1.92245120989334,4.708835476625075,5.171197150493907
9e99b0b3-2b2e-413e-b40e-259a96f865eb,5.211709978367122,17.290353284487747,18.28733836348802
9e9cdb7d-f66e-4520-b896-45c214b6562d,1.7589472452847543,4.446887423313156,5.312521227976895
9ea3e5ff-accf-4596-81e2-30decc610d5f,4.273988852032387,9.349170333535517,10.349170333018312
9ec15149-cc28-4138-ae4c-be92435de0a3,1.738283315654228,3.975221474307141,4.598946816815137
9ec1fc48-ea18-4149-a401-59e1740d8cda,2.6422696375887056,8.971346777781198,9.569375913910807
9ec45ef6-7498-494f-810f-dab7c5ba250b,2.2448460885531163,10.785738524191364,11.71111580506782
9ed69abe-0244-4777-9d20-b5be1588391e,6.192111922302959,20.062043554468588,20.36869272574706
9ee13cbc-ef37-4b5e-a395-24cee4dd44b7,1.9961751186172327,4.124475334179094,5.124467604924402
9ef09379-dbd8-4b7e-9f62-c594810c2865,3.053268562175887,5.413234845557981,5.775980798886942
9ef315f2-9ebf-40c5-a1a1-6fe4b800fec8,1.848185869028384,6.187191134701844,7.187183321124279
9efa0ba3-9839-4d3e-ae2a-67d5a9cd1536,3.39160955392343,10.018508071431476,10.9691432982541
9effbce4-250e-47bb-a986-c6238a61a4c2,1.9876844350696128,3.7227579882630977,4.671443753568286
9f102cbd-83e2-49a6-9e38-d17abaec33f2,1.7572911806938023,4.039569931631036,4.84160888362172
9f140e0d-29c6-4dd3-a4e3-246868bdd0d7,2.032033848358265,5.908002471443283,6.666271212729504
9f23b7db-e086-473a-82dd-0f47f923d3ac,2.8687878383493737,6.257414500127402,7.059879459369609
9f2d59ad-6e38-471c-b414-1952d5046da2,2.0282803987204625,5.402986857641084,5.819633223758703
9f2eb55c-b98f-4910-85db-250cd19e98ff,3.412217293962819,5.316192142223085,6.130689031142229
9f314b8b-65e8-4341-ba30-708398f3c118,2.95481295455768,10.494240187674183,11.475692689626603
9f33772e-8bfd-4e6c-8ef4-bba3129b0231,2.4535612448215134,5.530029033917312,6.204499766863848
9f3a2d40-2a2f-4e3c-8af3-5d4feed402cc,2.839891099322524,8.011510100049819,8.790728934455856
9f40901e-0d5e-4ad8-876a-95c934373c5c,1.8139939406684111,4.773561834187254,5.60566356366428
9f48314d-df9a-41db-9712-16baff53e9f2,2.023724598649404,4.480615355574193,5.278253034754452
9f4a8aa1-1943-4fde-86e0-b321d683cd04,1.937237558060236,4.054404988085077,4.685581487547621
9f509fa5-971e-4b9b-aa45-9f1014cc0d9a,1.7872760699228465,4.904034992253854,5.628356568826375
9f594279-08e7-4101-8135-1da86564a431,2.164192980362905,4.65270677954358,5.394549113151826
9f5bb465-5be3-428c-b636-85352bd0b771,2.232784359472177,5.017676747521289,5.562252176524157
9f609ac8-ef78-4f56-bf38-8c0faf7df148,3.00885731389151,5.13236215507803,6.10837720418172
9f60b4c6-68a0-498f-b89c-b71b36d36c49,2.4469783593244765,7.269709453725893,7.7560782440894815
9f6881bd-7154-4c3b-af3f-ef04b31b3089,1.793658011608032,5.251781633414476,6.235943879851462
9f6b5342-3aab-4bfa-9455-cc1206764573,2.7690409961496183,6.720538770196195,7.442187247383488
9f835da4-a1ae-46a8-84d5-e752129f5533,3.889509213974033,13.593298193458562,14.203317859539876
9f9c9137-95bb-4888-bdfb-f5df6901d8de,3.0924619054537987,9.424012109016624,9.9283971174693
9f9cec33-b4d7-473d-a92c-65c510a0aa8e,5.230696758570303,17.50633214664531,18.31735263370956
9faa8fae-2914-4007-b36e-c6b73f1dd826,2.835427660806241,8.484766306135615,9.037257851002142
9fbc74ec-50d4-4916-93c2-1a597fb4e6af,4.296237472876844,6.639565333961873,7.633957813718005
9fe5090d-d123-44b5-98f7-93454997e954,3.6935630488138727,4.9883262411348674,5.926602006324112
9ff7a6f5-aeb9-4a04-81c3-4fc3cb2d0899,3.3332121111527795,5.596176451944204,6.537499241746548
9ff7d02c-3b87-45e6-b944-a088f3e30645,2.7314358120573905,8.039616899214787,9.036060781672152
9ff86954-668d-4d5d-a62b-5a5206d2d8a3,2.9940738287134185,4.8147229396824365,5.2854045243088335
a0092676-7cc6-4b95-9478-1e60df27b4d7,2.1982313207431243,6.209388531925286,6.917812857992526
a0159412-9687-4aca-8b1d-3f265dea54d1,4.623016451340878,11.853493501177574,12.816615369175056
a03adf0a-60cd-4161-9d9d-7cbec561ae76,1.9759731457306624,6.156012366481207,7.155989350253423
a03d54ea-4706-4520-9a09-244dc20bbfd9,3.9015659174882,13.411746102300356,14.411731033387708
a06582ba-7a6a-4376-82b8-b9a65af7ca2d,2.250820701073474,6.426732267020269,6.848521009251453
a0672746-dbcc-42a7-9a98-54a53d479f1f,2.3420138150374803,4.13736829634182,5.137368217043178
a06e3dea-75b0-4e6f-91ea-3607ff75904d,3.0401437908909923,7.2763519749532435,8.002516333800445
a089f3f6-f5fb-4e9f-8a51-6d0e576dbe58,1.770346952860337,4.208443361252836,5.208211650505645
a099503e-2df9-4d24-be64-cb0b090e2c9f,3.119078238577761,8.637246252877222,9.531126580811632
a0a1246e-4da6-4efb-82ad-19f5a7f74197,3.1547759813151823,7.346696969021907,8.344466750733627
a0a63ac6-6adb-4b75-97ce-91dbd9700b9c,2.4105841864598188,6.511029947833382,7.511029306759226
a0ac0735-9725-488b-be25-126c4aed872d,2.106305979152785,4.102010935023548,5.099158586879239
a0b19860-2ad6-41ee-bba7-06e9b31e6b66,2.1906866787418715,5.780653621466912,6.553895371241287
a0c14c8c-69ae-4af6-82c3-23148ae788a8,2.129259434027639,4.001541194444107,4.639411790110381
a0c90033-1eb8-41b7-93e9-4cb06fa3b1f0,2.5904932001722147,6.103117400748335,7.101139073010814
a0d67568-890a-4f59-adba-57484c326850,2.227304252977776,4.498053116429069,5.085889012787552
a0e8b045-f8a8-4564-b228-a5f86d8a23c9,1.764843889000561,3.842483324189672,4.827105325238548
a0f934b2-6b80-41dc-9393-a1ae1e84ffa0,1.9230732060062885,4.563822585355304,5.11512762897542
a1019832-def3-4dbd-aa62-8a9495d7f389,2.218549214896356,4.800099304610257,5.701219564922256
a1155217-bc09-47ee-a9a5-f4585d5c966b,2.8279082185183078,10.902786573576035,11.609223532954092
a118b505-a9b3-4f1b-a28b-6829bb91505b,3.2264231571682984,5.016857124565098,5.774004570880071
a140967e-806b-4a1e-b197-d3ee2de043b9,1.806028883880247,5.055224862068981,5.513250494065685
a155a17e-f861-4e61-822d-4403d350ccde,1.8066079595476376,5.343236498506139,6.270256069719902
a17a7c0c-359c-4916-b6a2-2b52a3fe4066,2.7238329313239618,3.788658068988001,4.712165449156527
a19fc957-a075-4d5f-8d15-6fcb926eff26,2.538470475583364,6.821473865978009,7.757976548479173
a1a280d6-81ac-437f-bc85-8ea9b09c758f,3.1982851504645486,4.492169454166199,5.140824312384806
a1abcef0-8fff-4130-8c05-5cddd52b9951,1.8369599947392272,3.6820527115184096,4.619365549530617
a1c2082a-c9e8-4f47-b7d4-bc5c55b61a65,1.810795051021775,7.354389594323652,8.188684779355782
a1c6728e-cf12-41f6-91ee-a3c6b0045448,1.8660190787876632,3.942883263956253,4.755882499681752
a1cb1ef2-d1d6-4a70-82e5-efee6d11f592,2.5191054347192234,8.014049153195446,8.882516172521294
a1ce5b49-ffd5-4332-b369-cbaf88799ae9,2.441284388957629,8.10240968726058,9.02526654483592
a1d7345c-54ef-49b1-8584-75b90cb85130,3.690901300587482,11.350658145116125,12.348132629705376
a1d8ef68-4fc4-4e35-80ad-708028e31146,1.8778568871752,4.17529174760315,4.79065087785264
a2208dab-fc0f-4ff2-96a7-68344b55fe0f,1.853573192821602,3.818824428476577,4.538721761564
a22a3374-a332-46fd-a409-ecd10d5f2b81,1.91508502026806,6.0030254059642125,6.890659715591381
a22fb2e2-4ffc-4d4b-a134-eb9f0650ce52,2.626995522519129,7.214901383239222,8.2145886124503
a234c901-2663-40f0-9175-a41f4f5dce3a,2.183806192386347,4.876947910260279,5.290361702205758
a237a637-4eff-4a39-8187-20778587ea7d,2.2146378905070154,7.461150544868746,7.960129607004705
a2519da7-eec8-47eb-b420-5b58ebd8e143,6.482430193751203,19.9149179672032,20.744628080671625
a25b7287-580e-40f9-8787-2f5bb02168b4,2.5201799861859024,4.796165741791778,5.6667407070619165
a261b03e-3c20-4b40-897e-a2b7d6b093e5,1.854238340314494,4.773401806898953,5.772224767007346
a27a0570-8e6b-42e2-9be1-824539f427f4,1.736816418192451,4.184679431419245,5.088588530890787
a2875633-b82d-4278-a814-27a882a38c9a,2.709662475059296,7.515500252016116,8.109948106903014
a28e798d-fa62-418e-a2c4-038ce02db66e,1.8244589885099975,4.364219641795395,5.129831878363053
a2bc776f-3f5b-4aeb-ad22-8e1f4d2ad192,1.8291122417877528,4.451002139348736,5.270806369882963
a2bc819a-d0a3-4066-a1fc-6baa4050ef34,4.901853783950372,8.745055941696274,9.252031909175969
a2c385f0-27de-455e-9f59-07951dcea5fc,2.1600563620059887,4.879868608183744,5.878485703054606
a2cf5e82-996b-45df-9c51-7c7fd6617464,3.3499316931333616,6.1419360862830334,6.765980263056951
a2daf43f-6863-471e-b77c-d1ce8ed8e1e7,1.9546081957463115,6.987004154560548,7.968775214753423
a2f5cc74-a142-4b1a-b0c7-6fd12983fde3,1.9891540305991529,3.7213195742549368,4.721318532843196
a304bcd0-224a-4d10-b192-6ec0d3077a79,3.677006644049292,11.739238503921314,12.545605207839722
a309a1e1-4a3c-4086-8242-19a9f9710b3d,3.753757047991139,6.828436849221481,7.781450493728246
a30e2519-ace6-42f4-90c8-721a2bbd300d,2.059687708444104,3.981590184532667,4.720942491099185
a31742bf-b643-47af-b86a-befccc5aa0b2,2.3796728554563797,4.133586352806312,4.940493556505055
a31bff20-d3a9-444d-8673-d837d4aacce6,6.239897325080266,16.62213730845633,17.596869264268694
a327acb6-554f-41e8-acf7-124d48c5d2ed,2.189002426761891,5.629857571345146,6.628014777079845
a3296143-e1d5-44a4-b49b-bcb8832bc87d,2.3814330947993545,6.419602867177351,7.4179763600424895
a32b0d0a-2858-4c35-8e23-c2ef4b434da2,1.7329396054207356,4.99923562164628,5.520927371925384
a32d8787-2bea-457c-a8b1-ad226413272c,3.198053529437083,5.920995890078473,6.411704235293156
a3366b6e-7d05-43aa-bd1f-aa280ac57a18,2.3603427356192195,4.605792985656534,5.604967968520099
a339d363-2bf2-4c4b-ba4e-f93b83ad282a,2.554265850152772,11.43531109626521,12.21380834899118
a36af86a-c52d-447d-9645-ee5409512893,2.057465301945734,5.035426801359388,5.8427214478872775
a382a555-a61b-4b93-a75a-286cdede5560,2.202669266308397,6.30952481712154,6.8001753651902686
a38e48f2-c751-4b72-a28b-5612f1e66b93,3.8237662821639984,9.78716611514664,10.339396346462363
a39f949b-f5b4-497c-8eeb-eda99f9c332f,4.713531009547851,13.53713188712402,14.361242336114742
a3a5e380-2075-4243-ad3e-61b97b069a11,2.180186301745481,4.31244925145357,5.294433276469865
a3a7ec23-ebe0-4565-a485-326cb9f6500f,2.1341369242949777,4.850771314734381,5.781979744084386
a3ad9eeb-917d-4102-9408-01e04affbe5f,2.326400508111151,6.304102429933423,7.270119225525418
a3c04307-3e99-473d-9547-f5a3b45ff003,4.540501898137538,13.658894195608344,14.485207356403974
a3c183b3-c0d0-406e-b804-60b31ee08300,2.339065763984977,4.100688331737187,5.054767480488316
a3c35e4d-2491-4203-bbf0-3bfe5b298258,2.2236129517605265,6.374221182952215,7.368397647772606
a3d09b60-3c4e-428f-b8c5-6ec56804f175,1.908994720359117,6.542006891743575,7.032989623884658
a3d9b151-a62f-48ec-a565-24b449177cd0,7.061367676608426,22.81858699905459,23.70932203978708
a3ddae8a-6c82-4b65-9354-2717559e58a8,1.7896612709798467,4.0537486375564535,4.512792726918437
a3de0249-5a11-43f1-a863-2295138e906e,1.7888970276897476,4.02321983249448,4.705932034565997
a3e7281d-0176-4495-b0d5-2207cc54edb6,1.825565848868944,3.780448076911685,4.4620756861698725
a3f957ce-d225-499c-83ef-eadb613108a7,1.7470164447172831,4.664469593598898,5.184930071242488
a40ca8a3-e394-432e-8f8f-7dab39fe7ffa,2.7036093047568017,8.442366507728778,9.322472140681503
a40d2884-1fd1-4892-a09c-df0b54ea6391,2.839458427732593,7.280141946914809,7.88426035339288
a41267b8-1a5d-4688-a42b-c2ca62d1b607,1.8826158465036145,4.883735334273312,5.735532590665182
a41505a1-5d41-45f2-94f0-6ced184abf02,1.888776695462716,5.0033565407637015,5.6753076579876325
a41c6444-f114-455c-ab09-31a45348e827,3.034571167549688,6.975508900102242,7.775191223163096
a41fc65e-3c28-4c7c-a28e-687204a3d5a4,1.8639517554737648,4.146013627647574,4.931666049563645
a4277b3e-a383-499f-b7a9-5a87f3ef930f,1.859230755336691,4.910305873358548,5.910291625576459
a42fd855-3898-40e2-a1e6-44a7a157a90a,2.420666159547743,4.353578431545581,5.01426628411883
a4309188-9105-4abd-90db-e7fbe6cde7b7,4.720477202392792,15.52629171381052,16.526290129341458
a4394bd6-bb07-4e8f-8e5b-b8e26360afdf,2.809498423273813,4.119720056377598,4.734903989951525
a43c97bc-67ff-4420-b0f5-f5d745491acb,1.7412776759212285,6.162193574737042,6.650596204014657
a45c9faf-24c2-4638-9184-c405519a055e,2.9704842688917084,6.061910972839365,6.7737276061726215
a462dbec-8369-4afe-aa54-94e44401cdde,1.809726168374168,5.2834413224711465,6.238224323442124
a468ce24-8154-4bd7-ab1d-e484a402a320,2.861564071801266,7.36304689810953,8.162643624392587
a48512de-847e-478c-8e87-8e43295bad40,1.8025330865255529,6.989100059093142,7.970744672179849
a48af617-9a66-4fbe-8979-7fd82ba5a4cf,2.955423242137738,6.20657836497431,7.0393003058057495
a499a479-4616-48c3-83dc-e4d7a86ee4a0,2.034336459798926,4.377168020400033,5.369424109651936
a499d858-5cbc-434b-9eab-014ecb40fc15,1.947783527680715,5.214369380516719,5.684410087465497
a4ac918d-456e-47b6-b3e7-b17ecd4b5325,1.8632196585798595,5.482914451499963,6.482913435219057
a4aee0c6-9180-411d-842b-aeb76ffc10aa,3.115076861454949,6.272565773164818,6.963640422342589
a4d72a0b-ff43-4912-ab70-9b8a8a6ea1fd,1.9681724645851184,4.601571123001403,5.389856413525389
a4e55f01-f059-4aff-90e0-cbba6f233141,1.9338368882880088,4.06599092612288,4.528976962026499
a4e8bd7e-df27-454a-a46e-c140da8c40ab,1.8987615052298412,3.9620630366069984,4.962061980985279
a51236d8-a2a7-4001-9e72-d3d92f753f70,2.1908957596783583,4.3125357938578,5.0282157068821
a51830ae-fe63-43b7-974c-b8f6a19bc5ec,2.8759825433619626,7.646904978131722,8.298874823240045
a519f863-46a6-4a0a-ae5a-26f1edac3d78,2.999177322072971,6.031224690612499,6.774970656665344
a51cca46-e033-4f6d-9182-9ee89c80fa52,1.78563938750906,4.631463043386024,5.244227450466137
a5206d28-1c04-46e7-aeb1-b04c4a78d823,6.634120136339326,16.18445730309043,16.563232187944514
a5323260-9347-4117-bb4e-2d5669ef568d,2.9125877384673644,7.50268162063282,8.37989327847512
a5391251-b607-43f5-bc88-de7264eed44f,2.434628890448375,6.385725369903737,6.9912374452157895
a53c8bc5-6534-412c-b3a8-36bfecc0a84e,2.834768549758812,8.387085105492858,9.35929761422471
a54755f2-e401-437a-a260-cec17dc0dab9,1.9124219697725664,4.123053898582516,4.878878711902826
a5578c5d-f086-4c87-a311-6fb740ff2b91,2.0332531839260595,6.014256677677305,6.972106420289986
a55bc31d-7161-4847-bf79-68d30e2f862a,2.2528505914962134,3.685990843949445,4.5648264811097246
a55ea75e-a9ad-44b9-8ffd-df9c5e31d649,2.7895771306215376,6.03794069363868,6.835520526414274
a55f4b33-1bd2-4980-a6f3-fe0d346a682b,4.168285338245664,6.617115206578198,7.617115031053172
a55f5453-bfb2-4e49-a814-c82cd67193a1,1.93273638057688,3.801851369095634,4.798942872824569
a561ab2c-30f4-4683-a94d-e6b8f31d8128,3.337603009244039,9.51461153489681,10.514389877296964
a5716fdb-e1e7-4b55-9530-3757b847c7fd,2.12338739467353,4.465315627034688,5.264741797230436
a572382f-839e-4532-a136-2b193e7873e0,6.0699631935025,12.201025777480702,13.023293572866198
a57829ae-b1fa-4e2b-8dfd-a917e16940b9,3.7191808630602656,9.671229227814298,10.353483533950602
a583b1ad-4b64-4d00-94a8-033a25ce830f,1.887020807484492,5.536647281053487,6.4369229112591135
a58db1b8-a5b9-42aa-915e-e8acf5bab87f,2.1316041444964147,6.405680405649867,7.007006582650256
a58e6372-5dd1-42ba-81c4-36bb93d89938,5.592455670414188,12.415479362186224,13.135087667795611
a59f9dbe-9ec0-414c-90b6-e8d77d3584b1,2.1231640729038634,8.480329624359753,9.213792202476446
a5a02a28-83d4-493f-b599-330221526150,1.927146247915606,4.741855357422972,5.605029008694336
a5b40ff4-1eeb-47cb-860a-7136d742b83f,4.508475418241618,7.644968682594608,8.644601474012031
a5b5732d-606d-492a-8374-c1d3e0751d3a,3.26522655834296,6.776831874618924,7.243901339188963
a5be67d8-1253-4548-b496-5e2764bb4907,2.496744184980434,6.540677098543156,6.990857428794837
a5c911d2-9e6b-43ae-85b5-d71a36353360,4.35819837617859,13.030188089221951,13.351089318685183
a5e2a849-37c6-40a2-a2f8-bdc5f275c991,1.752779060800009,4.197853792116226,4.709733676170918
a5e4a396-a1a4-41e8-81ce-736d7efc2e36,2.658335768600433,8.024600760285427,9.019213413555708
a5e8e3d8-1aa3-46e3-b46b-405c406500ec,1.8324933005032835,5.123668364431192,5.71033639762992
a5f771e9-7e7d-4749-80a9-f7ed4abeb22c,1.775614013083601,5.577049939253678,6.261340131386101
a5fe0ba8-78a7-4fa1-ad9e-61a883607785,2.3229893994458,4.082330125752807,5.082328521167541
a6007744-f700-4743-b8fe-97ab6e47f63a,6.0382959662343705,21.820782587584837,22.66598400831337
a60a82b0-09d2-4c06-89f7-bb330252071a,2.441985025819832,6.702259179899923,7.650037747747604
a60de4ae-85d4-4f0b-a587-06f57ccdf95a,2.2656436821851598,7.07072856844643,8.020510571242912
a61bc214-9444-4b60-8646-6ad6f2fd773e,3.53739501593156,6.093277938568852,7.0930876966247896
a61d4f60-d9e6-4e8a-adb0-60b691ee5164,3.5628263054364195,10.034445253100031,10.983826853759396
a61e3b4b-f6b6-46ca-b266-fb90a15e3f6c,2.300285097310373,4.7358811593209325,5.3484126395945
a627260a-035a-428a-a52e-0b2d887d81aa,5.700196129316066,17.283215188906176,18.27709165886686
a6318305-6aaa-4293-b6c6-9263fd6de7ca,2.065858834416143,4.0253940123365215,4.765818552069598
a6319c5a-7f2f-45ec-8746-85729656b940,2.2790502645101296,4.579075837917137,5.324358019454406
a6546e85-403e-4829-a18e-357d7d69a858,2.038040292647471,4.627120285243557,5.509375699092307
a668c949-7730-4021-b5be-5ed09a82f5af,1.8789051924367888,5.77867269102327,6.778672554499114
a672a63c-d94c-4529-956b-60d7fa34cbb6,1.9432618611128063,4.269426235060803,4.918592164348441
a673e842-5335-4c2c-b1ac-57350cf644d5,2.909649635997441,3.9305348610598982,4.7594686646668425
a6909931-17e8-4035-a8de-1d598b229247,1.850171502380688,6.74995808060459,7.420821934204667
a6909e3c-7ce3-4bfc-a582-d8b530d83ffb,2.840696716131617,6.512640001835335,7.413059295570113
a6b294bc-4bc7-416a-a5ad-44d5f65bffb1,2.8238133979519238,9.821063979979614,10.79594279571036
a6bc6537-ebb2-4b07-bed1-b2b2c47f1166,10.073665463000374,27.584036341537416,28.14615823670039
a6bdc260-03e5-4e03-a33e-b319564c2693,1.89226458823186,6.66478607514968,7.517062348037774
a6cacfc5-f4b2-47d9-8c03-a2b17bac6069,2.142478202984002,7.831997095028083,8.831997094940354
a6dbfc39-8648-4f21-b7a6-54ba60bf2a8d,1.9030007901519264,4.947649321451866,5.944982023581252
a6e1cc89-0d18-45c9-888d-c86b5240294b,5.034650586044585,16.00800304674089,16.71577855812158
a6e1f8e1-f08c-4d35-9a0d-a34020866421,3.069288164697604,4.719440357443387,5.412995580589408
a6ea990e-b5b0-46aa-bccf-a51c2d98dfeb,2.665627369364811,4.1105840120234935,4.695236520835515
a6fe7b4d-4801-426f-ab53-f2e05e5d5a56,2.163548871274434,5.176909486533443,5.5512765508616
a7082a6d-8d68-414f-803b-b4432820fdbf,1.9569826597996545,3.964547464224804,4.515702901346497
a70dffb8-6146-4742-bf5a-348f41eb44fa,1.9132442935205587,3.908854387595705,4.574500697008143
a72b416f-4d57-478c-ba42-333b4152f517,1.9130910675670612,5.089909262354621,5.911554239700101
a75ce5ba-4877-40bd-b451-60971a73e2b8,2.4123664933886557,8.039426746708644,8.571126391620092
a7771bc7-6869-4386-b453-c7b8bb4e7755,4.865696638328649,9.430374485345826,10.430374336565926
a77b5326-2185-4ec6-b591-2a7b2b79e165,2.240083639023978,7.256931052101998,8.186442402035436
a7824036-ca8a-4b6e-a435-d9a9c5581a89,3.747552513477741,6.24259513437437,7.231585987477517
a78bc6ab-dfc7-4fe8-8917-87e51c5d5d9e,2.746605424318793,4.467994660876935,5.458640749681322
a7915926-0f10-4e49-8dce-5c9c9d8943cd,1.8809496573256488,5.398726856875008,5.962611426683255
a79cb253-41a5-4170-a547-e38b3b7c7367,1.9909485545948815,3.848054522047637,4.73866935283527
a7b91107-57d5-42c2-bc5d-086537a8ec57,2.5556471673861463,7.945631777996253,8.938962603844994
a7bdb42d-8e6e-45d9-b1f5-2a47d7ae5b33,2.536378928197609,9.808129143478745,10.804399703546512
a7beb7d1-53df-438f-a1d7-313925f95024,1.842042686350452,4.408692592375423,5.1996683183802
a7ca3a90-59b0-4693-82ab-1edce981f410,3.1335432835423456,7.673868794526081,8.673868793876727
a7cb0d0e-e459-471d-a93d-4a78cb573796,2.095745182750843,5.94661959970681,6.932054520812232
a7d04e07-f2e7-4a00-9235-b27219ce7e89,2.8630469335076367,6.618928918935443,6.923163304441147
a7d0b9ce-759a-4931-881d-4af7dfc64b6f,2.047952459565963,5.690976175319684,6.620840075209817
a7db2c2b-7e22-4165-930c-ccacc9a92985,1.983337026636768,6.1581418030361,7.06296470659219
a7e7aea4-b529-453b-9f93-1a18ab2195fa,4.251010143950834,11.042640804875717,11.757883079619896
a7e9fa3a-03b0-418a-be60-ab34c0a43978,2.14121177767222,5.986620688029223,6.855646903107391
a7eb5575-cfcb-4350-87b7-193b3d75e257,1.9778071979019929,4.780971013107128,5.7121099275757
a7f3a680-3f0f-49d8-b892-ffe77f524c62,2.276840568913576,7.189209891889473,7.78192385490501
a7f63075-45dc-4387-99a0-631ececdf602,2.167601633931956,5.977121315605407,6.977119676332429
a7fa355b-33c0-4f14-b408-d6a4925266a7,3.508697829827262,11.482264577807529,12.47836051334176
a803ec09-851c-4f9c-a1c5-b3e7b0e538ce,1.804889495591676,3.894029887989498,4.449462408704309
a81625fa-5dbe-4df4-8ceb-0f5add59d72b,2.9549898872330185,7.016103686157103,7.911081723081711
a82d0da3-7512-4bfa-937d-7d79501a679f,1.8228974732585583,4.117854298495227,4.826027468843331
a8536806-618d-49d3-b41e-2f71f00c5312,2.026810854559196,6.25739725031668,7.257393322993876
a858efe8-73bc-4e22-9292-8c4276bf081a,3.2986282558152515,12.907978394411062,13.653304203295352
a861c8af-9215-4125-879d-9929131a0483,8.45098884331592,26.477292107977885,27.47729209217581
a8664858-6ae0-4d3a-bec8-3fe6daab5cc9,1.8337147669094909,7.157727592956889,7.921549102966919
a88ad11f-e52c-4d76-8df9-dc4a3e71634d,2.005192930908217,5.940728667997051,6.9406468376250645
a8b0ac6b-221b-4210-83c6-d75e5f9c6c4f,2.03336178300293,4.575669577735456,5.165894729807735
a8b7c602-fd4b-4126-b1dc-22cf18fef93d,2.5707163524323544,3.9119931964748313,4.517654104502776
a8c8ef9a-0175-4491-9272-1f3ba040f5e6,1.96559941889486,5.765572475972006,6.692139416399073
a8d8105d-4ec8-460e-a117-dd1a31a4cbd2,2.44274555036604,5.3025106934484665,6.197783886160009
a8e2a041-3112-4368-b04a-a00c3ac64569,1.9738758627385928,4.558771656460426,5.126150198265506
a8f2d216-0f15-4877-9aa9-44cf5825c932,3.633662696559976,8.512824145268617,9.1139715090111
a8fd1d41-fc24-47bc-8381-f0d3473ccbd8,3.061061629114688,7.071908128418653,7.859818084104595
a8fe66d9-3d14-46d2-9b8f-9c5e12b3f680,2.486885823653193,5.52686726427566,6.058224134805382
a9044c4a-fde8-460a-91e7-7e628f4bc0fe,2.185788178517689,6.908570998434509,7.900912035989531
a907b9a8-840a-423a-9140-902e13972d86,1.7862633195288051,4.626067293559888,5.626065774478349
a90ede97-f762-4623-8d2f-d21cdfcad4e4,2.4946030656241684,6.871446786357804,7.817795214747894
a911d01b-4bf7-46ea-aac6-d291a6ab4adb,3.235738787412858,8.992766669334813,9.748710121368571
a9211951-f7cc-45cb-abc9-be0f8faa4d44,1.8021363905620251,3.855431438726389,4.520459484741089
a93a465b-b459-4cc8-83d2-7e95e60162a7,3.5640556630193845,7.145929147022002,7.590527693888844
a94e74d7-1435-459d-b623-54ee398076ec,7.457285045768372,13.146755503100986,13.81867533480351
a95d9af4-c1cd-4a8b-a119-fe3a7d493301,2.614698346588112,5.923685662300151,6.393175448965083
a96b0245-e6c2-4bc1-9d16-3c11e9642389,2.477214601578914,3.8678082252503216,4.8678081691626005
a98a18fb-aa12-46a8-9664-b096b6277469,2.6569463071056085,4.556111364479605,4.852987438607554
a993b0ed-e593-480b-b54f-019f5e1dd7cd,3.785089004774197,10.20100657250796,11.022595173593889
a996dfb4-ecdb-4750-95b8-94f59883ed50,2.0628249844558098,4.534949301290055,5.514527371852775
a9a5d6e1-25da-4a54-86fb-62a65d3ad73e,2.8229988786523115,4.20440955935209,5.022001511165476
a9ae68fc-0e47-4db9-b27d-a32ecc1ce0f6,3.2169514399348023,9.086375744705927,10.08637567688526
a9b56659-04c6-4126-aa3d-4ba543fec879,4.2566021402572405,11.973927596955162,12.973927530367083
a9ba3124-fc2c-4777-a933-4d6c367cae3e,5.099865151937538,16.9574576392506,17.64632617108243
a9cf0581-9d07-452b-b319-fdd97b0211cc,3.661249933211,7.9699536357106195,8.897501871092599
a9d0d59f-187e-43d3-a168-ed8dab16eb2d,2.158328555535812,6.8142497301135965,7.501421198204301
a9da7f86-1a12-43c4-bdfc-a8a42fdd4f15,2.219323528408373,6.31852590452595,7.162601916534437
a9de1884-bdcb-4347-9374-826bbda6ebc8,1.902738495112588,5.353094311739722,6.2669005055965
a9ea9078-dbc7-46bd-ad25-176da559b66a,1.7372829189656245,4.162707690482658,4.804869368361576
a9ed5962-8d1d-4ae5-a87c-d45083507a90,1.880111982019912,3.802437381530626,4.643529175325539
a9ef0b4c-4bd2-44d3-a7e6-d563b56f22b8,1.93165238064464,6.572694128978338,7.011841751914655
aa3a8e62-332e-4215-b046-a1e52e8c08e1,1.8324525482132288,5.373528977626957,5.915722403482486
aa41e865-8fad-4162-8506-e450fbcd0dfe,3.201312597510828,8.608790170540304,9.539288947103437
aa53bd33-926f-4cf3-acef-d1f197bd4fe0,2.78209413385233,7.313120556571005,8.141957956541518
aa5a36db-2966-4041-bcdc-c1c308b7349c,2.702129068447119,5.206200600768474,6.146216149484496
aa6b358e-652a-45e5-9cc9-1950f8d9e666,2.1573256723919423,4.032462185079967,4.638250168145977
aa6d1642-0802-4e6c-b489-e53c554fab9e,1.777840867692579,6.819680640836235,7.795958016528331
aa832908-242c-466d-b6ab-50cd345af508,1.986476258914078,4.6918228091707,5.6910145672464205
aa883c15-79ef-45cc-b14b-70004c3e0428,1.811647802451032,3.78243158566211,4.608496432196785
aaa8a982-20e3-45a6-8120-f2f43b07e553,2.933783282550415,8.655554703955453,9.640927512377642
aac3aee1-4dc0-4b4b-8873-7ae5645f090d,3.262243174583685,6.7689143761082535,7.768905237305817
aac4d5dd-b65e-43bf-8102-0c5734e2127a,2.717369136741148,6.190145996703405,6.7655297167846165
aacb8c34-63c9-4980-874d-601bef1bc097,1.996057520899254,7.7545251725745565,8.739974928739352
aad14c7d-f745-4f25-8c60-b07a5e8e023c,1.8278320686471017,5.318941464732103,6.169052600536251
aadd073b-b950-4e5a-bf9a-e446d1fbf9dd,2.340746648316667,7.704359117105602,8.685736355311384
aaff089b-f165-4481-a465-a50c27fe09bb,2.3751047488153167,4.420674405633986,5.115794684336935
ab014e6d-7979-4dad-862d-79a4c3507121,3.4570328222512865,7.690718291157085,8.409120729620073
ab04a88d-84f6-4f0c-a29a-514602ab5082,6.392658558698797,12.894538349981488,13.196476230361624
ab0c61be-dda4-4804-a34a-e488da877265,2.298852462873901,4.336846041239132,5.335061438226605
ab0ef6cc-75eb-4612-a716-266523005610,6.786698796514362,17.709025682494364,18.57401140307412
ab1a49a1-a8fa-454c-894f-c35550735296,2.2834429446987863,6.270697951447358,6.932545110291028
ab1b5a0b-8ee4-44ec-a4f5-6f0e2987cc53,2.223744548459538,3.803065195686707,4.735124287186633
ab2f7e9a-452a-47aa-9854-18106a651359,6.888187188878555,17.801736854682815,18.166656172079914
ab3e83fe-048c-4f99-86d5-e15eaa85ccf8,2.4734369125364823,4.631447652187599,5.533203152665607
ab435c9b-d21c-42c0-85bf-abcc2571992f,2.281766974501997,6.846921814773833,7.7049885912169405
ab4be07e-e5ac-4e63-9277-fed2420c2d2e,1.9345875911352253,4.373990815071871,4.905367599726286
ab551412-66ea-43c5-85c0-3b375bd9dc3b,4.289701156997378,9.971469687798864,10.79989331192195
ab593daf-f473-435d-b6fe-ea9e2a02840b,1.9463146380148584,4.570186581332842,4.908572261570289
ab5e8203-08ed-48aa-b4d9-df157d3301e8,2.1867685629452254,4.202067696858901,4.902451973692344
ab781107-83f0-4b0a-9860-fd64ea08a3ce,1.952616049940625,5.276341568004523,6.109561895947085
ab78ccc1-8a56-422f-b541-c9b24cdcbb1d,2.021955781351468,4.541687367313818,5.470514922661042
ab78f0e7-fb33-44af-b6c3-2270230afc36,1.8810716230012936,4.677186548412118,5.108305359996166
ab7e7d25-5207-4cb8-8950-f335f95d9bff,3.690014425081921,10.223889810270697,11.199298038102503
ab8f2ad6-57fb-477a-85af-9de8fea3fa65,2.616935642365947,9.5743222798842,10.560382243669268
ab915e40-ca91-4ee6-bc22-00078ed3feda,1.9637923201437475,6.485946003979257,7.174104763179432
ab9ea301-722a-47fb-bb80-8d677c712a91,2.5833564777207485,8.27275264022654,8.900732078196572
aba2162e-ce03-41bc-af4e-8c1d49d73234,2.925505290629012,6.6169321653241,7.616931327239738
abbfd0f8-0874-4c3d-bec9-d1ccd38110ef,9.670518094028132,27.65457632926376,28.36320436639978
abd2eb1e-c9a9-4397-8afe-20e7c9e729ad,2.841269449465517,6.906018697369612,7.8930496558716925
abd598e9-90e0-4311-a915-75f7846d1cca,2.1209103116569827,4.374072421857872,5.181775250563147
abd853ec-868d-430f-b5ff-404f3f6db9f7,4.229845960496335,12.069310984710556,12.854436048580943
abec288e-4dcc-4db8-ae7e-6bed3672f063,1.7818425381994052,5.736841837573446,6.318486031260136
abf1811e-df19-4c91-a9da-12ecbfb1f002,1.786009456721832,5.230818377885427,6.224139802678059
ac03270c-2446-43fb-ae30-99b50960bf9e,3.586771887792437,12.710436474327754,13.17782005387068
ac1278d9-e928-44f6-9d5a-5515abf871eb,3.7391546157036695,10.615352719860883,11.424415841531657
ac1488cf-1d69-4aa5-ab1d-bbf6102c4489,3.6689213029624312,10.558460038427947,11.476071791316338
ac1d3699-8418-482b-b4cd-26d2c6673471,2.085187623008306,5.13606447297664,5.842617960723087
ac2beb8d-d201-48d7-971c-9e42e414dc41,1.982359261350415,8.261752977288594,8.818365388690008
ac2e0256-fb56-4a25-83e4-5c5719d105d1,2.515994925755252,5.601581412422156,6.588241867476811
ac3227ce-7096-4dea-a61b-c166ecd21b71,1.8105935957137216,5.4470477215331,6.447047718846561
ac3796d0-d1fa-4d6d-8812-5d14e0ab56ba,2.249695401268851,6.055450505184575,7.013781760998562
ac5a39cc-d53e-43c4-80f9-88f57a4ba288,2.696296865744547,4.5076135963973964,5.379797200201272
ac5aca1d-b010-4935-abab-ddb547f98b70,2.653579810377827,9.010850612369191,9.364964228579051
ac616fed-6842-4d8d-9407-d98c92330a9f,2.058135705254746,3.741007610933628,4.73632611288052
ac63627e-da3e-4847-8be6-d104485a55b1,2.889336391527205,7.745276585430426,8.686069993342741
ac6fa7fb-9e05-4a1e-bd2c-841f17d1f652,1.8901715872382807,5.214820044760671,5.829891550102513
ac7c7a9b-6206-46ec-bf51-eabd91c7822d,2.1226906653747606,4.92813449207665,5.811541880683689
ac8919b0-d9aa-4511-bf76-77689654d8f0,2.109652663904915,6.86093195981438,7.67477846706728
ac90fc49-0845-4441-9c22-29a2635943a5,1.988847661362766,4.826233057713564,5.322793787012834
ac92d6c5-8312-4e4e-8351-9bd8f6c7b6b0,1.9092688774301363,3.910320846774313,4.873795728940004
ac9b2b5e-3a88-4b24-ac48-a0f1f6101167,2.3402409848968198,5.285136619625131,5.840214691217748
ac9d8a7d-aabc-499c-a258-9ea4af9be237,2.7894217573067093,7.49875423761463,8.399213529079413
acaddf5f-3579-42cc-8261-a535f55ad3b7,2.5413765044791936,7.449680673473332,8.125473497232601
acc3e4c3-ef7e-4f54-971a-bd68df8f2552,2.889540506137138,9.081701062902535,9.893121793963616
accf3f12-4ef9-4591-a490-f471b1e18554,1.7548682511591345,5.498149243014538,6.407076946677467
ace36c89-c670-4cfc-a64a-160fc0f529c1,3.5179298073650256,11.263205472709071,12.207666386787658
acf2a9aa-c845-4f86-a4a0-91dd9223a628,3.962526885632165,14.98933063159254,15.396522318738176
acf610e7-6b60-4ec1-944b-435b6979fccf,1.933787536600046,6.357473094415775,7.187824356755282
ad03341d-47c9-4144-baa1-f414e3785026,2.135598416817823,4.897834460896871,5.62771500949185
ad10e277-d6fc-480e-9365-5fcc442db347,1.9990426910816352,4.11102949496866,5.095323064827489
ad113ee5-0708-4035-9581-77e6f29bafa2,2.05623147455586,4.412274978579412,5.367573705941367
ad2a7993-2a96-44fc-8fb9-584559d95b0c,2.1776990118593287,7.16901196354784,8.08779468154093
ad2ebd64-cdeb-4b8b-b868-441f91124674,3.234992344795928,4.435586448972326,4.917156086143684
ad3019c7-5aed-49db-908f-198773c1b472,1.793373538099917,4.197756484173849,5.15225796633078
ad30d362-5e43-4fda-8f96-f37b6f61ebc3,2.403034298602904,5.41289701744028,6.092950169012474
ad35468a-b09b-4b19-8561-3b362cdeab0c,1.944062482319056,7.529195320803455,8.512028173499834
ad58b768-9686-4a45-b2fa-af8436f283e4,3.440975424492609,9.84268908472687,10.774172899999591
ad5bf9de-f2f8-4da5-9ba3-29bd9e949b4d,2.197083853096509,5.078464673595009,6.077248438183242
ad5fc8a4-c413-4154-a2df-52281599f38b,1.7388029364841904,6.603574180745413,7.598847929555906
ad602529-103d-4a5d-a791-08380e1e243c,1.8208337691102907,3.7056198529171622,4.642368526167156
ad651a33-7ceb-4d73-8ebe-2736dd940ced,2.1836383636362564,7.4382711610917776,8.326923565328451
ad6dec28-5cd4-4755-9e61-6cc15fe5b255,3.074832907376872,8.134309666367937,8.867952474437622
ad740a5c-d83e-493d-89ec-4befbe2bc10d,2.160892418681752,7.873228036817913,8.7177105699057
ad741460-b8bf-4ace-863d-603f1b40408d,2.2945818832842777,5.543585009350261,6.4905926534874485
ad7e8b4c-b1a0-429b-9e9a-5403adf67ca4,3.421694798966037,11.63357181844471,12.506194323002756
ad8e99c6-6573-4caa-8df0-82a45ea9aac4,1.8156176175305072,3.9685280792103623,4.889836504203671
ad98a9a5-c307-4986-a7ec-58898a47f7b5,1.9098984340554517,4.825326669225767,5.5196014892978855
adaf3e12-e240-4d6f-a233-a87763d04754,1.8267533956163284,3.9200404516102014,4.852311072213196
adbbc64d-5ce3-46c8-908e-8c34c7debe03,2.4443958702178183,4.876829330889884,5.712640233906685
adbc3b03-731c-466b-9596-8c7841e78073,2.268053128864869,4.896621615981884,5.625072425594198
adcb4602-f886-4740-96f4-fdb817c1b58d,1.9336127540109416,7.739375027173789,8.663564782091795
add20b40-76de-423f-beca-54528712a73c,2.283512464256422,4.671938909284601,5.503752223308355
adda7a9a-a24b-46d7-9b07-15ab9c8deba9,2.1049773484337684,3.6462195637623673,4.43963431683294
ade221d7-06f5-48ee-be9a-9254ef6eada9,1.952440987359766,4.318691002004575,4.837229728035885
ade6cf56-12b1-4d0f-a1e6-5aac75acb99f,1.8585626046299968,6.942404052815196,7.818125502923975
aded772e-dafa-4f68-93b1-e4c2a7378140,2.3121313846512663,4.891596340108249,5.455532035696889
adf16317-65ef-4867-b433-3317720d985f,3.5391238524518243,8.772546857421977,9.487056822538404
adf185b5-8a5f-47b9-bf0b-28375841b381,2.191653441110867,4.658219519093782,5.448411292655062
adf375a2-35c0-483a-a2b0-94054948df85,2.1240771801044995,3.660873367704067,4.660873367626529
ae22ce41-a284-4cdf-bcac-a837f068e1ed,3.356748630472194,4.826476653770565,5.826276092660229
ae2946ba-a5b4-4714-ad3a-864533835471,2.117509468120516,4.420700858249989,5.412370716274757
ae2a6fd0-a1e3-422b-a18e-a130c5093d6d,2.105240782255202,7.713307287013957,8.683782836194585
ae2b3a81-c700-4222-9eb5-3b514412206b,1.8649370197956057,3.804635820208457,4.802998792822191
ae3946ec-893b-4e7c-a62e-f0fa9a4a3c52,1.7707711710640914,4.070924621259322,4.942043281484533
ae45a9e3-9bc1-484e-ae43-941878c6122c,1.957162653709742,4.852888006103862,5.781678530750769
ae4a5c9c-0929-4763-84fa-067a5cf848c6,2.0723154936723094,4.0824186300867344,4.761074746745994
ae4ba589-2f34-4878-a668-fcf37f57055b,2.1499874433167228,3.870385992498731,4.625768835393945
ae54d9bf-f678-4dbd-9c9c-59afd3a2609c,2.78408497661314,3.715310831447607,4.630042918664151
ae57efcf-9c88-4bf1-a5a8-096f0ef8a3d9,1.9338676244878072,4.422263363844033,5.05900421020008
ae60cff7-8f00-4709-bcac-d513cd037955,2.7974089206353336,6.8849926396403545,7.240852987855272
ae6bc6cd-ef70-4a42-9a4c-23c4daae1b3d,2.8957068237788604,11.172073837799244,12.17207382936426
ae706ffa-3a20-44fb-b9cf-a5b979515d90,2.439816407784141,6.62101422508491,7.499910785937625
ae7888ca-cb89-43c9-92ec-f5eab5734f08,1.8666406241543945,4.266169775170657,4.807384412700769
ae7d2e4c-57f5-4c61-85c7-95407c2969cf,3.742828431089023,5.285445041740809,5.851737345970162
aeaf89c5-b28d-4a01-9a55-7b83e06a8da1,1.8575320216719475,3.737738630526073,4.443181274378867
aeb1a7f3-fbc5-4398-939e-1f40d60cc798,2.259310848960284,4.011292705725385,4.526349744595556
aeb5e0ac-8457-43fd-84f9-d01372e73f91,2.038478002405684,4.274694783666458,5.20690939773573
aecb5caa-7acd-48e9-9639-c64f739bde00,2.0660419636463243,5.309590102178823,6.197312765964187
aee57702-68ee-4c34-87c6-e1f3b465504a,3.494176794615901,11.138144033540604,12.138144005750908
aee8eeef-8fd2-41c6-96b3-5d19dbb0ba41,2.4105349702865504,10.57198139140687,11.143410112787578
af190048-e9fe-4e5b-81b7-f8fa9865a68d,3.2430398191784886,10.341078375124235,11.304473893554304
af1ccc3b-4387-4792-98de-958b0d8ec35b,1.7976434828665688,8.252941766629029,9.214435680812697
af1f691c-3d49-4695-9c53-1750ce5bad46,3.577319954959408,8.813749409332118,9.80612634061384
af28a405-b51d-4d08-a105-41eda242bb03,1.9731115237001289,5.198848101139993,6.02031264882266
af319f6e-2788-4b46-b877-7862be5595d1,1.9428643498901408,7.261014265803489,8.194291368250676
af47196f-a049-46e4-85bb-1655f17a3172,2.380420904962941,6.73515747228014,7.436024996376256
af560dce-0d1b-4999-9dd5-d95beab6d260,2.822400767371505,7.836181276487071,8.726242673770638
af5e800b-ab43-4f43-8f69-960c436661b8,6.747272065457468,10.886582012450312,11.327552543525243
af81277d-8e13-430d-98ca-23c9a94fcefd,1.83630014522911,4.482684243587466,5.272776971253407
af98513e-d4ce-4a3a-aa77-2e40f6da4573,2.044182760704728,4.512168606532118,5.472806463734426
afaa84a8-2e94-43e3-8fc9-f1c594b9097e,3.055942885277431,4.135727975328269,5.034138359171847
afb0c5ab-4040-4828-a72d-b2c8ea59b22b,4.399134394401381,8.326243508387595,8.92937532038243
afb968ef-6c53-40a6-97a4-731935c120ae,2.0673092028327766,3.714057688272808,4.485186940902417
afd6c3ee-92df-4a41-b7a9-355931b7fd71,1.9262083916011037,4.526264016787236,5.476119910096364
afdccf15-b47e-4954-8eff-868bc9981944,4.964356594160583,7.58851582449939,8.435809435215589
afdd7dd9-b003-44d6-b57b-2c65db11a8b9,2.041852363371764,5.962182725250198,6.962176917722816
afe04491-7e59-4d21-ba4b-2de0117d9aa7,3.189360906383933,5.899435722439485,6.4643965917945465
afea0e07-6846-4854-8dc5-ae30591a97a4,3.6652520340208654,6.2018793566350015,6.868211420085627
afeda6b4-4fce-4d27-a492-a79bf345f3bc,2.368817118648712,7.466081951298994,7.919485490195418
affeaf57-39b5-4dd3-8fd3-0668db44c781,6.442453019749384,18.808085261487975,19.80007769607312
b001f9d1-cae0-4277-b060-6f26ad1a370b,4.14774088229843,8.720173276206362,9.63542302311407
b009a4c8-8bd5-4b17-9f61-966403aacb10,3.4529408895021545,6.8794216787426254,7.631798712834376
b00a05d8-ddf8-4e7c-a54a-913ca187a0ac,3.111992722159102,4.523351317534554,5.1250178356219305
b01c3f3a-1950-4351-8703-a5f2ce821e2f,1.850701988403668,5.654693145656554,6.654152777267365
b01f4cd6-1e76-4daa-aee9-a4f7eea2b68c,2.8029734403828064,5.611152351543218,6.267296083777382
b020f429-0854-4e98-979e-6e4f180a85b0,1.8727812403845645,5.454325198526052,6.386154523665423
b0263482-fd76-4479-9d32-26585d11e85d,4.515571695129389,14.516778991873927,15.496803971688436
b03fb781-067f-44f8-b889-6b1737639160,1.7298824057175983,3.8030259135816,4.794905361177793
b0531383-816d-4d64-a64f-8d70146189e6,2.485831295952309,7.594622932148387,8.488384731261068
b058293a-b99e-4ae0-ac02-14ff28ea82cb,2.3970407532284668,6.776916430817126,7.487458457122329
b0605757-7fb1-41dc-a72a-2b5207c662ab,1.9053539237632604,5.474168780662079,6.404404207082488
b07684a5-4247-42a2-aa6a-876f92418021,2.008354350849283,4.727365411911982,5.390815102444174
b07bae6b-8c6d-47e2-bd4d-c7fca8309be9,1.9771478905490936,5.257618981268708,6.257618782612253
b082bc16-16b1-4b0a-a9e3-1f2cbdfcb258,2.2994531908574034,6.127364756272912,7.0155196986262025
b0850146-791b-4eb1-bb97-4d38ad2b15b4,2.127480584417835,4.392689837306514,5.164586144558127
b0923dfe-92a3-46e4-9fa0-2a2f442800f3,1.935079873426241,5.241453417536113,5.912170592330384
b0a22e20-5b7b-4ccd-937a-1aa7e68051ec,2.541620985404159,9.406961358189392,10.06395017960533
b0a2a49f-ce7b-4fba-9674-ed1ef7bf921a,2.531499312568652,8.103213648439276,8.720502643278722
b0b067e3-cfe9-4d26-b92a-1a85dcd1bf83,2.0011499581566987,5.333013675728608,5.714647507333143
b0c0a87a-2063-41dc-8f74-3c691f846b4f,2.7273559633586406,5.773767498886242,6.128132631241228
b0c56614-ebeb-4bf3-b983-ad7d8b5adecf,1.7905325998200896,6.079741867485034,7.033677098706617
b0c66a71-b52e-4050-9394-41f4205d7bea,2.03033904537176,6.165529085625093,7.066518389544165
b0d8a805-dd92-4603-9cff-f42cf129777c,2.29372281689318,5.19962531310499,5.737160734189764
b0ea9992-3727-4ba7-87a0-2b20f57b00ce,1.7812950693292646,6.274474696285657,7.169980316033234
b0f285eb-c80a-4df2-b484-58ec8c73c813,2.491427212668425,9.188836967618617,10.047175870711168
b0fa2b27-114e-4814-a1b5-98445d13ca91,2.171301185640186,6.730439988103704,7.33814237237509
b1030c74-d187-4da2-afc2-4995196cc01b,2.178093885287049,4.617795100931982,5.323457051304291
b10b25c4-62a3-4fa8-8940-aa93ca950fac,2.427832005521632,6.37429296136286,7.177891528606458
b1265b32-e1c5-4234-b2e1-fc7d11afb0ae,1.9138831257956557,8.322935541540069,8.736105886303843
b12847a2-9702-4f1c-98fa-536dea2d9cf2,2.4997360472876284,9.267910424709882,9.769529351616686
b1483165-681c-41a2-9239-3439309c2546,3.4067138471399354,9.222393081415518,10.222336160433864
b148fc47-a07f-4ce9-9942-c1068394c237,3.940851583658976,10.976505296341088,11.566894667670285
b1543403-5c07-4b18-b08d-f17c45975098,2.2611884040393604,7.857732908710384,8.69389152946724
b1615d7d-faa4-42ae-8a8b-052768918e5e,2.5086840601603524,4.5916073542374685,5.589421468323693
b16abf3f-732b-44d0-88fa-0109ace64d1e,2.742305344435849,4.46250617485107,5.108421126713765
b17854e2-e7de-4d28-a13f-a804a954e1a5,4.924216788127506,12.512573535258882,13.247442368008944
b181b238-8e91-4071-958f-0cb1afce7fee,2.0186997123625234,5.727375381872128,6.700933712232704
b187542a-26e4-4e16-9d1b-01ac7bb3b92f,2.452139554204582,9.471987165997158,9.872739400637098
b1927f1e-0018-4896-b7a2-69c19757031b,2.530112082790594,3.854713569649858,4.495946736393066
b1a40ebc-ea50-4c7b-b9ba-0339509aea5d,1.7552420631893937,4.418491535525508,4.821847195475732
b1a47305-d278-47da-9d68-2555dc641359,8.77068082476808,22.0681563525137,22.46378673535157
b1b86f56-29f8-4f6c-b503-1ef0c102737a,3.0109204572787216,7.02623051575706,7.872153524839225
b1c2b5a9-2623-4f2b-a18d-6e5724e25195,2.527244325028724,6.254392728360947,7.065913035144925
b1d3aec9-e7fc-420b-af6a-641f7be0c383,2.135509838090834,6.054064104384969,6.799730950509927
b1e26d06-f842-4a2b-96a8-d48b8bfd7393,2.24909110739959,5.499109057478189,6.147341851223088
b1eaa151-e46e-40fb-b0e2-df9f084cf824,2.0663108037478626,5.907850450376496,6.776953083985366
b2243663-b605-4211-ad2b-5458096d6989,3.4628264820434738,8.83787937896314,9.694424328895163
b23b7034-8d7b-4299-b776-f3c50e9747eb,3.7246597048935337,5.545128763305548,6.456101377631556
b24fa2c7-8d2b-4b95-995b-a2fe0c22db1f,3.970245886968208,12.804513436970248,13.804373131801988
b26c576f-ea88-4a38-b673-d3b7470e6dfe,2.8115745801361727,8.073080172795123,8.816584582914647
b26dde0e-de89-4735-91e4-ed722b52b866,2.952970366525267,4.781030866291596,5.781030854213191
b271b336-09b8-402b-ba02-5bb76c21420e,4.475284770748768,11.71341444726229,12.60838947467288
b28d6261-6dac-4763-a0d3-2883176d361e,2.0723246218521854,5.888699979323992,6.817321064292504
b293cef1-6491-4f36-8131-28f83aa25dec,2.07387357485812,3.8731546332253735,4.586415772918237
b298e5a6-69f1-482c-a5e0-e0e6394f1418,1.8792808907528071,4.196331345668914,5.146665820929638
b2a7edfc-1422-4327-bc95-b1029dacaadc,2.5062148824284503,6.707944224202209,7.646617344115778
b2b16f37-3cca-4aed-9dc9-217bbc834ef5,6.215915093459072,18.64908726809819,19.515079931256608
b2d1ca66-1b93-4e45-860c-f742f4249dcb,2.317610907547227,8.104033971515166,8.730057087039237
b2e9a61a-c5d3-46a4-80c3-a96fb531af3e,3.3217163069247344,8.197177292392599,9.19660599990162
b2eb0349-c189-4bdb-9f31-575653e680fe,5.295791634440248,14.1508058403573,14.736368932341572
b2ec2777-f1fd-4d20-a3be-684752039bbf,3.0389604579436145,6.260339892655213,6.988218517401166
b2f1bfb3-0b7f-4c12-8f78-0c8f1e8f6ea8,2.433209004903783,4.4050659643051135,4.872791281690684
b2f60795-0443-4569-82ea-5ef11e864ac3,3.446013360169192,11.586403341145692,12.461153603605334
b2f9abf1-e056-4317-bda1-79222febb72c,3.755965406250796,10.292344483830515,11.099811708918024
b2fdde44-ef4a-4547-ad57-429b27bc51b9,5.6586949954931045,12.662910998294493,13.51832073860275
b30a9ba1-ac71-4af1-9b80-89e5714e7823,1.8422549651327165,3.9354316256965607,4.419087126718029
b312d067-1b12-4b8b-8e1e-be406e75ba04,2.016017176031189,4.836914695722968,5.372000968423141
b32a5d89-f873-4524-bc37-fdadf435b67f,6.0382959662343705,21.820782587584837,22.66598400831337
b345ed4c-f49a-491d-b6d1-240b4c8bcdbd,2.6548260222027933,7.384373980013643,8.384365220942565
b34e3633-6b29-4a0b-84d9-dd7709032a3f,3.2142734200128995,5.647094371483885,6.642232001813769
b35a563d-5730-412e-900d-7b5032305afe,3.3596198539986672,7.624272440937266,8.189329269292452
b35c2df0-e043-4d53-9a11-da3d1c875074,2.136932187941164,7.533918297994738,8.1338948744115
b363e20f-054e-49bc-b20b-a1ae83f5d0b0,2.955867140479761,6.69192022481098,7.597428733865451
b3693851-60d4-4f4c-bf75-a178e35670fe,2.278073818197621,5.823022433579479,6.797252323212307
b36a61b3-75bb-47f3-9062-29fb1a2ac00a,2.9634681695819207,9.881494371186584,10.815279975488393
b36ac2cb-d043-40eb-a480-87f9d2fd1499,4.875554519923841,13.180278343018442,13.792332855962949
b381d853-3ed4-425e-bfd2-0b2ea30ab906,2.473554861195612,8.006044374065771,8.594634925044492
b38ccb27-a31b-4400-9059-7edaabf77a2e,2.3203322915097737,7.858076546991922,8.858076545393498
b38cf91a-6f37-4652-8e81-ad513db2b306,3.931508624836957,11.335041602892773,12.074841599364314
b390bc05-cb43-4ec6-bdf7-274973de7f32,5.101512928098841,13.01476606076752,14.014307921758412
b3af868d-9649-4045-aeda-40fbfb6bbf7f,2.2891007338928104,3.795373470628439,4.766651942626392
b3b5dd23-085a-4370-a118-395cf773e95f,2.047307244293016,4.59869010578381,5.498356652637535
b3b95435-d294-4080-bbe9-25689f65d57b,1.7799986442132545,4.144771046663457,5.074383943663159
b3cd4ecb-3066-4912-968c-f5b241d42012,2.359487817130525,4.823569568916828,5.384482990392232
b3cedd3d-fb10-411c-aa06-bf453d36520d,2.109841863848548,3.781220853880231,4.691531691793291
b3d4a92e-c1cf-42e1-8e6f-dde82ed9db64,2.6387200656195544,6.218671022046996,7.186331404456706
b3e10bdf-bd2b-47d5-a39c-aa71bfcac03c,1.9428979420460484,8.53338209375769,9.48982965689509
b3ebd4a8-393c-4c73-9a7a-d3a840dc62b7,2.298710777903131,5.618297547002074,6.488653069394237
b400fedd-6ca3-4501-baae-49e25b3b3a7f,2.197729259444247,5.513741251465864,6.187553895115651
b4115823-63e3-4382-859e-65d4c84da589,2.873400403306116,11.5527264024616,12.552454332989017
b4292592-56a1-4925-9c96-e76f46525786,2.6236487100176538,5.1080568768126025,6.061051507442151
b42d9ead-ad99-4fb7-810f-0581f84a2b49,2.678409588778892,4.667523574842578,5.50729692245793
b4364a02-8cae-4ed1-a93e-5edbbe7353f1,2.0288015292506225,3.838696976836104,4.711144607061159
b43d8463-68f6-4e91-b43b-e59aad5e092a,1.7440531898072218,8.485820615034372,9.136495180794649
b43e05fd-de87-4894-aadd-855bfb1c7e56,3.13822111629137,10.409115520173664,11.361417510472672
b444b45f-e3d9-4a76-8067-813277b2d539,4.053058659320512,10.95966097478365,11.952731220554984
b4455314-8be2-41a0-b45d-0928d4ed5a5e,2.56461604161012,7.081726015353997,7.632899892578009
b44e194d-cf0d-4300-81bc-8dc354180f48,2.1044038105585083,5.572664076551059,6.481772462236311
b45284a7-425a-4a51-99eb-172691f5ccb5,2.4163670558161088,4.41026810918614,5.0922801575912615
b45b3d55-8ec4-47dc-bf70-831007d196a2,2.421914416328932,6.567220996639336,7.567220692928766
b45bd8dd-fd91-41e8-914f-1acefb562acb,2.783269888671586,5.449511197368251,6.449510993404003
b46cc8d5-2f53-4906-8595-1420d4b994d0,2.517418167142888,6.153441252154533,7.1534368867266735
b46e7153-be0b-4ae8-9c91-1701341b17ee,2.364429165099904,7.176477633363448,8.176477210471065
b472a1bc-faff-46f5-89a2-45b9ea4c9bac,2.6607258565831624,6.938612616033699,7.586150187557924
b47cd93e-c9b4-45e9-a0ef-6deca314ed5d,2.3956134817305736,4.397881455955664,5.315138098028133
b48f10da-50b3-4ae3-9dbd-01fc6303fd00,2.781943257588572,7.566499213835846,8.534769983671762
b4911f20-86f1-4003-b801-485be91cd835,3.81199495487696,7.928613882805028,8.280446190769236
b4973ef3-200e-4b01-8904-05ffb9cd1807,4.366308392829044,10.950266345343708,11.950201383678674
b4a120f3-c2fb-48bd-8e8a-ee62a955b7af,5.516306397428599,15.249477720189518,15.86023317434318
b4a75f47-7c22-48a4-8844-ba7db901da3a,2.2215806521126846,7.856528734551748,8.49167647516871
b4b0c2f6-d2dc-4220-a595-e3d82ac3891a,2.5687448402971125,6.34207938338593,6.943335893249066
b4b51512-92a1-4787-9731-43dd56370b6f,1.894236547622138,3.853868335635032,4.527002569209296
b4d09ef6-1a8f-4b15-8aa5-67599301398c,1.88626461083214,4.216732459595955,5.204419321458745
b4d6088d-169f-45f2-bec6-30fc9576d147,2.648408608303796,5.047299126866383,5.843661286976229
b4df26a5-347f-4d7f-9549-adef79466fdb,2.0083306076599508,4.768426113019796,5.623521293827421
b4e12507-1085-4913-b333-4ec2153e7ba5,2.8592070290786813,13.25103490028162,14.1804162082253
b4ee5080-0d1e-4f28-98ce-3c413646c1c3,2.754586601572723,5.5739377703189446,6.573912496781905
b52544bc-6ec6-4f61-ba58-ce1ebdb65192,5.248417317499679,10.42924110869488,10.812246350473528
b5286eaa-cf3f-4115-ba87-a4dbd8cacfd5,2.203092656057014,4.92050743444545,5.716396565608631
b534406f-c624-41d6-8280-0b5d9dfe039f,2.6489576302450226,8.115224206449524,8.621249145841087
b53e466b-5e4d-4d74-b080-f87ff44b637c,2.4100572352743925,5.978935250124115,6.91780171701205
b545dadf-37b3-4d9a-b2a8-f4adcd4cf06e,2.591582281509105,7.674980695031963,8.6749806857248
b5544849-213c-47c6-9dbb-43ab1b32e1f3,3.810176038449127,13.622365095694922,14.47141977458451
b5594a2d-d577-469d-9b3f-007dbc5a6497,2.6029804085127046,6.804040443491057,7.482609686543118
b55c2265-5648-4db0-8e4f-804d1f90ad04,2.670619392470352,6.933213839663261,7.820618992287216
b56b1814-7c83-4828-8b9b-a484fd902783,2.498547358323244,4.762991446451937,5.742892258181342
b58a612f-d3c9-4c89-b7c3-bc2c78199438,1.8972339282398007,5.44090136361839,6.011303397944274
b593ce70-0f84-4d53-9738-02a6dc3ed4a9,6.4124904741266,16.25444432594416,17.223019404532447
b59b0833-86ed-4885-a08a-61efcfdfc0d7,2.187866881833507,5.568248607778674,6.3733326348573485
b59b8803-251e-4f73-abdd-f91b86db9cf0,2.615949848438893,5.5989740193046575,6.598327502636888
b59ff5cd-3e3c-408d-b960-44fb1369b19e,2.3952085811309,3.814371062729283,4.814358573105464
b5bc02ee-c6bc-492a-8880-38abc30037b9,3.8999637505065294,11.994468804857618,12.796950546374427
b5c2a907-6dbf-406c-8cf3-d404a6bc59c9,3.887042188147832,12.905317620913518,13.81310923326486
b5d38f1d-df37-4ecb-a2e4-132584e20f5d,1.7726279146694386,8.846973767295506,9.626442628617347
b5e3978f-8c19-4477-bb5a-fc5e29f91de8,1.997101240292109,4.4115125576771455,5.108975666151542
b5e440b7-4975-4d06-b583-323fdd86ae7f,1.901230213343044,6.702138621507715,7.701800706368745
b5e531f6-360b-4ccc-8618-f0bdb5114e0c,2.089346019295277,4.543348804549272,5.503399727949798
b5e69a47-fbb5-47af-bced-39b5e2a0e325,3.011711815541642,8.435495485461127,9.435481025980245
b5f19e6e-751a-4bd9-801f-643295446e85,2.290587033647764,5.727250876755449,6.709592975350068
b603f51d-6d60-4051-b793-9815bbbd5f84,2.733139541468824,6.0947190520169485,6.689729448896941
b606088b-cf76-49e3-83dd-1f89aa9a3098,3.122519262611505,7.409799899480885,8.409799899391126
b612eb46-c24d-4971-9a20-cefccc8ade25,2.603998387612384,7.373654679709823,8.101096007210135
b6156dbd-c0ac-4360-a1ff-beb456ee38d4,1.96048292904318,4.105580908296483,4.807905146486006
b61a12e5-afdb-42de-b03c-9e6e6ea18886,6.276681666461035,13.939934334249177,14.93028502698312
b62a6e66-6962-4e6a-a49d-2dcd2c4da05e,1.8760513668309728,4.524195567382849,5.208560418075613
b62ba5b5-227e-42b7-afd8-56bd5c339f76,1.9218573382902255,4.971025148518748,5.963710276359411
b62ba8b3-75a1-4c59-bdb5-dda5cd73fdb3,1.8629255540534764,3.795409510347756,4.45895440979856
b62bfd26-eb3c-4c95-8a32-b2514e60a574,1.7446219212869596,5.727278338492163,6.719188617137382
b62f0671-af20-45c5-bb8c-4e9dd9e30ef1,2.307753255609561,5.308601139593699,5.944807882863871
b651d8ef-2c71-4c8e-8f57-314fdc67bbe6,3.754018063025692,9.97771585334648,10.977652121169228
b65c78bc-e8a7-43c5-899b-8a7f52b44a08,4.324040892391365,10.564611002615813,11.56317518383545
b66da5b5-c15c-4a8c-8188-56e3ac7c1166,1.925832522436407,9.184043695031304,9.782260990350755
b6700362-fdc7-446e-a40f-8314ec7c7615,3.994565920264287,9.435740191509415,10.435740166169037
b68c004c-03a9-4eb3-af6e-f72db67e93d6,11.101728600115797,28.735641964557164,29.663186281741503
b69512e5-e9d8-4842-bde7-fb5aafe7df83,1.790166446116735,3.7637303419360206,4.618541247958163
b6a39a05-3c70-4906-be54-85ca6793860c,2.1213492636550937,4.5132981637347385,5.488514787912383
b6a7b7ac-66d9-422e-851e-fedfa1f5b4c1,2.982703591949185,10.295135376656283,10.911141023600848
b6d40e7f-4b04-438a-9b6f-3dee0c64851a,1.953385220915905,5.055096356627868,5.945151954816645
b6d7b201-144e-41db-96be-2a2a7855280c,2.5966004955172672,8.874006472430233,9.496025669102638
b6f63837-f308-436d-a886-6ba75b294d98,3.95801508579874,8.255926326499772,8.735390257082884
b708c711-8827-4321-83c1-d01dda491a4d,2.891202840161104,10.194156822686224,11.11855027117388
b71172bc-e08c-4635-951b-0dab624205a6,4.427812674262335,11.898227682744366,12.898187656404426
b7121823-e2e8-42a1-b7ea-58a98f032c7c,2.2601406649792497,8.259022125073288,9.238583288699504
b71b31de-26ce-4d63-95f4-6d6b918fe8f9,2.5437801116692005,4.940828752815302,5.886213864379939
b72429e2-0f7e-43ad-bcdf-b12e372c4fde,1.944844863492467,3.973598230465516,4.866929866867002
b726a72c-686a-4f44-a697-3be5001673b9,1.7649557060878491,5.074521652540055,5.992246679497138
b7281695-b2fb-40c0-abb5-0f87bd470809,1.742409854483779,6.196275059225975,7.101217900634978
b72cd7b9-5223-477b-b617-17c13de5ba13,2.028873742503454,3.7382916253870193,4.554706647461342
b72dcd13-97b5-4bcc-a8ad-cc057e1150e5,2.6458350219251114,5.652188038040415,6.277897046155575
b7304f16-3a65-431e-a194-6c5429f41f88,2.443492836714924,3.978776190377802,4.5956854822781095
b736971f-60b3-445b-9ea2-f3e8cb275285,2.402714919421315,6.129897192839677,7.038066146453018
b73ac5e8-fdd3-4bc1-bd49-b2c6b20befbb,2.384273203224134,8.256845141010762,9.185537403734596
b741152d-0c72-4a90-a8ac-fe2bf868e725,6.603488492690056,24.57516706949085,25.485098948777285
b749c3c6-b84e-4770-be61-1a91c4b6e099,3.2439189140279656,6.628887722025772,7.2811274677792195
b74d3479-465e-4d74-8485-08b53705e50f,1.9040541686320356,5.132453658529359,5.674546786066966
b74e15d4-2231-4873-9c26-03b2c09f0862,2.397255808194273,6.321808410023351,7.166486592143981
b75e8a23-de26-480f-bc43-f494af286054,1.940629847606272,3.7915005004282687,4.481160668731695
b77696e4-75af-449f-a090-805207db07d2,2.490407215414308,6.160224764411236,7.07612032053545
b77a0d37-adfa-4a9d-b7ad-1932b2726798,1.8057455475493351,5.036693708148476,6.007657940696415
b795b977-821d-46a4-a6ca-1db2cf93b3dc,1.784076506299668,4.205137809278215,5.13999311525221
b7985604-258f-440b-bb72-2ea0c053369c,3.053268562175887,5.413234845557981,5.775980798886942
b79b9c0d-5519-42ee-aac2-455398b17b30,2.1982313207431243,6.209388531925286,6.917812857992526
b79d9c5d-c245-4d5e-94c7-ecb3da42c7c6,3.723364509890698,7.207686816076932,7.754352496619383
b7b0f80a-72c9-4574-8536-c4f4da35bdf1,1.752584836517648,8.290750914505294,9.048444977047776
b7c54f3d-a1d4-449d-afab-9f0b2f3f3ae6,3.692357028606172,6.98034375736174,7.980337982866327
b7c83054-3c21-4023-b6ca-b7a0af6b4708,4.35325239607921,13.92568368168929,14.752388896422945
b7dcc934-608f-46cd-9a09-147af21bb636,5.857244678023464,15.915848384910015,16.915767052039893
b7e24fda-9509-4322-ae16-534b8d31654f,5.021396635737095,18.59691709872944,19.417624943391704
b7e3b84a-1110-4157-928e-95b56c46ed7b,1.77014527818227,5.0608171113020735,5.549340023072072
b7e8b208-7d2e-42b5-a773-de10aaa15a51,2.8109979691360776,6.113758983185107,7.1128099021921285
b7ec34fb-958c-4500-aafc-749c23466669,3.359055913662694,6.140628252923623,7.095278107945565
b7fb99ff-0802-4671-adf2-ce7949723da3,1.8697628641163664,6.129710052526519,7.129708207987259
b801d539-1e71-4663-a65a-16c8a433a62d,1.7991845637208757,4.469904311329366,5.333252935242879
b8270417-7d64-428f-bb4c-8ec21823b8e9,2.115829404571747,4.2628158897910735,5.257973369757692
b827da7f-5fb4-4a79-977e-646c151df42d,2.1481925115646945,8.764901327534936,9.748209846021004
b8563230-8f2a-491a-893e-040f5d659ceb,1.866813470503295,6.967073532039668,7.63116589762745
b861e442-63b9-4036-abda-04e07c119279,2.8758301386342224,4.44822326983751,4.740155288215279
b869e9f6-724d-45b4-8d31-026b7c7c3aa3,2.354739653490522,5.679823858500512,6.576864246950365
b86aeba9-cc31-4a77-8f84-7db3fb39d96d,1.811686237520724,5.047571805017194,6.026833997674736
b86c1c4b-75d8-4c60-8595-7f1c265b4282,3.5243018542751683,7.302115863622436,8.197217965571287
b89992c4-5540-4fea-a75a-e59aa4485e42,3.230385023003176,7.326269437442526,7.896381583770131
b8afd805-c667-41de-bf92-3ec34ad259ea,2.4334416323903065,5.632712062395662,6.245011579080366
b8c7e183-0537-48f3-b5e7-c938c94e7f6f,2.0270532608614085,4.492151274748264,4.961315970829279
b8c98403-0498-4baf-a4e6-2d8f8b97dfd8,3.471517409410084,7.310603948904937,8.18263992848706
b8ce48dc-4332-468f-834e-052c1ccb99d3,1.7925917032977268,4.1584717690978,4.86252671855181
b8d2c061-782e-400e-a7bf-7163f1240f08,3.265035781087668,5.10748927783527,5.33955538340671
b8df245e-8d2e-4187-821a-49056797aa46,1.9890302506706727,6.416127821794125,7.311727814072825
b8e35408-5ed2-4009-be0c-d3a52933e147,2.783384936922781,4.705097977534729,5.375633033333562
b8ed79f9-7ace-4c52-be7f-bda6daa2aabc,1.739859019972651,6.075961039791224,7.075499152627665
b900e47f-5759-44ae-b8c4-7e2d92de8794,2.36414586116095,4.989357823560543,5.669225647978616
b9036b96-fd9b-46cf-a7df-1e1929b39e39,2.0959453574342466,4.983512094704375,5.889727958829118
b916a9f2-eddc-4b20-911d-f40136ae4695,5.16648829604913,14.512824586904332,14.902494393420207
b920036e-5e40-4f9d-9b14-795108e33561,3.699163046529308,6.354396554657331,6.757693242864762
b920c5bd-5f35-4dcb-a55f-f7a77d813eb6,1.8846353724198603,4.646911481769114,5.64680611870597
b92464b8-569c-4645-87f1-d158860e76d3,1.7823647961350089,7.817371412846854,8.65199961283649
b92ff15e-b944-43b1-9980-7d989cbf8590,2.6634579759865247,8.92944857703824,9.929448032259018
b9330336-9755-4bab-b11d-9e18b9f3692f,2.9258202157275317,4.60871427978813,5.608712570764708
b93cc3cd-18df-4169-a51d-2286f20fb0d5,3.578072793999604,7.839279925073038,8.711812689288397
b949a7cf-594a-4fa8-a837-68938bbab226,3.129079316515406,7.487538046389562,8.471132442441778
b94c2052-b693-437e-9533-c4d79e89596b,2.9216491896287216,8.879637076601764,9.638116798450987
b94fc09a-00e3-4ade-9302-c6a542b51556,2.0050106711752576,4.094838556666471,5.094838549693582
b9668e6e-322a-4572-b84c-113dc62cd11c,2.094759587039599,4.4780256599756445,5.1985381345476736
b96697cb-6fa2-4838-bd22-a1616edb0d53,1.7453446734352622,4.630404514224932,5.282380237764982
b96ad6d5-9cb3-406d-a6ea-675cc38ae1bc,2.1157764392971434,5.281001876018109,6.28100084300286
b98a962f-3272-407f-8965-7201d590bb67,2.8428883717461693,5.057614056199783,6.056610003996872
b999a005-1000-4d7c-89b7-f3e72fc6a56c,5.382230387241187,7.739585241237264,8.554368467628874
b99d2f9c-5bc5-46e3-ae07-1db677be6881,2.4902087048889205,7.713617873973005,8.671835505244001
b9b4f023-a20a-4ffa-9b81-5f5073d60d27,1.9664355310250967,4.25268943746686,5.252679389223665
b9b63738-731c-41e6-8427-a1823016f99f,2.1676798226639566,7.396593597800306,7.884295968161199
b9d5ef5d-122a-4834-9061-bcc3cb4b6ceb,3.2981895046092133,9.22830530296588,10.22830424888954
b9e488b5-c460-47b7-bb78-c71f1272f9dd,2.0341957646892728,3.6696364119935785,4.459501254182209
ba0bafd7-98af-4ea0-bea0-f5541e389e9d,3.7314642646229528,12.39110592238082,13.138636963878566
ba0ff0bc-2893-4386-a246-0e7fbcbf0bfa,2.3312003791936733,4.749005726764786,5.095931168312795
ba11768f-8693-4f76-8e79-d45600e3c7c8,3.620680662674826,6.485023935531948,7.46904939510396
ba147f04-86e4-40a0-b946-6f0fc417a4ec,2.19669611865435,4.830806796254985,5.668734848502064
ba16b449-f1cc-4a3d-85c2-fbfbdb326650,1.8199691361554944,4.474258891672777,5.474255248869074
ba1c85db-ad57-4b75-be5d-fe281909e817,3.0711022804007757,6.858119589201644,7.820728100057933
ba1f4107-6fef-459f-be94-4b3abd78d93a,2.564055330241052,9.461588350168167,10.18386888629452
ba20c773-2acd-447d-a690-0845dee7c5bb,2.6509316698874668,5.633132261606978,6.324283476089288
ba25aa8d-0cea-4973-923e-24010a84ddef,4.069147431754624,8.269522198446143,9.237589493454578
ba2e910f-c3e7-4d03-8d7c-348866cf5b19,3.2727123904919155,7.3359274645315855,7.755375845124584
ba2fb90f-f74d-440f-9028-13a140ed1f34,2.0466255209671718,4.224239174117416,5.035692005846229
ba348df7-666b-473d-9690-e78bd147eb77,3.39659359331088,10.04606574138426,11.012481589569411
ba445336-12e1-4131-9169-44180f98ebac,4.55483299726101,11.241072660153504,12.09567744703254
ba445c80-7ab8-491d-8921-6a69c3b88339,3.2920115855088747,6.638172352680449,7.402290586036009
ba461c3e-aaa1-4979-899a-16e91f196408,2.302270298083532,5.247442035928049,6.100842721253789
ba5bbbb8-01d5-44c1-9c09-34ce2b315193,2.149309506627588,7.730689860071627,8.58400985062401
ba6e6aeb-4b9c-4fca-b63c-a5a3928a062e,3.405725290940788,7.988043017608894,8.964539893440344
ba73ffb8-ff13-41e0-9c76-198ac1275425,2.5076697895079003,7.925536685373826,8.918834207336362
ba78e4ea-e860-4593-9fda-c480ca2826e7,1.867997489592584,7.024828313384958,7.570368945918968
ba825549-fe56-45c8-a8b0-86d0d702fea0,2.217002689809532,4.293347241353255,5.244372200007017
ba8aec2d-cfde-41aa-9068-0c901560b977,3.74536956491962,10.186398380578837,11.186351176155087
baa8f2a7-79e4-4135-afc7-79836d919e63,2.4087628459203003,4.669382654155385,5.570646691370148
baad8c76-14a3-4efc-b624-18f8bd34cc06,4.400332368559815,10.56713705334055,11.377174119213716
baadd18c-9b22-40d3-80a9-4b94eb9995e0,1.7587989254667211,6.264326005058811,7.262150386715523
baae0257-aaee-4525-af55-92d603f89373,5.824724022769388,18.60938350724602,19.34946733889003
babef8c1-c7a0-41da-8538-d6a87a10b773,4.256504191838354,10.192348222329043,11.104915438710968
bac7da17-f86e-4862-b1fa-7b88e71681cb,2.530728876986214,9.465273129125327,10.347830347934051
baf61aef-44e4-4bc7-aad2-dfa05b7ddb20,2.2912543357236785,6.6899885733271045,7.358858176735323
baf71793-1641-4967-9642-ecd489af1673,3.5503534937985184,6.023336140501719,6.986895049324296
bb05afc3-543a-4039-8d79-ffc9cce8f24a,2.099234887508425,5.70157719425058,6.464271418961414
bb18a039-ea13-4399-ba85-33d696df6dc4,2.026124082963464,4.5312103786159454,5.511260002829625
bb1dfd04-a8b6-4328-87ae-6df77c6c3081,1.8680039513910216,3.8950025691990495,4.509265741992652
bb1fba0a-99b5-40b7-8797-de584e063a91,2.6651084523266184,7.201515784096643,8.119996792997618
bb21a2bc-33cb-44d9-9202-b517b6cf3864,2.3570595322422085,10.890319724824463,11.325762704810396
bb22ff4e-2f82-4e4b-b71d-fd61a98c833c,3.853291015482723,4.545521098329625,5.479677639573966
bb24d79f-4d01-4e27-8d18-607f3607ab01,2.2688438470113783,4.032442168093812,4.564246822056269
bb2cc84a-b37d-44ef-abfa-279a1fbf0fc3,3.864546236091585,8.307166292374603,9.203640251549263
bb2dee37-e3df-4958-9033-428bdda05422,2.662274971735876,4.432238261196002,5.147399358696638
bb40110a-03b5-43ee-a0a7-7c647edaf8c2,2.356877035917303,4.413710520309241,5.28064177201785
bb4313cc-092e-4364-af55-a918c4788f23,3.155447698296824,6.442739653470718,7.257851211711381
bb4df646-0486-4e5b-8b8b-6ed45139e1a7,2.1009990802851317,5.481917562291732,6.455667550903571
bb54440f-f662-442a-9d3b-dfef18cbf22e,3.289430934503808,7.8349852284106865,8.834984054320874
bb7681ab-6630-4ce7-8d6d-7631aa0bf9b0,2.059833207577943,7.964147520570659,8.96413672202521
bb80068b-f811-4ff4-9078-b643b703105e,3.1077128710880486,7.905270849304383,8.809807318831183
bb90a974-887d-45dc-ad7c-56b1f2a6cf35,2.390290557759769,4.097736344952476,4.453347357830289
bb957466-5879-42fa-997e-9fa034d54948,5.110210160576207,10.343600874773164,11.343600846677775
bb9b85e2-17b7-4640-8757-30a864d4658c,4.917215648773631,13.629494167679368,14.278184993149846
bba2c2fa-4b0e-4d33-9f57-6d1b9fd93066,1.9866418922660531,7.296808884575002,7.905065567557557
bba3fb44-70bb-4b81-977d-51037ff09a58,1.8369070428258416,4.743745251788639,5.729920685730137
bba46e3c-4514-4a82-aa2a-14d36308ac64,1.9383783058221304,3.931327425253924,4.80033011203273
bbb6cd73-a148-4379-b786-586e545c04d8,2.5157615910501128,7.014060068864508,7.871915215875588
bbbad9fc-dbbd-4b04-a1ca-7248369db0a5,5.624918032553606,14.549920177631408,15.158276585175564
bbd86d7e-94e9-4bcf-94c8-63f6bdbfc379,3.1697233409462635,9.635876244502644,10.508819941668971
bbe384ae-465f-4c27-b354-f4e441ad728b,1.952590781058969,4.523904252561284,5.517052538401624
bbe8a9e7-470e-4304-9b66-7a58ad289770,3.5292548700062474,10.007274335153514,10.90410584266706
bc034431-c090-4ffa-92f1-e06ddf1e78bf,3.4458822593093847,14.364203135607168,15.173041533020692
bc04f415-86d0-4d46-a610-b318410b5004,2.2606929079718725,4.830683935810959,5.824822555016043
bc0783ff-bccc-4003-8340-f1d0e3e6ea7d,1.7877388017773668,4.1714625956326215,5.043488894741752
bc1a5b87-b1f9-4366-a231-8103d7acd179,4.640834367950417,12.010168038914513,12.808094491899409
bc20402e-f1ae-45be-bbfe-3d11a8c4e722,3.290679194056264,11.667889773888314,12.13776279832207
bc2056fb-ba9f-4e83-96b2-7f9d4e1a864d,2.142125655508736,6.613530115346536,7.472477957079834
bc21a758-cf1b-4d81-a904-5a38862666da,2.153583702959218,6.094033060559318,7.094032613832229
bc259343-482f-4cb5-88b2-217540ce1a27,2.089158441125019,4.047650527340538,4.9304173570554095
bc4f0cd3-fc84-420b-b4da-2b5147e375c9,1.7973606292476771,8.454183819535473,9.45418108660354
bc59e380-f69b-4189-928b-d6abba1fc994,2.0835401761974754,6.475113100950862,7.347858151594808
bc697d0b-31e1-4633-bd52-45fd6299f2ba,2.3838935278515385,4.7548542990839415,5.685399191945209
bc7d4428-c333-4830-9039-bd1cc2a7bb51,1.730173113990952,4.777013747748205,5.398718692168091
bc7e5415-eadc-4fe5-a264-d4c0ab0de43e,2.4053692793490407,5.022839504484213,5.585936261732914
bc8c124a-5027-4a0c-b894-eae03469482a,1.8593501747314465,6.167952881790157,7.082807514237318
bc952d63-12e0-496d-b0bf-c91b37dbbce7,2.485001623536042,4.426829588476621,5.319895901440428
bca64e35-a075-46c2-b739-1c9a807c9469,3.767919016579456,7.311757360957427,7.865682230061597
bcb9f358-fa04-4816-97fd-874a9518e79e,2.89537662933558,7.159600459936308,8.159600393642508
bcc1113c-d040-477d-9a0e-256977237300,2.2755805189064366,4.219800069277695,4.867348827127369
bcc36451-9b7e-45cb-b59c-7a2a382c167e,2.86714299303693,8.039508686423389,8.689744769966387
bcc90dd9-3dc8-490e-88a2-4cc4a58f49a7,2.553521224118709,3.6937998482266776,4.621056690546903
bcde4589-be0d-4051-815f-7ad47c36840e,2.8736680103104333,7.244158683181991,8.244157879333015
bd0d7caf-941a-44b0-b3bf-49b3a5cae62f,3.263282441063942,6.784149898574093,7.351580026370692
bd1680a4-3577-419f-8f33-840b81a8ab6d,1.9278313405243392,6.1211276785166175,7.121117524953953
bd1ff26d-21d1-401d-b259-777f7fe2299e,2.1873795071369626,4.435061448298715,5.006061823533896
bd38d6db-2d17-4586-92f1-0c82f5df9eb4,5.5106032481439655,17.594951521752844,18.19254268119357
bd3e201a-cd1c-4eff-9356-c95cbe0f7855,2.514685649074602,5.159489077014166,6.044626871010912
bd41737d-2a67-4401-96f4-284b11083690,3.6459161535497935,6.408597517314689,6.961228325482444
bd4645dd-b196-462e-aa53-73ad51a598b0,2.408395566969838,6.041724012394134,6.9874436602940415
bd46c99d-5c9e-4c57-be3d-0bab695dff9b,1.785500289822744,4.665243741864419,5.331506900924296
bd528c8d-b5a2-4fb8-a8ec-c6a0b4eeeec3,2.980058791592328,5.303576979601434,6.296477337504792
bd55fb07-618f-48cc-9aa4-7ca44ae8a9ef,2.3324689662696088,4.748478023616606,5.650845247080379
bd5b0db6-2b8f-4b72-a875-f1106cde687e,1.9016878954378929,3.807097428363607,4.560032840751422
bd5b6937-598b-4a05-a5a7-ac30590e93dc,2.015344721862157,8.210101874272963,9.152576746326485
bd71ed41-2baa-48f7-ad36-1a2016a700b8,7.7988865316057,10.80568447790804,11.805649408822124
bd8dc225-d0a8-452f-9ee4-83b293e273da,2.1800664970092223,4.4473923576298615,5.210799466077472
bda35494-45e2-45b8-a634-8aa2d7a0b885,2.0375967876086727,7.312094972261215,8.312091819743078
bdaa30ac-a608-4142-954e-e2cff471688b,3.0325272666435703,11.63604057149941,12.22192776877886
bdb4d56e-6ef4-4841-8dba-5901eec26339,2.764591001393114,8.102227254070929,9.102226737682138
bdb6ec1d-c6aa-4d6a-bdda-ce1015157022,2.337877491876356,5.751403235034695,6.677027023028616
bdcc23cc-a870-4dc8-ad0d-fd76ce0b8dc2,2.5651294896288195,8.092296364630412,8.933746739275003
bdd693d7-889a-401d-b94a-e92b101839b7,1.7588011816015516,5.955600605393501,6.792852628659034
bdf75e37-b6f5-4fb7-bdfd-deb7501dcfc4,2.49905168036115,3.8337980825513993,4.495044746843984
bdf777dd-a25c-4b51-b0d7-8e001af79c6e,2.0034601669984573,7.921006162038401,8.433960634434808
be32c458-7cec-47c2-84fa-4731ecf9a5a4,4.083002814444707,6.965738711477211,7.922604889662069
be3b8fb8-000a-42c1-a7df-cee402732400,1.7466393027117098,6.329420685031133,7.2422361803809725
be4ff132-a8ad-4db2-a69a-c5301939c623,4.376736426114104,6.041477327518232,6.70217280972869
be520c3c-e571-470a-92ae-e9de294c47aa,2.160677413400278,4.927124226452204,5.752451064767184
be60c969-58c5-4b1a-8640-5a2f10edf488,3.268432846763646,4.834541586211639,5.643072071152584
be794bee-5f5d-4b1c-b13c-342c2f884544,4.905168686538719,11.33978492254002,12.27624514486
be814f7a-46c4-4d40-b692-af4b67c3c7f4,3.5176396335141136,5.541712101459906,6.468678260136992
beb2d101-0ef5-4d16-a63c-16a3b61da8fc,2.3662187685183835,6.17837101238575,6.826509920018033
beb64127-bac1-44e2-adac-e0a64b3b7093,1.806624673029988,4.420000403567082,5.334333568373772
bebc5acc-dd92-4d4b-baea-2d45e3ee0f5c,1.808014463713638,7.720491741974673,8.58459237641458
bebc823c-8727-4de4-b531-cd612cfa578a,3.072378611360093,6.21460253696414,6.953542092297778
becb93d1-1fac-4047-9c06-69bf5a30c006,1.877407088771807,4.255254887205274,4.998391360789153
bed82f28-56eb-4a6b-8137-3b0510bde900,2.587611734100013,6.764446688001383,7.318782253273318
bee3ca9b-5f5f-497d-a1a4-d7ff3f020317,1.9934441788369384,4.835651154446319,5.520596953482299
bee7f171-8906-4a8f-8057-890c4def8e55,2.382307812470104,4.5589814989039,5.390328740806025
bee9302a-8eab-4936-ab53-f59af8c5ab9e,2.000586663195505,4.258730612939934,4.992118498308948
befd24e3-456a-4456-803b-309a8f044b38,2.0203675430140327,8.13190340413142,9.088434811813087
bf0d824b-15f6-4319-8d49-5fd62e62507e,1.734850214990342,6.74792321761123,7.399701618116111
bf0dbc68-10f0-4c0b-af84-bb9a77a007e9,2.264166716173731,4.36704455090487,5.327333147518093
bf1ad90a-1c59-4a31-ab5a-c08143dc0ae1,1.7985536208195767,5.077666747615084,5.789804457304474
bf1c38fc-a4cf-4a6a-9664-36daa16138ef,1.9969638447681908,6.2807746738268735,7.025047592818318
bf1cdf38-ae06-4d4f-a879-e79d04f75951,2.235057141108533,4.772819449403491,5.295179336132575
bf1fe402-f0ae-4e22-b784-a6a7afab9867,2.8692984057525304,5.931789095895738,6.828176375552896
bf297444-cd43-425a-8e29-fa1d175db58e,3.342161387610037,5.640168264145898,6.345303610394235
bf3c7240-e60f-4288-8a04-d1d0680e8e58,1.8063963802195384,3.8882898225443,4.74373125827253
bf3d8639-d493-4aaa-88b5-54176a9e677b,2.059315797147688,5.186328031954666,6.058090553190481
bf402761-b5a2-4029-93a1-10ac116995bc,2.328461738751713,4.450516017338667,5.005675552554234
bf7ec1e8-5b12-4bb1-9a71-593f21119e95,2.7473975821898047,5.126491094392028,5.445826296614176
bf978422-8d46-4052-9541-be6aa504051c,1.8984762576625944,5.392064257611622,6.3547096748063225
bf9b378f-1cdb-46c8-b809-c98d0e664959,3.637550729958922,6.98714188440537,7.977144530665576
bfa10230-f231-4486-a381-1e88b9285121,2.3763967471367557,6.95633499167797,7.876142550915866
bfaf835c-4cc1-4501-a891-84913512eaae,2.0216694310144607,6.532167208913635,7.092815708796092
bfb81432-c398-45ab-8fe6-9ceccc57bcac,2.602265677208121,5.030436819656299,5.7649325644421054
bfd06d6f-e212-40c7-a3f8-5920b721153a,4.31440053722758,12.121760333682143,12.549552973152252
bfd2a496-e19f-4683-b6f0-e1742d98bf39,2.3051634968023627,10.23758708853238,11.074702149107187
bfff0028-3cf0-4923-beb7-4d2342ba4956,2.511498497701735,6.603900866280644,7.556236663197476
c018f3af-1c90-4890-b36f-7391b79172a7,1.7404105619212982,4.553679500560831,5.299650887933572
c01d36cd-4fd1-4d48-a189-239f53334082,2.0909750446416484,4.224993624385994,4.826759546818958
c021721e-2f87-4fe5-8045-7ebd240f1d12,5.255013271400579,17.41041255642124,17.925485022566775
c0279eb5-c81c-4e93-860e-6fc3b719c81b,1.870938596374344,4.9349308610550136,5.751490287726238
c04a6c5b-ae1d-4a9f-8fd3-24c2663c2f9f,4.168143795209025,14.151551676614885,14.64535833471576
c053eba2-a9e9-44b2-8d07-2e2601bcaa52,1.9317786746757613,6.625311942635819,7.3016540746066365
c0544be2-2cd9-4655-ae81-8167537b705d,2.04557820167411,4.845834073845782,5.765257593236987
c058fe95-b57a-4965-b27c-1c09c6dd281d,2.192758111290161,6.7859135649509055,7.785911655636375
c05adbb8-5445-4abe-95d9-9206e282eb44,2.70862268032614,5.669551189669124,6.143045973621775
c06c4bb3-5fc6-4771-9e85-7cf9b414a659,5.327454546454856,11.207912560949506,12.130432224500913
c06dda84-a2ce-4809-85f9-c8c070f14c57,9.628477570918928,29.275808559754687,29.595226989093128
c08305ba-5b59-471b-b94f-473711b91abc,2.1482574250824675,5.556946462172721,5.907125118546011
c08ef37a-de7f-4b9d-8090-0a64251cfd07,2.6562783262988794,5.568150260986248,6.329334617371686
c093873e-452d-42aa-b587-14d44efa8f65,1.836279275534208,3.890407209787852,4.890273917181928
c09e05bb-3a2a-4f4d-89fc-12b55b2219d8,6.62771529375534,17.270676898190334,18.0935983454395
c0a465ce-4eae-47a1-9d0a-8a3ef09cef37,2.195689488664193,3.9805725111260335,4.912301865640934
c0ab1771-51c0-4bb0-adf7-c1034ccf18b2,1.8127521793780796,9.453653807250744,9.752867798093751
c0bedd6e-9eb9-4d2a-9b84-68f4b47a0e81,3.588200794786982,10.737980859517156,11.62193623540047
c0c58ad8-ed95-4616-9c81-1c0bcce8cc39,2.433305383674629,4.299316051407411,5.29825486846703
c0ce33d4-bd76-4c2b-a35c-fc7a9bc2e7b8,2.497419998712082,3.937416623340567,4.658529874294908
c0e7f137-71e1-4d42-b34d-e390dfe70e23,2.651927675538723,4.371731381831705,5.371731351874782
c0ebc763-547f-435f-8b5a-7c156425b823,3.48839592727581,7.154690728799136,8.088388519390138
c0f6e387-dce7-4d5e-8550-6de77f7b3e71,3.132354101486887,8.29656250894153,9.20663002118398
c1016890-5854-409f-a49e-4f82f73d4e7b,2.2140588122027207,4.304122712220197,5.304117020032661
c132423f-b392-4ebb-a946-7fa11c05c8f4,4.9092927971838,12.705454532461214,13.411867871728631
c13590e6-c56e-4ad3-b3bb-869e580609a5,2.2265020090233176,3.728608521024469,4.7286050282525
c138772d-1916-45c0-bbcb-a229ef85adab,2.8286106211401814,9.2075530486689,10.173643447509969
c1465e94-004e-4a3e-999e-0ba1e2633e8a,2.2102224076585126,6.940413033955285,7.707374065086073
c1582ca5-de3d-4021-bfcd-d695d2851345,1.8193470281922688,4.227333295980197,5.113537902286725
c1639985-2eb8-4be8-86be-30ebcaf596de,2.4099099809277407,5.86662283851209,6.740103091057829
c163d375-fa9e-4fa3-adb3-00afe7c48442,3.706198332672529,7.781776793827276,8.377495561903588
c1673bc6-f08f-418c-941c-00fa6fdfb7c6,2.336159626127942,4.941366494505451,5.80501364299619
c16c429f-ba4b-48a8-bfcf-8be72f5b16e3,4.9898257489321605,15.861035377525033,16.403326587614302
c170a438-4138-4b40-aa5c-ec0ef271f670,3.4092051186707355,6.40195350303615,7.165507508244944
c17f017c-2f70-4ec6-87cc-284a0222af63,2.0342388035084085,5.149366223425471,6.022440088455109
c18075c9-d69e-4010-a61b-6469b76d564a,4.732356357040939,9.872762839403164,10.311538955728906
c1983277-9fd0-4d85-bd35-3b8de9a1b853,2.349891807824797,4.272137253388068,4.917636994670154
c1ad3f29-e02a-4a33-a732-f41803c05158,4.565915155698984,14.66928382120942,15.432435851793963
c1ada6eb-cd94-4390-88f1-7df5041b9d8a,1.9156631468510408,4.355326510676435,5.191945905738735
c1afdf7f-0c2f-4128-973a-df2a0839bcd1,2.326325440297345,3.713008036700257,4.709567215043622
c1b65cd7-81cb-4371-83f5-5751a1dfe8e1,1.978377185669224,4.304203129134004,5.050076635290308
c1bf6249-5a69-4657-b2a1-ec0223dddd17,2.048303561964988,5.965739048846848,6.965738907375616
c1c01804-181e-4d70-9f66-abbb688f5e24,5.779910140479367,14.59181397446935,15.394605965808736
c1c2a436-c08f-48cc-aae3-16837446ff3c,1.97255807760062,5.657746509996043,6.423581144148217
c1cb5e6b-5a1e-4abc-a934-6c96113f5f60,1.740021214027869,4.515087264790812,5.177754902138258
c1d3e22d-08aa-4fe7-af2a-2dafac23480f,2.154476160964628,4.724776248677356,5.699964054247361
c1d80d6f-2b84-4795-ad20-1d40185c44c6,2.2284335909310453,6.894860179164714,7.861602622673268
c1dd05ba-7662-4efe-a2c9-209d68fbee73,2.1580089802026508,5.843172595542127,6.84317259295179
c1f84239-0bca-409c-b344-e0e540a71f5e,3.061044090085111,6.126040562605211,7.016439689170875
c20c8910-ceba-4ff8-98b2-7f01ba81ec7d,2.183512739037344,4.30051484718135,5.266103990443077
c211b4d7-a383-4dd5-9949-10bfcebba919,5.650772365967103,18.710749739205458,19.550846067008187
c218303b-23de-4bc9-a8a8-2f9fe1124fc8,2.4128243175272006,5.139096734566113,5.844994829470371
c21be8d4-e3c0-436d-adea-cba6b3034959,4.184521729904978,8.745858935103685,9.59483700508454
c21e9129-958a-4466-99e5-44056f6fa271,3.584660931718451,5.159587004022913,5.92180550117529
c22f24ad-2e3a-428a-8b92-407bd1b6c11b,2.244975063161814,4.022725583311778,5.022676603787774
c233b6d3-bfd6-4150-8b8b-2d7c3d1150b5,2.520855259029808,4.5235345865997525,4.95814867436226
c2376a2d-1990-4496-8a19-e9380cba4897,1.959943453733127,5.365113801358501,6.365113777503948
c241a247-b762-4133-b1d2-9e7a945d4568,1.8710785054529169,6.465531433520824,7.387422393627284
c24bc4cf-9e42-4c5a-8368-4bb3c0b65952,2.101017461983603,4.54998526490301,4.95106935210739
c24c7040-1db2-449f-8ec8-3ca9492bcf7f,4.341362683729889,14.923837100840815,15.786988619758873
c251ebe3-e44b-451c-9f75-401c1f02554a,2.1080862467476966,3.786695619776918,4.759251966781258
c26a6984-fe42-41e2-a280-e1f9829c87c2,1.8958422529280776,6.423556330059808,7.350940015409055
c26cd822-5ea7-4929-95d5-0bd0644f5dbe,2.8046569267690797,5.581882957152156,6.490345200606367
c26e8734-5333-49d2-8b44-ed1aa59dda87,1.925982652594249,5.3489482885707815,6.22852881950262
c26ee3ac-26d6-4bfe-9bf9-2aba3007d430,2.4783498942817626,6.630013947307123,7.370482033564717
c27a4c4c-1c80-464b-8788-3e13ab3f1791,2.499638735308992,8.065541880160273,8.93164033120464
c295d7f0-934b-4563-958f-a84f95eb9f17,1.835458683944556,5.460312556247698,6.407197090527094
c29dd816-290a-41d4-87b2-9323d5d89dd9,2.943414215118264,3.745200163548801,4.625685030816373
c2a2c2c6-7824-4551-a32e-c447315ed849,1.9676046202109128,4.129101323000621,4.969773871822447
c2a3924a-1b80-406a-b80f-684b59b8cea6,5.091280866160599,11.958064249825,12.56637036362341
c2a780b3-191b-4b11-a206-3d65029e64b9,3.4742070593531094,6.798016749391046,7.155489412746286
c2b02592-5b38-4160-a4fb-61f42240c927,3.128709706162849,5.576731529650132,6.069378568206661
c2b5a811-0510-4c1d-9874-99d86074a071,3.12301392097812,8.146251567516114,8.83125492317789
c2b9c5df-885c-4033-9fa3-27c5e495b0d3,2.4192736260669734,7.88544380106064,8.797532223932015
c2c4bc30-905d-4e1e-a065-ed27cc9f4996,4.489188397853767,15.522596507029537,16.254272144529473
c2c52099-41db-4aba-bd0c-1464f02320e2,2.662229129791059,4.097670457643562,4.897081097829555
c2d3bd48-38d9-4347-8476-bfef0290e0aa,2.932252131503453,8.133763263476878,8.705041077324934
c2e3140e-d9eb-4bb6-b75e-188b65e045ac,3.831860890278322,9.866601858366709,10.866562029026158
c2eae19e-2763-4439-bab8-2632172fa89e,3.4951254989731035,5.808122835531015,6.611532424219746
c2ec5ce4-564d-4c33-9124-e1716515ab47,2.274417370296903,4.405074201598576,5.169792663298938
c2ed4a96-be5f-4a6f-b430-985144255847,2.2246605445660084,5.847872550221704,6.811360103237865
c2fa4fbb-6cce-4383-a4a2-65290055b901,3.166014206571211,10.571550662180664,11.571544403422024
c307f932-fe08-4656-b08e-2359ff9d8f18,3.970548084198773,7.551019172063876,8.453791343834222
c3084e14-7374-4836-a24c-47fb5cbedbc5,2.5511349218871118,7.780676128558472,8.726305109468315
c3136b80-7a46-4477-86b3-68c976253610,2.4099997047098984,5.520677459439072,6.424212174130444
c32058b9-f444-468e-af49-f3b887a2256a,1.962016580813002,7.719227652849152,8.52004706414515
c3251866-7abe-4e46-a588-9f5b8961742a,2.110270712912521,4.011199278046079,4.761992710838568
c3267f68-fec0-4bc3-964d-16b0f522abd8,1.729043942439103,4.631173570384144,5.540006153993499
c34073e9-728a-41a5-a0ce-ac3395262c18,1.946027340210512,4.662332565960737,5.153818301708297
c342e07d-9d24-450e-864c-23b12b2d2707,2.2290139081813147,7.779646812912761,8.210395261253497
c34daa9b-0bb7-4000-a5b6-a39c5353a559,3.986807339997007,10.183649644303818,10.865741140895286
c350daff-0475-4f93-9ab4-12d8419890ea,3.203383581727381,6.362430991769585,7.220340977592704
c35d5a9b-0dbe-46c9-97b4-4d6a72a25458,1.909309416222932,5.154220690689391,6.132090020239433
c36d7e76-3039-4b74-b657-7c1c77420c0b,2.2192579407112807,8.08649604814179,8.72097892087498
c371596a-918c-46fa-a4f2-16c7621ce580,1.9506856383435884,4.223856169515109,5.047796515095716
c372eba4-9c1e-4720-84fe-69780e71343d,1.8185725712570615,4.3009010566790575,5.147032303039668
c378d732-3b29-40d7-b2de-86c83c4fe3cc,1.9769278371646288,4.183871652884964,4.730926185327337
c37ae272-632a-44ce-aa3d-77bcc32399b3,4.318341185700958,20.291543618228925,21.14922130689943
c37c2258-9b55-420b-b44d-219d67e07ac7,3.2131992821924777,4.311973377581671,5.171717696337732
c37e0c0a-5161-41ac-b60d-34e879f9ceae,1.9819257620695925,7.5210934821793,8.444150213810227
c382455c-2a8d-4cb3-bb3c-1ad2419ef10e,3.9252939539549176,10.451278721188308,11.45127869206594
c38bed6b-109e-4fd8-8f04-1f7c2a199ab3,2.4075793805197554,5.965331372890588,6.609809627780004
c38cd9ae-6d53-446a-97f2-ddda3633a76b,2.6226054988047767,10.687508987392372,11.662354871816811
c394bb73-7cd8-423c-b48f-fb9c8ecb4208,2.852978121406274,4.699412575963877,5.540739513332968
c3957c9e-7cca-43e3-bb62-334b68489b2f,2.638694799336574,6.253056020233518,7.202070930240542
c39fc455-c651-48ea-aecd-8b591d392fed,1.794455502779118,4.747146596830725,5.298437576440217
c3b2eb2b-df11-4e52-8cd9-c8f893288efd,2.687451782358531,6.606683061427443,7.2438244355525105
c3b62398-4606-4bee-868c-da9d43ebdb8c,2.3461284767878494,4.261375232098448,4.690326726310017
c3c827ac-da48-487d-8d4b-d0d30a295b29,4.14842582598571,9.190580596543672,10.114418358591978
c3dfd81d-9d5e-410d-94ff-bbd7e401ad9c,2.2927505975020117,4.012676623013904,4.887109569067722
c4018013-3514-4a22-a730-4d971f401610,2.4850741651467194,3.947915671523439,4.798094560228382
c4196ea3-fb09-47c9-a634-9629cd2bccd5,2.0692843192545505,4.871792171190943,5.6969936103101535
c42cbff3-18bc-4741-8bf2-621d5b4391d3,2.0154835499443244,5.457869266061398,6.413187020443354
c438e6e7-9621-4229-97ab-4873fad89baa,4.633508440839037,8.73881899169251,9.03734231695963
c43bbf69-804b-4c26-94c6-076804b7ee05,3.4092767540560374,6.219520451648722,7.128553700654169
c43bfb63-fc91-4f9a-8de0-c6458afd7044,3.4199478143931072,11.460360868345004,12.44353870880833
c43c2ca8-d4da-4b25-8114-4be0048b3401,3.0147173195075774,9.14282558390369,9.94657380141725
c43f2da6-4ab4-4d7f-a12e-7aba8cc910dc,4.2887729004573005,12.626642490735128,12.99936857738587
c44a9d01-300e-4292-93f6-653f7ec6d9d0,1.84653856505764,5.136855742019293,6.134460539895319
c4538f86-2110-4b16-b5df-96aa29c0747b,2.111849642835805,4.507677135777033,4.8139289987861975
c460229f-cd47-4fd0-94c9-695a78a2e29d,3.874203997193903,13.562302509335009,14.359056254572748
c4616e35-1238-4d41-8d09-ee30018253b6,3.8999637505065294,11.994468804857618,12.796950546374427
c46579d9-1a09-44e7-994d-82e8b9cf9a94,5.123851795518158,12.11456400602422,12.424522545672172
c466c3cb-ef50-4c33-beb5-6c7280f20040,1.9024860454544463,4.435581743109356,5.165475082703075
c46978ad-0f48-4822-81d0-4af9ecf34065,3.691326954919108,6.751102776220485,7.407260054004963
c489c974-2bd6-446c-a296-89af1f6508f3,7.520660860916591,20.241995690232493,20.8340196722003
c48d99e6-3f39-4daf-980e-e56aa86df39d,1.839790234735396,4.912667670184928,5.908502967044427
c4954b92-b2de-4caf-89ef-7c25e301e7ef,2.153981511496973,4.153219378720066,5.127478972068871
c499d330-d204-4e40-a6ad-cd81667ea387,2.768917506314004,5.811332693090701,6.682733305078394
c4ce5d08-cabf-4ac9-b2a2-6ad358745c42,2.9004569973618444,8.366097394469143,9.219931031112075
c4cfae55-8e82-4216-a628-6fe6fca881f8,2.435814191539788,6.158348382792765,7.156456511669688
c4d451bd-ff13-49da-b1e5-94a57677e737,2.375198422741407,10.29650666427005,11.296342913523398
c4d661db-2ab9-4899-8cc9-f780478d8711,2.0660484783144137,3.7092446258083593,4.424238761400149
c4dbbbff-644d-487e-8cb1-c4cd9d49380c,3.6063456948684784,8.568659320729045,9.544360437420789
c4dbc225-1b03-4318-a0e2-a319515ba5a4,2.508551052409548,4.772435730737302,5.772435691527713
c4e151ce-1fb0-4fea-b34e-fc48f106c4b5,1.826822227069422,3.750695296418033,4.750695135570277
c4ee99df-4716-470b-be71-fc1ba01965b6,2.78976812437818,6.666384762666166,7.367879898447077
c4f98581-ea89-4268-8edd-bbf68d779444,2.7758514057985395,4.064070551290725,4.879075789594578
c4fd16d5-4b15-49ea-9efc-51c2edc6c268,2.8724876305485414,5.507940197423864,6.159541393160481
c50890ed-f30f-44e7-950a-1ed5f6cbef3c,2.68811718327456,8.090484300752005,9.089154408818048
c5253f39-07e0-4358-9895-40c69260d7d2,1.9205576254790464,5.216756754253039,5.789606863981327
c54657eb-67c1-47b0-9235-6c971ac18cfa,2.6488256571600943,6.3198262996442764,6.986456170472462
c54aae10-6fb4-44ac-a7a7-269cead1d5af,1.7697846075424384,4.7892264006963305,5.789219676596302
c54db121-07ee-4a2d-8704-e6cba49762b5,5.171948926986654,13.867628958355148,14.77191315836365
c5625574-4eaa-4267-9d72-23edeccaf598,6.017641687657471,18.010520615854574,18.546910722338414
c57e7eae-b125-41de-90d1-b7b9b82af31b,2.16840821024086,3.9531302612044086,4.879332249773634
c58cf71a-bd69-4739-8bbb-88144da9720e,4.917215648773631,13.629494167679368,14.278184993149846
c58f9aec-0c38-42a8-a1fb-30980e9e0e43,2.653742458419428,5.826984595984267,6.826977384634451
c59400fa-f624-490c-b70f-3417ad90e636,4.82307372325011,17.751593517254282,18.44072146996589
c5966f4f-0e86-4211-bcae-ea8913469bcd,2.9810608705421164,6.544979823791232,7.234089626397994
c59ab48e-d2db-42f6-84d3-c6f729775813,3.148292154675065,5.277967890425884,5.825134460313822
c5a76d43-e7b4-48dd-9d7b-7f2e3cfe17e5,1.918827975019316,5.008985681555356,5.958482395811504
c5a9620f-44fa-493a-b15c-0e6069452c3a,1.8855164062902927,4.884683795155495,5.430238410441402
c5b972e6-68f9-4b7a-8daa-a61eaa48e6db,2.289680043116813,6.475033897374374,7.364010018746231
c5c2a7e7-c9c8-4fcd-ba4d-4254973e95bc,3.604114301466364,9.790923990569356,10.620449371657989
c5cb1760-8e8a-45d0-8c88-f422d8ba9fb8,3.04529999661473,11.926507516017768,12.27739273608394
c5d3527d-b776-4b9e-8582-e185e4ce96f2,2.1717402946830133,6.421922454940358,7.420847986435808
c5e82bed-51e6-4a83-b188-9ff57b115441,5.892250892985414,15.116032475446977,15.958773723692602
c60924fa-8b16-4ae8-a8b6-e46512f38371,2.109760127914565,5.067256646122467,5.933806268066379
c615bbcf-f106-40a2-a005-51c52efb169d,2.8641144031222376,4.571304202317701,5.527347196766941
c621e326-d09e-4acc-93a4-0c12f6c5206f,3.9023771283875113,11.965491391296506,12.949709441430572
c62ae92b-cb4b-4e6b-bb7b-8de27d2f3c6e,2.414554656868505,4.574769090248494,5.270669343712001
c63ac864-edcc-4ab8-8f32-eff892d468c3,5.1248691920728,18.26983025122016,19.263345995646148
c63bd375-1d91-48e1-9f2b-224fb3c4ed67,2.060357286365679,4.321929833570695,5.288405600617451
c642d33a-973e-43fd-a0de-9d89fab9ebf8,4.774324665186439,13.365783690736611,14.342039721869671
c6496482-fc41-4ae1-8aef-5ac0d333fcab,1.8756917631290144,4.107442010059489,5.015435713341432
c653a112-9e80-4182-85d7-231bca2c4774,2.974841378356646,5.141998087092497,5.691825688204256
c653b50a-11ec-4cb7-8489-49b571117582,3.875346035913898,8.296218976346784,9.15347994735118
c67916ce-7a0a-48ef-b342-1d5097d617ad,2.4709663492241587,6.37661914665711,7.009221874761759
c68b86a3-16ee-46a9-ba5b-c888cdd5ae94,1.9189260650581876,5.859212482205139,6.816981809549277
c695a456-d9fb-4113-a3e7-0cfbdd3eb8c8,4.181470598161223,8.740238272345781,9.73755222454048
c69f475d-3388-4ebb-8db4-4500e4e5c7e5,2.2105563893969435,4.443364211889345,4.9880660330258415
c6a16b4e-d453-40ae-9bca-9c85f840ea3d,1.856565663251151,4.776418578480729,5.617624102896917
c6fdac59-5f4c-43c7-8278-cd7c45121e57,2.633690662460836,5.44152902180124,6.441085192200255
c71159c4-22fc-4f87-85c8-ec098415e597,3.289616558165341,8.513965777896592,9.329189799859837
c71acf7a-2483-428f-a10d-fc8eb3ffd339,2.676692406345466,7.665744811569225,8.235156818583043
c72844e3-b91c-45ba-aa25-260abf007d17,2.5679900136138616,5.677338155183822,6.070261404577167
c72f2089-b631-432a-b5f4-47745205268e,2.034241540270279,5.20007221563954,5.70892917467263
c74bd166-32e5-49bb-a4b8-2a7d537b17e4,2.0632169975952865,6.306456131281685,6.676534177788227
c750e406-73d0-4c3c-a934-54b1b0b1fbf2,1.736898767028959,4.224025155940827,5.188529660999829
c75a4813-960c-43f0-bf41-c81ced6669a8,2.1225899974571982,4.751618385541855,5.227110966978994
c75cbf09-ff7c-413b-9b26-1c08d568d305,3.6555523632298224,6.792551234912338,7.32930622696433
c76f1e74-9068-42ed-b9e6-f1f868e85aea,1.9684662415543523,5.125360034587211,5.715546572914678
c77361d7-1f3e-41ca-a8d6-6068885146ca,2.1481925115646945,8.764901327534936,9.748209846021004
c78c62b5-0918-48e0-ad25-b6bd3fbde145,2.518852875092749,4.58997795134216,5.140738840345506
c790095e-b968-4741-bddd-5f2af20b960f,4.065820476534656,13.415828579134056,14.415703382431015
c796330c-0770-4603-90ce-095e1dfba1a5,2.9301554648172616,5.7038516204493295,6.550782797290919
c79ecdeb-4ce6-4fda-b445-a2e96b1c06a7,2.7207762737327728,8.58849055527003,9.098594366899931
c7a7e95a-e351-480c-91c9-8fe6886c278a,4.14506908033613,8.892891041160969,9.892891017080087
c7aeb884-06a6-4b75-8d9e-f2bc271a7b4f,2.121780342600752,4.47913997271619,4.885185960658827
c7b1ac04-b42e-441e-bf42-d49ce05af85e,2.256799306463428,3.898739563026764,4.852682300863983
c7b1fb48-2d9f-4f42-af75-533f0a947032,2.168801472154727,5.988375545750954,6.881924755182061
c7c3a64a-cdfb-4038-ae90-bd4c32efbe2d,1.787283145185484,4.287138462479485,4.776019837044883
c7cf1916-9a3d-4edb-8323-1ecaf49c3dde,3.7016778163950224,11.081543085546656,12.074461262405327
c7f6ed19-5920-40ac-97ee-dfa99d403d10,2.337530153871489,8.054054358676067,9.054054222333033
c7fffaa5-267b-4c33-8c5b-c4f06f296f3d,2.10639850374474,4.8052701564353,5.753693554732534
c804f3eb-9fc4-4230-bf46-6685d690a912,3.2518975122513827,9.158781400474814,10.14380141466529
c809b2a1-d5c0-4078-b21d-12f0da56b09e,2.421736862275293,7.341643211747563,8.229159606455703
c822a592-108b-4d21-be65-8c2c67d23a63,4.198070858474606,11.136197514907236,12.07153826761918
c8266806-d0aa-42a1-b404-bf0f4dfcd3d1,2.109717897655074,5.850807234604104,6.336644611691777
c8285acd-f459-40ee-9d62-971d3b9ee7e9,4.949566750514352,12.64367898239328,13.507916736143876
c8320d73-4880-42a3-9d05-6ca75b85e077,2.449109118293436,8.610928437723146,9.32101066302106
c8337a1c-5cfc-44a4-96ff-13e8c52206b7,3.837525464058744,10.87263382617818,11.871874442935283
c83974b4-a78d-49c0-ab7b-23e353a0d8bf,2.767502691578917,6.883970500218569,7.446335127873975
c86cddd6-dfdf-4f70-9d24-933a66f20fe7,2.520564987447091,5.194364195224476,6.134997766294676
c87ae82e-7b67-4684-a6e9-d3e2867d890b,4.164641873705223,12.762722177698484,13.518388678249105
c88bca80-ea67-4973-b916-1366fb02d777,1.9851987885943136,3.848331940414105,4.449757106291858
c895358d-2eab-4c57-bac2-7fdc41ed2d45,2.404863437681084,7.085258413019577,7.783778470072786
c8956d0e-95a8-468d-9167-e76f95536472,1.782200770600401,5.4389612642405645,6.393045242009775
c89e04b4-377b-4a3e-b16d-ac7b630bbc64,2.239485448049984,4.67236092791252,5.2020366305949
c8b164a9-ef6a-414f-abf1-457c0b81cf3a,2.930964405876917,3.7560239605591295,4.755866478224048
c8b2ac4c-8d69-4c09-9d5c-694af8a9c4e4,2.563382146891253,4.932579975963499,5.442273627246269
c8b32d5c-378a-4c4c-9c0e-056793270fd7,3.131306638244992,6.928698456412658,7.928625688421357
c8be7b6b-10d3-486f-a2f3-2a7583523a24,1.941208431098688,3.917997116916159,4.4828513633123634
c8c71671-153b-47ea-bf13-7ec3d706158c,4.480140977364752,12.93542221600598,13.88650832525826
c8e8b91e-c754-49a4-8ef9-745740e34dc5,1.809196328139529,3.7046220662818863,4.62717725521289
c8f3dd31-10fe-424e-acc8-bc5ffb6e51d8,3.2414788120126405,5.586465795105207,6.586465794610211
c8f4bf53-6507-4524-bfb3-da87403dc2db,2.423208495401369,5.414193657254407,6.005070675519482
c8f4f3e7-741f-4c1d-9a84-aa22e8e45f9b,2.962459399140464,6.064889643468992,6.876076969138468
c8f5b9af-3fe3-4d58-a1fb-c2e852ac526e,1.7495857394674403,4.857121540103072,5.727538947189557
c8fb3b50-2512-40b5-95c5-fb88071e83e3,2.2860660358102147,6.3636356191837615,7.363293425977405
c8fbb143-2f32-41ae-a808-e8360366c91d,2.4875276548262053,4.833040647372357,5.833039520825311
c902336a-9b65-46fe-8903-7b6f8f5354d1,1.7865927279259928,6.53170005675191,7.521010277364234
c90aa6d7-6786-47e0-9f80-a927ad61f53f,1.7556761527047875,5.581875113164858,6.065952029824744
c90b26bb-5ea2-480e-9d4e-d3ce958b956d,2.357982400280432,8.193714876684474,9.028972952011106
c90d5702-2aa9-42b8-8cf8-2e8a70cbfa3f,2.312727504378262,6.010638204034435,6.900092085583944
c9108e85-a815-4809-823d-984d4f773774,1.938488837147904,6.0294213697518,7.000331155842373
c922e048-6e86-4e1d-b853-49cd217e84b8,4.726739415783973,13.399074949873484,14.371082340397969
c9291d18-25c5-41da-8838-da945f3c5674,1.8648534536049075,6.231154053076774,6.82577635106475
c930be9c-0917-4658-bfc2-1763fb9aa063,3.135203440380108,9.36898138575559,10.025720995996007
c9489fd5-487c-45ce-8bac-67e7a65531df,4.317470168762829,13.604134375143245,14.01003028332351
c94dcad1-7222-4328-afba-482cf9cab1eb,2.3867008107575605,4.090823692882068,4.423039196837505
c9598d7a-e7db-4df0-8dd6-87a9cfaf1991,1.911968795881594,5.573881783365647,6.215191352555263
c9670200-8963-4f49-8097-19fc0adc7ba6,1.865686657735342,4.986930061776812,5.798590893582052
c96ab44d-66b6-4333-bb8d-6e6fb8d127a5,2.943104618067464,5.173183269831744,5.9459890836924085
c96e698f-b37f-4f3f-9f48-f84b33c0dc2d,2.1794895104907703,4.16973597447628,5.048404197613045
c97581f7-06ce-4a27-93b7-21189b969585,3.0658769188916706,6.135783927312191,6.917165209364538
c98541c0-80c8-4d43-b175-f0a1e162bf6d,5.139910320404522,16.689416694384352,17.533738492880484
c9878ed9-7a8f-404e-a5fe-aa986ab61710,2.22642234909204,5.39097988664808,6.311661281880152
c989bddf-3dd4-46b2-88ce-9a26588a99d2,2.986206898488521,4.971022285930862,5.501439418176193
c98a83a7-3c39-41b5-bf86-86bdd65d037f,1.8838867859960813,5.510015965530018,6.452093672058068
c98b6368-baf4-4b03-8d31-b668a085bc76,1.880612643429848,5.085377635636291,5.91101644178785
c98f6b5e-0eb1-405d-88c7-abbdc712e67e,2.489040203404925,5.658479404671666,6.423385661867958
c9927924-f609-4b88-8033-c8211a6325b5,9.824332927532817,25.46949083429009,26.178507360865613
c99e1d4b-06cb-4935-8cfb-c78f86aab06f,1.8297929818227316,4.65493724358485,5.587035605555304
c99fe84c-6c3f-4888-8c23-7fcab808bcb6,2.6795662220128427,6.612505879510478,7.612459677362715
c9a44169-97a9-41d2-84d8-4b958d491860,3.059593621192092,7.223408496304966,8.223281477417276
c9acbecb-17f7-4f99-813a-bb1422893b66,3.1653703432656703,8.830872359552663,9.226402436817423
c9bf5167-c41d-4400-8ba6-dcfb3e2f0203,1.9742927369914944,6.941142399103755,7.678310273106062
c9ef6d03-6358-482a-97a2-2a4eeccbc270,2.541100918810461,9.019787696295122,9.837080290713024
c9fdba27-48e8-4f74-b277-a32467d60a65,2.010324067122189,5.803880028806757,6.803573799803799
ca10649d-8c23-4cbb-a37b-d7bc3b94260f,2.3017105540033977,4.628196653861899,5.600839893227724
ca116184-ac2a-4af9-8028-6a3aa9b3968b,3.46539614234146,9.898034792325726,10.890465867919303
ca1bf31c-a7d0-4c8a-8cb6-a2581d58f82a,2.2983784625260184,6.415437430436338,7.086814249400995
ca24c7a4-f0ca-470a-92e5-5ff2c344d7b6,1.9576698951977705,5.228252062999813,5.895917567270484
ca2687b0-185e-41a8-9f1b-2a37ad5626f2,10.363926655753954,30.34926156074734,30.93116291049984
ca2abd5b-70da-4bd2-b680-185389f0c7c8,7.845458220251342,25.49290932063984,26.02664316150948
ca3b96c6-47ad-4c20-8df8-89f212134de2,3.233895255676145,5.544988508464688,6.494236317702928
ca45941e-8e00-4e10-aab2-47d8e2b8ad09,2.2588061955657257,7.140283311677538,8.081837050817176
ca462d42-97ca-4f6c-9816-f3b9bac060d7,2.499301834912964,7.866526951974939,8.866362435554755
ca4a4916-3e5a-4723-a115-a901ba5d1de1,1.852632001525236,4.827460245594542,5.721785622670786
ca4d73ee-185c-4c72-8347-78d66b7c7f56,3.977907324698968,10.189799034892832,11.177641554596756
ca6a6e07-a71b-4548-9aec-30c203356194,4.581602554684909,12.312717616891453,13.299436566716922
ca8addf2-8c9c-4402-9c22-ede1effda0eb,2.6738415875991484,11.423310314499522,12.330886051168903
ca974a5f-3cea-46f5-9451-72a691904c8e,3.017081185476579,5.932065847325952,6.666974098324249
ca976585-8fd9-47bd-8f00-4698af27fdb3,2.2426183542475515,4.685717209933379,5.304287989247865
caa0b1ba-397d-450d-95d5-f821c27f637c,2.303385682696088,7.532816489275973,8.25537857238615
cab67852-e928-4227-b0f4-f2481f1b07b8,2.1349926926198486,5.601228501584799,6.078215305229605
cac14da3-2231-4f7e-969a-f79b27328703,3.0032093926969066,6.478575338631729,7.363841831308683
cac1978b-cc2b-4b64-a930-49825c1f8e42,2.13976526582633,6.576294779389866,7.177371860039238
cadb886b-0602-4867-9f0e-3586b7c04c3f,2.1420171102597134,5.465650244387731,6.093451377140834
cae5bac7-c9a6-4341-a390-18dac0c4c72c,2.021256580780668,5.820144602968379,6.623346631156099
caf67a02-eaa9-49e0-a880-8d50b6dcf3b8,2.407682599708545,5.012355993359255,5.480468102829431
caf79cd4-4cd3-4578-b7df-3277cfaa7d04,4.337680589318327,9.544005660290246,10.54278009784607
cb01cb0a-faba-47d4-90ed-cd623b52f0be,2.362281244488764,6.257315123899398,6.735289952733053
cb0a78e4-463e-437a-b24d-e1879d80b739,4.18204354149718,9.74297320786967,10.620393025538732
cb11974c-5c05-4220-943e-735687ecd6b6,4.050635383113528,4.638881221852578,5.116789704619881
cb11e3b2-c0ee-4011-85f7-746800af0380,2.131039270369932,5.952380236362545,6.583027236196354
cb1e7486-e3c5-4d7f-b6a4-22f7671ef236,1.772271723165863,5.5263179029724885,6.301735190414355
cb207ce9-0d9a-4500-ac72-a9f303fb375d,2.9649268497892654,6.495622707459676,7.401037328624932
cb30c41b-79b0-4dd5-a2a2-7d4748235956,1.906530626318529,6.343211200371146,7.343211200113945
cb31b342-c803-4723-8337-44a5cf8271a5,2.294086919474611,3.994094803750861,4.646074106233845
cb367893-567d-42f2-a8f5-447dce0ddf63,3.388039841789968,9.425123466787468,10.30154870034124
cb40a7c6-f381-450a-aa1b-e0feccddbdec,2.623946160537029,10.719660665001085,11.717962789821744
cb687b58-1a17-4c92-ac8f-da1794256e11,2.005831041771612,4.043562491061175,4.851104441516248
cb8214cc-6bd4-421b-a879-30e0d428c545,2.0542293508429728,5.917917574725493,6.595345493474374
cb83430a-c486-4e59-8ae2-7404f8a32036,4.2694879543573085,5.887879306838001,6.876432423792406
cb83f5e8-ec3a-4244-86e6-863e721e8206,3.5917029482044294,12.849600262870169,13.64433184288893
cb856e78-1ba3-436b-9f80-e15d9c7365c6,3.9539218006203214,10.926702065377338,11.726778901553228
cb892c4b-9c55-4a3a-939f-ce36d6b7c83a,2.576786119672237,6.400292355323522,6.837204209156768
cb967b0c-3b4e-4ebb-8a7e-d7e66a2d94ce,2.1391306623089426,4.839846132053702,5.685232084874816
cb9f5942-1929-470c-87f2-22711703f1c7,2.586671267733195,3.969206168861985,4.892380390708221
cbaeadbe-eb71-4742-a80e-36dff521e815,4.756070550022416,15.268115046132593,15.889419601496796
cbb25477-a3cb-4ab0-bab2-87721727dafd,2.620660647118397,4.343293806348154,5.014420421536777
cbb2b8ac-0457-4cb7-aa94-b1d648ae88cd,3.261264630509027,10.73709652518204,11.264021117792083
cbbc3a42-2d4d-434e-a4a6-edb63023da9d,1.8235187980951608,4.9910455270013,5.807161511790133
cbc631fd-e9a5-4687-a6dc-b911e9db9367,2.0593197008938846,4.638025664047655,5.4965326525376215
cbcec409-4d2e-425b-9a0f-6868df02b072,1.764898543117207,6.162360771564077,6.787509234801671
cbdb57be-be3e-4702-99cc-bafae6c2b943,1.8841992613331973,4.579634584041067,5.422407008626795
cbe53d47-eb6e-4417-953c-7b3771eeaa15,2.5709294170070565,6.103814192222946,6.926607472277759
cbf3185a-efb0-4e37-a142-fca4a7bf65f2,1.9386637093428636,5.726393309281773,6.570656896031067
cc16484e-f298-4e29-ab11-4ec49ff2bfb1,2.702250904472614,5.196786242191333,6.147406104510994
cc16e42d-0c0f-476c-91de-4c3a74f8f2ce,2.929223903792565,7.202099891887176,8.202094328074951
cc18b2c0-795c-48d3-92b5-3792ccacb405,1.982455635182632,4.015908927716042,4.821094202808106
cc2eaf7d-535d-4191-ab38-3fde0f74cc74,2.4714188190810806,8.415515527441856,8.801308751362757
cc3f1597-a780-4a11-9764-fe2414731263,4.262216869573384,10.038944305514766,11.037370401897752
cc4341c5-9c73-480f-b39e-1e8111823448,3.7584720597526062,11.675101869867298,12.553406299469296
cc55bb95-92be-449d-8754-e7f7fbc8e43f,1.8977799233069783,5.701767907490143,6.651877951734939
cc563053-fd08-4ef8-b388-b31eedda5e43,2.0954715983586065,6.562500720527112,7.432566159375856
cc65867f-87e5-4e41-bf74-5a989adfd138,3.2385057076801447,12.21153509127713,13.147456899351477
cc6ccacf-7455-4609-87d7-68b19c463490,2.300880421241544,4.55219998468904,5.094040820298307
cc8cf5fe-6858-4ce6-8e19-0dae0b97c7b4,2.1851526004577533,4.908690117940842,5.697443966740458
cc8f5500-95f7-4dd0-8832-39f2a0c3b18d,2.8939228682744984,3.722814262958019,4.674711649483269
cc9f8054-3a7e-4a3b-90d4-2c48c0d65b5d,2.041569194457682,3.666373628816731,4.5559694891417495
cca226db-383e-4c99-bd8c-6d65a45bfb79,3.345174022627348,14.45662525622487,15.428381812415005
cca37215-67a9-4ada-9e3f-eedfa37bfbe4,3.040467485246656,4.174943758572534,5.021545133163019
cca59229-1214-4d2e-9177-5523b84d208b,2.0144298896139894,7.257721617569726,8.108729392012734
ccb5df02-4726-4aa8-aa22-da85cda49ac6,1.9053387082262545,4.827733397479809,5.406253645829045
ccc039d0-d913-4cf1-887b-af06b1b7b01a,2.479383483871652,6.294610239411631,6.680281148915193
ccd649b9-368f-4b1e-b0fc-4ad0acf5c526,1.7326533782556703,5.215666484696833,6.143277400423307
ccdd023b-798c-47bc-b641-2178d51c168b,3.3468246653810705,9.519775973013497,10.498845127901502
ccfe2b33-857a-40f2-a0b4-809d23d45619,2.3910459263474784,5.745142397392051,6.126718226830629
cd1077d9-ed74-41aa-a1f9-7237fe199bcd,2.0041818612546063,3.8725455317904154,4.81262323219403
cd1767e4-0a56-4a27-adef-54ecf1f28fba,2.127351724230964,4.736251137117889,5.421681850404497
cd1a4032-53f4-439a-8c23-4c3bbdd535d3,3.4622568606521256,11.65782715175058,12.645284493670308
cd26e98f-c90a-483b-a82e-5b3ea5e52b65,2.41775304293733,6.000587816569016,6.673564238176591
cd2b5235-7422-4d61-b52a-ad73583364a3,1.8119267723911048,4.593449415018005,5.590934347225288
cd411e65-f8a8-4c6e-b335-926930e118eb,2.1899918819032487,3.941774403069497,4.941766846135773
cd494bce-06e7-4ad7-acc9-3cdb22ce7309,2.002532897538996,4.719722227127309,5.503804343340371
cd54cd83-74de-49cf-a46e-8487d9adc6e1,1.9963040221170183,7.1426974950883695,8.07029879133964
cd556a71-e54e-478f-9e78-79d96dd13608,2.9169679590655133,8.524155469272811,9.049582674195754
cd56e6b2-5a19-4d83-b747-a40aa824314b,2.68606769503254,5.898046058079177,6.810220885542027
cd56ea7f-c95d-45a4-898c-a0e16c8542d9,4.358069865083648,8.847430793557606,9.668400330631384
cd64f708-fd68-4a5d-a66a-0a6b8c180bcb,1.922373548312462,6.187691851398927,6.532914291658905
cd6935d6-85fe-44f8-8dbe-436676d49418,5.767594730198964,14.570186028961018,15.396034218308635
cd72aff8-efd8-4764-a764-f16d4df70873,3.654862912473083,9.724642686228048,10.72462480232132
cd759d22-52b6-46e4-ac99-7405836441ef,2.3908571926168927,5.133916029781833,6.084439831469551
cd86e64e-9b02-4a49-96cf-a1761e562c14,2.3833374454993166,5.493835010990731,6.34682386457323
cd8a730d-6872-4859-9b19-c0b579967c1c,1.8650837600224908,3.787381745864435,4.443419543300944
cd9889ff-8f46-4c7f-83dd-a9f4714acfc2,1.988574932668499,4.264288766857804,4.909204681645503
cda34a98-7b45-42e5-967f-25e50e336c27,2.2164935821479608,4.243214033567899,5.129239421415948
cdac8bb8-289a-4737-86df-2f4af1b2ec6c,2.495680665861828,6.852033732207994,7.48932807812018
cdb3127a-b688-4da9-81d2-c2c01ed52313,2.174466001117344,4.06556935170694,4.8887107058309685
cdced993-369c-44a9-b391-65db231d93af,2.605327388763004,6.26563971448024,6.9123581048980505
cde69247-a716-4cc9-973f-969de2c6cf0e,2.432289816771709,3.682650923745441,4.638645430627041
cdf56d35-a4b9-4300-ba59-207f7b11482b,2.36573465741102,5.378018621898547,6.377638254966924
cdfdfaec-383e-47f0-9c53-de1b2b9cf446,2.392947506066282,6.185468728819169,6.958028706830952
ce00a69c-57ef-42eb-9270-50d0393c5d71,4.794005584501501,8.92990441810696,9.5485764622743
ce033ea8-47b2-49ad-8c97-1193cb4e0b0b,1.9195673873751449,5.8540196837221385,6.778993741339436
ce044ee7-5d74-4eb2-8586-7982cccb2fb4,1.9599985594201088,5.986324927443943,6.964273260476923
ce07934f-0422-44cc-988b-3b87f2017ef3,2.327278488863635,5.193431666045754,6.115208432233562
ce0aeaa9-ce98-46ee-b405-6510a159e59a,2.5010343646023228,6.6283841364004354,7.560601699468766
ce0bb58c-2ec4-4867-b0a4-5c298388c810,2.2004748734413124,8.073066850887466,8.962685337030017
ce0cc048-4d09-4678-85fe-d4f25ad29381,2.7476102637153983,4.495635589500999,5.491944087281315
ce133b5c-78ea-4ef5-8d31-d94ba1231fd1,3.153001254702886,8.377223956913939,9.077873719942566
ce507480-ee01-43d1-b428-e25348c83afe,7.154647778499195,16.627889824424596,17.593888139937825
ce533ff2-b118-4c94-a5e0-59aee5234dc5,3.9685101648877215,10.82588710785764,11.824224536998493
ce687868-b463-425e-8ccf-42ab98866f3f,2.461527080288208,4.035487096781282,4.942135686122553
ce7f4317-06de-4276-ae0e-385efffa038e,3.236452813046178,4.9576466034432265,5.686229353830928
ce813bdd-e27a-45e7-881f-07c4c283ab66,2.89286200703698,8.399888918650136,8.96776483595486
ce876ef6-4af1-4b0a-bb9e-6d493b3bf10b,1.85283788210252,5.4048574803807785,6.404857477516824
ce8906a9-88b1-418e-a3cd-a27116edebd4,1.950793094947067,5.4961151243167565,5.925984509185514
ce8fdb9b-7de0-4da6-af5c-57cd085acee3,1.7288118012621707,4.224513321965582,5.135950662487955
ce930ca2-dcb4-44af-9516-e88e1b005396,3.5657290631590004,8.566357247911295,9.453526562183477
ce9924f6-37d3-4d43-864d-02a1003db168,2.526566403456712,4.474082194265477,5.426355402203927
ceab86fa-424c-4397-8d00-355b5c8bd65f,2.2514481713090784,4.821554387399944,5.573561865078596
ceaedbfe-52fb-4d99-b573-3bd605e2ae86,2.623946160537029,10.719660665001085,11.717962789821744
ceb9755c-0a0d-4c46-bb8e-6af72c70cef4,2.272782121272781,5.751595963670822,6.751578171341796
cebbfa2d-ad53-45f8-b4b3-e4eeb7e3f01f,4.913493589280741,13.07335846461408,14.07335836965749
cec1bb3a-d7f5-4472-8bad-cad7e7d0edb9,1.8042557223845104,4.341353040903552,5.054148519587445
ced06d66-9441-4875-84ac-37f2fe14ab63,9.19274006899226,27.89410694288656,28.5688926749051
ced36671-ce38-4184-b722-01e71f93e78f,2.171149728379957,5.694254828772701,6.584820703784377
cedb0b73-e1ba-476b-b406-d6b79e89b178,2.004234057290637,8.616406851700145,9.402297482236747
cedf3075-98b3-4b36-bbab-5281bca840aa,3.2794086994453915,4.031851449333177,4.62210349433414
cee65f60-041d-4e8f-9426-d073a53bcc79,1.9356886217198856,4.836725214309014,5.529549019264731
cee6c1d6-7967-4365-b73f-1de47c23b9aa,1.9991457565748467,6.816257743101338,7.617043197702332
cee9d45d-9cf9-41d9-88e5-34c999f93dc9,1.8314980065584012,4.301039787180607,5.185099594359319
ceeb6322-fb88-434d-a71b-a203372ff025,3.391206965776927,9.468867473719394,10.374147759542748
cf06e9e5-346f-4ac3-9453-a5ad5905fef9,4.694741515701002,16.887309681191827,17.275637944494346
cf132eb9-f73d-4535-a3a8-e15a4a1aaec3,3.7007422435666495,12.101423830350576,13.077403517755853
cf191ddf-817f-43c5-9d0a-43f5b1beda01,3.5917029482044294,12.849600262870169,13.64433184288893
cf272811-93c3-47df-8616-77a954d6ce3a,1.9873007535016205,6.429694335695573,7.340235272842529
cf27a89b-ccaa-4a7d-a3e7-b8b0011377cd,7.227967499578312,25.96771716553505,26.962081876457827
cf39c3a7-1a2b-45dd-a3a2-8a55c634e709,3.476315245745376,8.73043808107726,9.72607327245932
cf3a9441-b83c-472a-8d48-0fe0c7fd553f,5.141345533808836,14.933461053544162,15.93342898155999
cf4212a1-7cb5-43c4-b61b-ac0463f86cd8,4.488231411179451,10.147225344001948,11.055209546673552
cf4ab6d2-0ebd-4194-87fe-3b50da56640f,2.373076794059725,5.9461444452342604,6.680540339365586
cf5de9f2-43fb-4391-9f0c-20b987f68356,2.1148413656315315,4.795117076417297,5.330861974295697
cf64afe0-2a4f-4531-b89d-d8401111b96f,4.904169508207472,11.47587432817463,12.125050087693534
cf70ea74-3a64-4160-8095-612fbd88226a,2.0125565529639045,4.653766299169381,5.602284696431232
cf8b5094-8946-4684-a093-ca09cad68962,2.07667496082878,6.575336442913152,7.502440497822344
cf9a3d28-94cf-4128-9284-1dee2504f525,4.3632150574921695,13.257379192582366,13.881697596436716
cfa35ac5-e17d-472f-add1-5fc1778c02fa,2.380265284081747,5.470253808659962,6.47025219110458
cfa66baa-38a9-4e0b-be07-f9b6622334ee,2.7137617881292693,5.244881322987999,5.701033543368943
cfaf7eb8-2171-40da-b7a7-8f832b8b7715,2.7363138423173954,10.57492682253194,11.361441958517595
cfb3c30c-543a-4908-a99d-0c49708b7013,1.9600672014311329,4.107528032208681,5.044328716298109
cfb3fc3c-48ed-480e-9fbc-7b7fd6e99986,2.8849351737869258,11.245413871130705,12.064666055115696
cfd76711-620d-4278-8897-e0ab2edd0758,1.8835475058556184,4.524341615239064,5.362171027411568
cfdfe810-0bed-48f9-beda-7084203628bf,3.063118083439427,4.425268888259298,4.873539773198097
cfe9f906-dd19-4dcd-bd6d-dc62174af62c,1.8682324593234425,3.7297960018236767,4.659771085552764
cff061e7-324e-4a34-a1b9-66c633ef29eb,3.531070941552584,10.264252825512362,11.039810358643235
cffc0274-c931-4d0e-b5e6-5f3cde167447,3.142637064113716,7.3422717994419955,8.303928802187597
d00f2ea6-13aa-4e84-a412-4efc7004ef03,6.179547568211958,18.76564101518817,19.1894433312967
d021ed96-4f24-49a4-8656-71593fc514dc,1.883623368077184,6.437922092283129,7.291091489997984
d045c4cd-b52f-492b-b368-e181a408ddb6,3.9819973640644615,12.588407699323769,13.504003904789409
d05436ad-baf5-4321-b411-ca5910323d9e,4.036502700865419,10.99248117896854,11.700331639835523
d05c233e-0932-4f46-a8fa-d4388acf299a,3.274720410880286,7.281421731792385,8.115904850305654
d0659472-f8cd-43f4-a266-d73abbc50d99,2.106539408189492,4.969516002509257,5.499910119926687
d07b111e-30a7-45cd-a807-59b334e8510d,2.9553332207704623,8.028831669952899,8.95167949459885
d07b5e0c-4440-499a-a237-9f09a60c3b46,2.2125248732096816,4.087677406333144,5.087554957690399
d0835bf4-c5b7-438b-bf67-71889527f704,2.71081757230578,8.242352099000279,9.101949756553578
d091c42a-534e-4575-9928-a52c908ce117,2.1834207451258765,6.677533421482936,7.519797745637443
d0b5abc5-96f5-46f4-ab40-bf59da2afe3a,2.2359778945565307,5.328524172089761,6.328513302042696
d0b5daac-8a97-4871-95b1-966e92b21a06,2.8187881500979968,6.809480223013845,7.753367275534447
d0c94ec5-1374-4f7b-9bcd-ed2265140aa1,2.583990478020692,8.370379340410219,9.369738899069851
d0cfee90-4c65-4d21-a81d-a71139c37ef3,2.251657205065348,7.224776038303574,8.064954865764085
d0f8b665-2446-40ad-84f2-0aea447a32e2,5.13224533675004,12.407422919258888,13.404921047411436
d103ad49-ee7f-49a1-82d3-0b3829232165,1.7970755112516863,5.166675283323352,6.061755741169178
d10adb8c-434c-492b-a94a-475282d3914e,3.885381360846408,5.275249685834264,6.011273340120785
d10c8818-04e1-4bc7-bf72-e1723023eef4,4.858325163584656,9.770268819653648,10.177334005672108
d111c5cb-c0b2-4ea1-868e-a7a7ec7da06f,2.875741542326456,6.160217879390005,6.795907028753295
d11b3a20-806b-44db-a037-667a54c7dbb0,2.403480027789105,5.578554204703374,6.578552997273311
d11b8644-913e-4e0d-bfe7-038c694f0360,3.2808338472515053,9.185189987360191,9.94953168727666
d11dc5d3-f0c4-4898-815c-4682cf127deb,2.193985760003721,6.537738701262808,6.855204394112112
d1283524-2fb4-47fe-93b4-08101848bec6,2.6422696375887056,8.971346777781198,9.569375913910807
d135293f-3b2f-47a3-9950-26b1aa7363f6,2.166081823715344,3.895982125743333,4.89598203221189
d1386a5b-62c2-4a47-8b0e-70cd8d4904b1,1.953387447027122,7.447657653895335,8.436593302866033
d1569540-766d-43fb-9711-6c4afec26f35,1.9744136254141285,3.969796264950921,4.920384906433524
d1569de2-3eaa-4285-90a3-bfe64de82a5d,4.755844604282428,9.52878532609796,10.52836608335695
d15bd697-60a2-469b-8602-a7c65f9a266e,4.345653442522757,15.230526692228636,16.228868584236142
d15d3568-e3f3-4d1b-8bb8-b1f669f7a204,2.7516507254310083,5.826717825748998,6.442112792198241
d15d5556-37db-4816-a351-335e4631df44,2.193705410268461,7.29063296947048,8.196932691034789
d16dbf0e-5b65-40af-85ba-049fa6db28c0,1.8644296764104515,5.7644875192816825,6.737379820010116
d178b6d9-4724-4ad4-9f31-90027e9c3fad,4.070939419375149,13.045419374349455,13.889164638439157
d17c354c-e5d8-4a67-a508-c1f971414e28,5.612709153434822,12.340297163925213,13.340256955977946
d17e71a4-986e-4d8e-89a9-532e25cec256,2.023911414208845,4.335884177451299,5.211956468054206
d183571a-baba-4af5-805b-45333189d23e,2.5823596792351187,9.98322479714526,10.870496925188062
d1a910dd-ffb8-440b-a7ca-abe40535c7ce,2.9131876953243188,6.716860838387674,7.449248656630985
d1c516cc-4d4a-41c9-a864-bd2e09414d33,2.959467497710312,12.942480732952026,13.942479813289363
d1d5f049-446d-4b84-b45f-a2140f8a49e3,1.9899689774642533,4.690767822747116,5.595002936264097
d1d681db-be7a-4f36-bead-36a8e8c1f60c,1.7684337077526635,4.286102172902257,4.768496936221583
d1d75821-f17f-4ad5-9b34-7d05dbc33122,7.08736153324536,21.850260580014428,22.663469455586625
d1d896dd-a220-4512-8554-c8981eb40ef8,1.778514904176684,3.699575896717139,4.519765013336228
d1dd8f84-425c-499f-a1cb-b426228ff0f5,1.9166661945429628,7.264437584888735,7.887417488145147
d1ec4ca7-00b1-4d54-b098-d0581adf52df,1.9406266373836287,4.241167020457899,4.889378147800554
d1edc8a0-39b5-43dd-bcef-ad6123a93d2b,3.237293583061345,8.033682854663715,8.962520323163654
d1f7158b-beb5-42bd-bd41-bcb2a7c6a4e4,2.905152187318466,11.749009377949363,12.552224765347171
d20f2991-8f2b-4bf7-a0f2-277fa4ddf839,2.608685478603841,6.828441495310698,7.458156544710642
d210813f-c562-4d29-82ce-f26de50fba4d,3.0879295691095345,8.577955309152097,9.494952614036835
d216d23e-9a82-4a75-b3b8-d3e8e8ff4af6,3.23511221041587,5.528663234538044,6.338412808024544
d218423f-ee00-4c22-94b7-37f938a9d559,2.162679030213922,4.844289629766896,5.778906693960778
d21b54d5-066c-4672-979e-1d499ed07fa5,3.054066337718981,6.7225353100761,7.424609725755653
d21fcc5b-66b2-476b-ab31-6bfcdd31156a,2.003385636027627,4.703560828207506,5.70193182019977
d23c6902-39a9-4b51-abbb-0c6374f68d9c,3.034771501054625,4.070900769191832,5.0709006895171225
d24d8117-c1a8-438c-9b44-f3764da180a4,2.7080904982970107,10.574134371689505,11.031797458517511
d26e7232-b72b-4bf3-a786-fca359fece38,2.396545611672148,10.597397456193594,11.56227310628548
d29337cd-18a0-473a-9310-bc30f89f07f9,2.049092471404684,7.413840035439496,8.413838352438049
d2ad396d-f653-47b3-b0a0-fabf48e20e4d,2.4560539319821464,5.872725867729978,6.531583555547147
d2b3eaaa-64d0-4784-afd0-e1bebb1184d5,2.507762435816456,8.476707567479146,9.47381825217772
d2ba22e6-5ac7-47e4-8c1a-d70d340c7085,2.436938455674385,4.977961081094693,5.843512813082782
d2bcf240-cdd7-4386-b348-bc9bc339d3b2,3.15065680465952,9.014686678496352,10.01468565692513
d2c39c46-bc35-4fec-b1c3-79dbe6e11764,3.210078082234235,7.315315729750675,8.110112543150446
d2df0d96-4add-4f2d-b395-94b7e0833c69,5.770849127234352,14.069666043313193,14.803288276963125
d3128b4e-7982-4985-8d6d-9dbeae25ed2d,3.033898594905623,8.762944650991702,9.147303028663504
d32250a9-2dc7-4331-a515-c421c40d47ac,4.1266754283283245,14.17790878802895,15.177875107520071
d3276436-5ec1-4910-99ea-cccdd75e604e,2.2908151007950384,5.216062128431743,6.129912233524339
d355fa8c-c34c-48b2-a68e-1dbb4434d9c2,3.875640840291326,10.96926845518793,11.968996828430532
d358f8ee-f101-4080-a0ad-e030b247346b,5.588144160125224,15.26978572155478,16.03224005905592
d36daaa8-2e04-4784-90cf-18b67240e8da,1.8875615538296229,4.867070649534482,5.867064566552823
d38d2f67-6e28-4a6e-93ec-408065e91903,2.2729869844996413,5.191193465641796,5.674377115129968
d3c4cad9-d472-471e-9ec6-8e3bec5227c8,3.6248934077772574,6.064707205092978,7.055149078197233
d3cc4975-58c9-478c-9a36-a1f37f47a6de,17.54125011172128,41.68419957247498,42.45248080074102
d3d4e879-83f5-4e98-8b06-39b7f10f6547,1.88626461083214,4.216732459595955,5.204419321458745
d3d922d4-c08c-45eb-8c76-625a42a05e0a,3.3373543496006577,10.67461281915562,11.03132230013322
d3de3aa1-add8-4203-ae53-872ef121f684,2.9569829837984427,4.374019034943638,5.196629318555346
d3e0108e-fc08-4aa0-b183-851390acddad,2.157476522972686,3.939621128266338,4.929693766561439
d3e98766-706e-4f6f-9966-79a8ea3c58fb,2.9457058701302943,4.623158963419198,5.407317829347998
d40ca35d-fa7f-4d27-85f4-54ac8eada74f,1.7977153800078074,5.623071642655833,6.557797385734462
d41e99d9-e057-4505-b80b-405956091d38,1.8088558671800332,4.067782983192606,4.551540130519707
d42897df-ac41-4c00-b5a7-100a465e4330,4.964293123959491,13.182886174000291,14.182886098433068
d4293047-c1bd-41e5-b559-b46d5fc69cbb,2.4602678355210426,3.681388180011449,4.492189737724577
d4389b75-6670-40fd-b6e2-169893cb9657,2.7307341904656086,7.830166748499557,8.81170064373466
d43c818b-e7b8-4679-9ac7-fe1a1e8092c2,2.061698511800892,6.648438260269231,7.366953455562442
d442f377-673b-4d0e-8314-103af0f769ee,3.565273881366174,7.421337231490992,8.367114764159725
d448116d-b1ff-44de-ba25-c0e468fb485f,2.5437801116692005,4.940828752815302,5.886213864379939
d44eea6c-da1c-45ff-a80e-97db5ebb5ea7,1.9954319592843128,5.610217934215848,6.561999029931123
d44fbcb5-b4b9-4f09-8147-b709500175f2,2.8233827483103853,6.111548924628597,6.91661655982027
d45738e3-a5de-47b6-a21e-4710333c5bac,2.9249851242131464,10.947960659864169,11.784658283602576
d475f23e-643f-42b2-b0ef-bb98a8aa698c,1.8103062886130137,4.0688522897477215,4.900618890068028
d496e773-a2b6-47eb-bb41-0404be753f5a,2.146614373447269,5.858472060521968,6.853618349342339
d4a0303a-9dfe-470f-9104-af8228194a0e,3.7127323164274695,8.390133106750632,8.987173891310457
d4a63d1b-d98a-465a-b9a9-81dd1b3223d3,6.6128093705797575,14.884868566622808,15.246323119817172
d4ac0485-47da-4585-b277-d5cfcd3293a3,5.467321278668004,15.590764016009972,16.292260165724603
d4b65ad3-15f7-47f3-9ee4-5e51995b36a5,2.9679593524468117,5.938749279522434,6.647575877932745
d4b6d2d6-7555-4722-9a68-ae58faf14741,2.696177966651795,4.4477631474655,4.95673959329025
d4be5738-91f4-4880-a3a0-e90fc51c467a,2.545528597478849,9.168160136861603,10.022591258527973
d4bef111-3714-478f-9405-ca4a46964577,3.557956503169052,6.881026613125051,7.8720392400352335
d4c1011c-aa08-44aa-8d06-4cbb3ca667ba,3.686387199384456,6.106443793908691,6.78234389643759
d4d80b04-bccd-489a-8b0d-8aa71b059734,1.8596491006268376,4.9602143096270686,5.137538620268227
d4dfaae3-103a-41e3-872d-fc346a9afe57,2.516530210912699,7.678700567177957,8.34535493193847
d4fa744e-3569-4509-8556-0463b907821f,2.46886724566444,3.667431919803728,4.508016618410721
d50baa7c-05ed-470e-82a3-52d5fcd1d945,1.9015483275317495,5.507463370449387,6.50737984038452
d50cc6dc-e002-4dfe-a94f-fd3e5caddc82,2.031776302611858,10.117560215844042,10.98753989988698
d51176f5-4b6a-46a4-a056-8f529aadd348,1.8187419394718447,4.62768144499458,5.241171072616115
d514dad9-c5f6-46e5-a152-f68d02197c19,2.8999041747198446,7.720333891245027,8.555725028528808
d5191042-507e-4dd9-a776-76bf42d65577,2.6168207590953494,8.523294090119379,9.36984212701223
d537b24b-c07f-4dc3-be91-b1d8a78d1083,4.066952612014088,6.038004527348423,6.630294937296916
d54b2507-d0dc-41ae-8bd1-ab8baf72b486,9.80533420679024,21.45993993286516,22.17194778296189
d553fc86-cee1-4093-9cba-0e5255167af4,3.0742415234553557,9.812486491930848,10.32781990551775
d5540221-06de-4e6a-a807-6d3bf18473f0,4.141390312538225,9.089194278651073,10.089156683624209
d5579b6a-6d38-42d9-8623-6ab1f43462b5,3.006612004111245,5.245442605570755,5.608335537681403
d557bc34-1072-40ac-907d-8fcd8d0cea27,2.2147955713267917,5.19582418298908,5.770076914177082
d55967b2-04c2-4b80-b33d-89e7bf94be64,4.014986715364854,10.370113810154574,11.17226173316127
d55bc911-f595-4232-a40b-29fef2e49bbf,2.156395056528832,4.578019656539921,5.577989436843614
d56fc56a-fb6d-4c94-894f-2ad5af150cf2,2.799875663015967,6.663037434453583,7.141706749709408
d5742764-9d12-4c2c-9c27-e3fa79182568,2.197729259444247,5.513741251465864,6.187553895115651
d5898126-e337-4709-a9e6-5922349a0ff2,1.7409870531405371,3.838568193471073,4.838381452724187
d59efe4a-f6b7-4626-9da2-cd2ad9ea04f3,3.034318568276108,7.770068672318959,8.4900248605895
d5bf90a2-5e48-481a-8947-7ad24e4cd782,2.0997968049320925,5.872620180704062,6.872588552119751
d5c3409f-f0a6-4291-a515-f12398b88bf2,4.28143315003312,10.000519076028134,10.953012129608153
d5d35cdc-f430-4dc8-8727-6c3a6f205580,1.8479009034822187,7.485460386486303,8.485460354448138
d5d522b6-12cf-40fe-98f2-8ef2a83ff8d4,3.987843783942507,11.250730903890926,12.118400398925246
d5e6a4a2-937f-4013-b7f4-42889d0f143d,3.578800378470228,4.000968311063953,4.653609202079107
d5fc9e59-fc0b-44f4-b390-d193037f0d93,2.2607422798017014,4.045793420600572,4.6097243574816025
d5fccbb6-186d-4630-ad40-f9d43112e698,2.4547322092556407,4.814545196032518,5.813849310730108
d61165db-0cf9-4131-b97f-5227deb52ec2,1.974365212016676,4.5597319644610055,4.973507129434399
d614859c-711f-48b2-b1b4-dfe466042e8d,3.030159712676197,9.300310412754886,10.230295545299985
d625b207-422c-4e50-9b71-b6935f73be86,6.358945621107151,16.85616914284689,17.856168772976428
d63b1782-fc0c-4cd9-80ff-c23285c6c153,2.077467216887896,6.036479284111114,6.787776510000731
d647a109-b07a-40b5-8552-c2eabc05571d,1.9040810214199249,4.182971593474664,4.736952887192342
d647e1ce-f417-4e71-9b2d-db18dd3413eb,3.2531725456318408,7.17487613844388,8.166493593992591
d64920cd-ca3c-47c0-9df4-0830c601e8a4,3.7514132444532446,5.490114693342255,6.1965312715617165
d64e25de-1a17-4c08-8c84-8a9b4c95e2d3,2.374440430305337,4.039969482093424,4.449975802695083
d64e693e-b8d8-43bb-87e8-8ab7f815c3fb,4.128476528596517,10.097331249944478,11.032449220421729
d6562d94-65d2-4d7b-bdfb-5f585228662d,2.86915002041634,9.95291107495113,10.850802010387833
d65a1cc5-65df-4c6e-a7a1-f070f907b60e,2.4083430191844304,5.007422161515112,6.006836742153663
d65eb788-cfa7-4170-a4d9-f07dc0f3cc7e,1.785299153515472,5.029838152496512,5.487874443441658
d6604b14-aeeb-4dff-aa30-689e1608a4cc,2.032635891352018,5.632991474243466,6.627793810834853
d66375d1-8f10-46fb-8c8e-38c097b3f00b,2.538271451021255,6.544651587945349,7.4005463867515635
d66dcc67-8624-4c81-bc0f-6127ed0a92ae,2.6672975883322376,4.711556508348952,5.356140177099797
d67f29ed-7073-4e69-8b0c-bc786a040db5,2.290087227078656,6.4197651749211015,7.087316033816852
d68702bb-03ce-4937-ae61-05e9a5e4d091,2.831280446478287,5.227589006796363,5.820077993204919
d694de17-869c-4115-b56b-dce0d5f8aab8,1.8316616666842347,4.390326110862009,5.390323453250598
d6970bc9-7d47-4683-9160-71ce91227985,2.594231199695372,6.042119067678206,6.426376363604385
d6a30c8d-f425-4216-abcd-ee5f82fb19b3,2.1005311357597583,4.719039152193919,5.284492222476583
d6aab918-7e22-46bf-881e-4a5bbc35c6a9,3.76879124664299,13.336352950303608,14.169039003834207
d6b0336d-9415-4bab-8a54-4f2f8ac2e7af,2.048758976452848,5.304345738964096,6.30434573107138
d6b2be59-6318-49d1-8854-22dcae42e2fe,1.8011219505003455,4.685094701432598,5.130886684071762
d6b45c2a-1691-4e1e-9cdb-80169cde6371,2.8287173382435227,6.3222188331443085,6.629229606372906
d6c3b9df-be56-4e75-8bca-962b38bfc71e,2.865196496929165,8.165380548932998,9.009120297104868
d6cc4d8d-e9a9-4d16-b37f-eaaea82735ce,3.7740666297993575,6.619748688211809,7.502696734912529
d6dde7a4-217f-4af9-aba3-c319cda38a74,2.58447758412832,7.610328674192612,8.310213495008808
d6e27fb4-5355-49c9-828e-1b5dd3d2bee5,2.8270373227997125,7.876821825842743,8.726297517152776
d6f29684-7e7c-4ea8-b05d-c27db03f2df2,2.036072873277184,3.8688453390524415,4.757152302439454
d7026dfa-a7a1-45bf-a20e-90f3f7e398c9,2.23069395774985,7.222230117328012,8.059405586261416
d7241350-e332-47bb-bb4b-83a60c9a0f09,2.005219806575724,5.784409452398195,6.52909799605322
d7314c31-2ee7-4ddc-963a-3e10ae600718,2.015305267395968,3.8990664396011248,4.8081692785701895
d732e172-1bbf-480d-8398-35513a8eb422,2.860493512097084,5.174920035757427,5.918698672581398
d7336bd8-8d55-4eae-b6c7-b8a691a998a5,2.1557977009082943,7.069963427606313,8.069963390912989
d73aa025-8de6-44b0-a949-27c63afffe04,1.87292504688258,7.084643414538492,8.084311349739446
d75671ab-4e32-4526-851a-04b3d25922da,2.91087078952792,9.497755726989803,10.1705786437054
d763e22b-aa6d-496f-9307-5dfafde215a5,2.210376596805732,4.050901905886664,5.026874734768931
d783994a-9494-4d90-8fe0-5d1f9e949f18,2.318839847662747,3.940649293657494,4.417960848062514
d798d2bd-737d-4a95-8ec9-b16fa22b4fc3,1.9277704651675611,5.556220121850373,6.310684486908549
d7a765a2-510b-4b62-bb9e-c30a31cd4ef4,2.00884379789611,3.984899341811565,4.912089378073708
d7b420c1-49df-4aaa-b0f8-88fece5c3d32,2.1730286457181607,8.653230609072741,9.414886644453455
d7c65332-fb73-45ad-920b-df0cd0236bb4,1.872954397432346,5.492354620198777,6.289079307243084
d7cbc33e-3733-4c57-8d4d-daba101f3981,1.8889888481333337,4.22464379345743,4.705272357314696
d7d1ef7a-b2ed-4077-8eca-afc24f94e626,3.6364032356012577,7.631338525288493,8.629618761387714
d7d2536b-10fb-4f38-9286-d4c26c2357a1,2.871064893354904,7.710326171287381,8.441811185596377
d7d3549c-551b-4cbd-80ba-6a32d0beb3a4,3.821774876663751,7.120871230338267,7.933372296977063
d7d36a6f-38ca-4f05-81c2-e0f798aa5942,2.0465022340773205,6.6293334354408335,7.546636330759357
d7da30fd-f278-4fa9-816a-392df3aadc0b,2.1620037459063903,4.700872764868174,5.4114093151603
d7ebb4de-fc2a-4fdb-b7cd-252593236eaf,2.2234962085902774,4.477158883679664,4.907753841699489
d7f39c2f-6a67-46ad-9239-dfe39cae480d,2.304149452007698,6.715741248083307,7.263040268083116
d80dba8c-74f5-4c2a-aa72-b11a914a2f3c,6.025212776455308,16.620673094362846,17.52728367300565
d816b40e-3aba-4c26-a2cb-7f76324dde22,1.7819207515080937,4.021522873226082,5.021522868708508
d81bacd0-6b70-4f7c-999d-0abe6f2b51af,1.999699176571791,7.958173787313902,8.869248203850859
d82479cf-ebeb-4a6f-b321-1ac0b4764920,5.111958917485724,11.201933705859089,12.192428715762793
d84194c3-b1a6-41b9-9422-7412f660a74f,2.785811547408924,6.501579080167047,7.223927958251869
d864595c-b503-40f0-b647-98e52d0d52d4,1.978382173011792,4.931448205737802,5.424555312457054
d8648ca1-7e99-47ef-8119-a50edb2498b0,3.302893901942121,4.659575231652035,5.577985519606623
d887612d-c058-4fc6-8dd8-9c142418f918,2.231630086691597,5.679788703718648,6.572316848882131
d888276e-6436-43c2-9e05-5b5342f1f594,2.4146756747207414,5.583189269014613,6.469856533755078
d89d8129-812d-4237-a1f6-0b5f22619db2,3.315862948362053,8.194124939900538,9.14470208927534
d8b65320-fa16-4684-a071-adbe662275a9,2.822522057443244,4.329203360154345,5.077331453630244
d8c03387-0a39-4e5f-80f9-604c6fc64088,2.5812940989268425,5.098046035634118,5.547042429887426
d8cd5cb4-7462-4c02-97d4-719a903e7810,2.113225629791096,4.051342775577512,4.556290470649199
d8f27e88-cdfb-4f8a-8a46-c98274ebca60,2.022724075041709,4.054812986560684,4.900410650711153
d90f4fe3-803b-473e-ba57-3cda85aa5665,2.082635115752633,6.304667059041641,7.2900086244420095
d926e1ea-9d0d-46e9-888c-a020addb0d3a,2.6662502301198843,6.754182581054238,7.585587109510843
d93cf308-c740-4f90-bc8a-cd5398801eeb,3.874239340942564,9.290680645028973,10.197759471306506
d944f691-a3a5-4851-b8b0-dee7fb03886e,4.080367711037984,10.03709227314139,11.036843037266054
d956756e-e7d1-4224-9470-e5698b0b6ae1,3.957699471937394,7.926084846892744,8.472701926808792
d96a0071-c84d-443a-aafb-8169265b4035,2.528655867846416,6.127598188895362,6.949381364184672
d976ddec-d09f-4f1b-879f-f48391d071c2,5.896957694423689,20.31369946858636,20.63151243324854
d97d5b46-d33c-4034-ad5d-ada6d62d1cf1,3.7883478109440727,10.707290956769404,11.707205259874495
d98143b0-cc09-4510-9f2d-1d1d7710ee64,2.658006393485232,6.956020581845611,7.955393808397776
d98d75c4-4fe5-4599-b7db-273d21af79db,3.2648049398029984,10.922323681993008,11.889479115609465
d9a474c4-5cab-49ef-9f9a-2bf4b18adc73,4.895929451938555,15.455420657833024,16.30989504036169
d9a7f4b9-58db-4036-9626-f05d1a8a356c,2.1010875999983374,8.558521100888125,9.478084524314207
d9ae062e-918d-43bd-ab9e-d0beef4302ac,2.068030816259538,7.346679344213352,8.308114740789483
d9e62e43-950b-4f85-9a63-0a2e26aae446,2.302946711803709,4.919160601826088,5.444204467602299
d9f28e04-1f24-41fc-bbaf-40651751c146,3.531849429136761,10.09006069780956,11.029524688565363
d9fe1f72-feef-4eae-88be-d5cf39b40eac,2.2176258675157965,4.241939890867812,5.135012169084496
da13125c-7fda-4390-a999-36480abc2fc3,2.272364419329627,4.41947621537579,5.416015512849146
da3045db-b7da-481b-937b-1f4c5c2b4569,2.7540414176103303,5.698454504610417,6.579803301883264
da320b87-3120-482c-911b-ae3c5398593a,2.3762163701065444,6.175681736697385,6.720824194225449
da3e06ca-1e9e-4b04-905e-c0504c0e3f1d,2.2243354180773207,8.164275712282196,9.09985839640738
da4670e0-33c7-4fb3-b31e-f200f7c8bc3d,1.851006331176858,4.576573707848436,5.264016852931906
da475896-d87c-4677-afd0-a380112ccaf0,3.066761864826836,11.414211890415231,12.327606284798827
da47df31-f200-4ef0-8139-4dc26525cdac,2.4049406629298224,4.40650593680606,5.389510537231264
da489196-c6e2-4d3f-8918-f840db645f02,2.282206023310335,9.388356502447778,10.161260549346853
da48bca8-ba9d-4ce0-b8d2-2aa8584aa5b0,2.3843561299145137,7.567210937295532,8.132668377460474
da499988-8a88-43c6-beb9-8535c9b32673,1.9133906850072449,4.414446500503968,5.323269461512237
da5aa298-f526-4042-977d-0b796aece052,2.8612051719662523,3.994543839751892,4.671941364686523
da5e8b86-6207-4bdc-b045-74fafe39f0b8,2.3311250218902697,7.8772787284723105,8.34104174213359
da6d12fe-6761-4e82-beab-a7d572780f6c,3.988578335297434,8.839152542811687,9.734706334843038
da6ea5e8-2499-47bc-b9b4-c9d5a740adf1,1.9823873391520572,4.194751036118448,4.99703109368877
da73700f-0457-4129-8de3-4cb63556c9f3,2.355503474096503,3.9815720557882615,4.670919159916155
da7cbe38-baf4-47ed-9dc5-842067f099df,2.9609379293704565,5.623165741888404,6.566503715683336
da7cedd2-a4e8-4a9a-b213-4afad4685a80,3.1490404056291266,10.764285444283804,11.760996222750888
da8abbe0-ac88-4cf2-8ee8-1fdf6a921408,2.183077734950522,4.381686137461432,5.284193821256208
da90f75f-e51f-425b-8bf7-a9eab1e72c2a,3.0925426714461457,6.206691655543372,6.777217779267708
da922fa0-3caf-4d83-bbe8-0702411c5882,3.01080277656004,7.297412296530497,7.781489073993811
da9bbd6c-1a98-4a6c-a3ca-6214ad4b3913,3.0870938644738914,7.309448439354205,8.160830260484431
daacf361-db9e-4742-ae1b-f48c6656dfbe,1.977955888388943,4.179680921960691,5.026975430860466
daaf2b8d-ebdf-457f-8904-e811b1b341ee,1.7816705117676963,3.887913949251084,4.54296764556932
dab34a44-0481-462b-9950-fb32b010e219,4.0930540756821525,6.471219524943499,7.1063303078
dac18402-903a-4f30-ae56-ee9c58e47ef3,1.977431813263295,4.561375874561612,5.326938887450496
dac94905-dfdf-41ab-87a3-5a3fb174859e,1.9802907165128436,6.110883367946976,6.681295961303279
dad7d943-fef6-4254-926f-59adc8353e91,2.4298768945942824,4.771471864610185,5.459241877808403
dae6af3b-e483-43d7-be35-41125d2afa7d,4.0166709428372895,7.810175864167855,8.283010602746579
daefcd85-5b9d-42bd-ab7e-8c4f488b6718,1.799935474698477,7.284510959251045,8.282604478776486
daf0f9eb-52f0-4bf1-9cfd-911e897b7eb1,3.625828987241314,10.857471449935884,11.504761438913532
daf1c305-eab2-4d90-aacf-bf9055599137,1.7886797243050627,4.214572574580161,4.730957518087007
db079204-502d-4ebd-a611-ef69876df3de,2.0746527068824725,6.796376695693428,7.70965300846982
db1797fd-e0e1-498e-9a1a-fc8aef0648a8,1.8283722512095315,3.647822064639878,4.549535354129631
db206d71-4973-4832-aa1f-6669dd5b32fd,2.5793875180010795,9.180135940042408,10.065118164163524
db2ae7ac-3e66-400f-8e54-f89c6cbbfb01,5.181731913783542,11.074436104319489,12.074433217886437
db2c5e7e-1b12-4c84-a58f-6b36d6210ed9,9.220769081775728,25.04610181274364,26.0461016155568
db3333c6-ff0a-48e8-a1a0-d678783a5a25,2.106017846310213,5.5071661097664055,5.814660113037932
db446a09-d91d-48be-bf54-57ef141c5c2b,3.89872816445282,9.460328034754488,10.460327635223262
db484119-7a93-4e66-adba-5f9edcbfe562,3.0840628489721325,10.187883930195696,11.066869422728416
db51f9d6-b5a5-415f-b804-a4b3a362ec18,4.805972515221738,15.315815847027066,16.01100935002705
db52e3d9-022f-4c44-9b40-38e782bc9062,2.058138789146265,5.646779079651868,6.63658223836199
db7a091d-d4ab-41cb-8af3-d0ba3155dbf5,1.8622803988225796,3.839925932796471,4.826715790975878
db922b0f-d379-4bd5-9824-e0ba76e5e3dc,2.257630129359904,5.263386841021792,5.860426010012967
dbc0d5d4-6a98-46ca-af75-688c5fe8022c,2.934228215007173,7.66111932318643,8.58737214390846
dbc4e35c-7b55-48f3-824b-c22c0855e249,3.027551201952916,11.31044541778522,12.310417857525565
dbc5b498-0343-4c4b-9d66-d4133cb483ad,2.124262332251309,4.109374641396529,4.573063654072512
dbc7dd00-afc5-42c5-8fb5-e6bfde389b66,2.708769293836504,3.905215514853041,4.669437097533398
dbfe18e7-d766-4c72-9d52-5a0e60305d34,2.2921322235417465,4.4765215919359775,5.071426549569653
dc281254-6e34-4396-a2c2-b7f67bc9ba81,2.3287051108917534,8.507652412110398,9.458957729886851
dc32bd57-2a86-4f38-aed9-632d4c183a30,1.82182394279808,6.287023778864869,7.2865307952223235
dc33eda9-3b83-4761-8e10-5279e26c2a85,7.678862845192356,20.91211944220512,21.728431741419847
dc38740a-d947-4489-ac0a-154e8cb02478,2.144568123028689,3.9462546761745374,4.554621204474414
dc399697-cc8e-4676-9f4b-064ed07e1596,3.1909130481537944,6.45727659645283,7.320669210502028
dc555a58-bf64-4d1e-9e53-be19cce0b8bf,2.898222493372127,7.949981116280515,8.437737980039765
dc5d5884-3710-4332-b829-855ee38cb332,2.1342579911949304,6.082913561679576,6.891309341201992
dc63e94b-cdf0-490b-9f57-49e6cf177317,4.393596260807249,9.520590690531392,10.102705252234587
dc6d976a-68bd-4a23-8b9a-c4aa6f937550,1.817655694777818,7.631932526627732,8.481950640083411
dc78cf9f-a530-4d35-9e46-c977694a982d,3.7037686526474105,8.167666039052449,9.12273677832896
dc80658f-d450-4eb9-8b9f-e6f4ae6204fa,1.929327144800932,4.728635124443546,5.7286351047259485
dc8aadcd-9fa9-47c1-b28b-b6c4fe4e20aa,2.054195339462753,4.760678014022132,5.330873551407629
dc8b9781-b2af-4d6f-bc65-8d37f2f98e8c,3.04660211851787,6.722413197597301,7.442812985314982
dcb02e99-e930-4351-98a3-abea56ced58e,3.312538171176517,5.5533061739086005,6.5502561698386215
dcb45b40-fa25-473c-b1e7-eedaa1ac25e7,2.3848585482490057,4.488271110922393,5.092682745881102
dcb88fe1-772b-41ac-8059-482c56cab923,2.571913937275252,5.118262823857649,6.075673146837039
dcb9a9f1-78ce-4053-9e14-dd90eed9e041,5.342042503035224,17.571019040466357,17.856538418342947
dcc1e23d-3bd1-4a32-b00c-8213052d97a3,2.685195902820241,9.75228730067197,10.560255168984463
dcd277a8-9366-4841-8473-db8256bab311,1.8609483733319616,4.285859317227098,4.791880792791588
dcdc48a4-25dc-46b3-afe2-8785f6b89b25,1.893195256304556,4.609814819381605,5.148696177032115
dce2a491-bf9b-41d6-8c1d-d5017529dd8b,2.3967715914969645,4.663876176396093,5.144404428055717
dcea400e-ed1f-41bd-8581-00ee48ff8573,1.8889013756025888,3.6472409666321055,4.647228039414794
dcee8c72-b6a5-4648-aef8-efef861d8c28,2.876822403336912,6.833014496753914,7.788765131343314
dd0125fb-6d15-40bf-b3bf-fb09fb0c3fa8,2.637364492225492,6.875237795911127,7.446408357960712
dd067ea1-b052-4590-8d6f-b2531eea5cff,1.938300637611948,3.754539976401913,4.684051183299891
dd39fb6a-5df9-4395-85c2-77731a05b2f7,3.36075195856371,10.506606943122456,11.501210048985689
dd58e872-072e-4c9a-8894-19d4cf07fb17,2.4970256397996557,6.045564679512261,6.8417871502280105
dd67d598-25eb-42cc-933a-a152ab13473d,2.020079167922126,3.799104964822918,4.536488572383399
dd7a7770-c064-4f4c-81e4-8f18b6a821da,2.375779231385005,6.655235392030538,7.226155617267331
dd7b55e8-f45c-41c7-ba5e-ec92b3fb5c94,3.7204855348892782,4.888649988545517,5.624584734134924
dd7dbe91-dbf5-4cc6-a66a-2e8ff87c8de2,3.734676307901442,7.142099630992747,8.132933729766473
dd852225-df51-4149-bee8-930b5154bad7,2.457889369539244,6.798355553460783,7.545265513498782
dd8c044c-57e0-4f48-9371-9c183117d01c,2.3262573714332198,4.82352859589761,5.806159413335202
ddb73048-47ac-4569-95c8-c8736dc36f33,2.6612485926873544,5.143426854448253,6.143418693378145
ddbc8df8-a187-43dd-b665-d85f033e963c,2.050861765911942,5.085582499991779,5.674986054626928
ddc48838-e2e7-4065-9526-5c06d1b77559,2.689366744073409,7.198901822090964,7.882599017702714
ddcba7df-4d90-4456-9894-5a7ae992b3c8,2.5664417506791364,6.530557959044889,7.53051953604704
ddcd1b7d-77aa-43fa-a877-037e07f47a35,3.426936670688624,7.969336618899545,8.879212178432118
ddda0da4-768e-4712-a5a9-565a8f04ce99,2.57668948116736,5.412898898814178,6.143102800621725
ddeef808-d8ab-4c21-b5ff-dfa5b8856c0a,3.1116085801651576,8.22116938456783,9.22116137285396
de019d76-7e87-496c-be1c-5ddf9656e702,2.934176930754864,7.696977560292685,8.659662807463944
de0acf42-092a-4b7d-a9ca-39e5233ddd29,9.086631969986042,29.021024742914005,29.856672392072
de0d6090-d064-4c9a-9d64-f414fa7a8e71,2.6408041668510283,11.537914920764704,12.39756565910705
de1eb643-7925-4c1f-b053-db3505c94163,2.5600313716835674,9.960552659224732,10.797232271351316
de20228a-f323-4d36-8a46-76814f6b4a3e,2.0785059676555,6.0692122791438186,6.903916421031425
de343d41-e198-4fdc-bbe5-a1225b9581cd,1.7757631160701626,5.520759854392443,6.094004586477273
de3bd12b-4efe-465b-b053-9af2f11b5628,1.78006895786551,4.9519436532379935,5.80505416737668
de41f046-c6e4-470e-906e-8c6bf1801b37,4.325414187179517,11.888975188261456,12.723023084728192
de4caa5a-352f-4ec3-831f-f5390ef18124,2.3226197162365243,4.208814751740691,4.734087814139177
de4de966-e7d0-4f9f-9458-d629b2507a87,1.8119269429257705,5.474658193870414,6.053319097636812
de57f1c0-6ea2-4d04-a4d2-848a42109ce4,2.8208057447770867,6.504330628200544,7.114897119301198
de5b857e-de81-44a2-9e70-382f822cbc26,1.730209035517212,3.863534595206903,4.760237799424019
de69abc2-ffbd-4a4f-a177-c681bb837b9b,2.2360825190316445,6.131545509793657,6.8268277050829225
de7a54f1-56ad-4749-8401-80fbdbbea9b6,3.1060826728715427,8.13200581819097,8.759341587008514
de8be4ca-8da5-4a12-8893-8c2d2f0c1d45,2.6309862959149326,7.942124568741352,8.941658614935541
de95a80a-bf3e-43eb-a302-ce2846e906b4,2.305198514861033,7.326430912198013,8.114693850569518
de97d4f4-4bee-4aac-8b84-589988285cb7,1.8331182683351483,5.664656051866847,6.182245725555148
de9bd89f-1034-478a-b0f8-c39a39e561ad,1.949522192990064,4.526456828495452,4.832401562745054
dea36ab6-f958-4fce-8f52-5df6558beb16,5.6480629068176444,12.77581121058014,13.678829226234612
deb96674-0606-4234-9def-9e712e3da49b,2.569711567189628,6.219659069601887,6.736161293594197
deba7200-b000-49cc-b023-c0234d242bc9,2.963595492929492,5.684758441720583,6.4391154328711
debc250e-12d9-4336-b284-519c734220d5,3.065053967267479,8.841730295410244,9.66071601299744
dec38eea-5742-4f37-a457-c5db33d9ffe8,2.2184767683000897,6.828780770423812,7.828771171999166
deda070b-9fdb-4344-802b-2ec07a80b173,4.539444333809055,12.026548419448735,12.997659549401565
defd1c15-df48-434c-a037-0cc4ad9f5db0,2.726409135938472,9.913673425671584,10.541026835001253
df04e041-1841-47d4-a052-d8224ef250d9,2.100191349519625,5.016443199092256,6.016443094979909
df0d6b2e-16bc-468a-be61-b191227918e0,1.965134154132259,4.282608462100447,5.212471455893265
df25bb3b-6ad7-45d0-bdce-8761cf9937a6,2.477067333052445,7.371773171777437,8.273635313699536
df2f4028-9068-4c63-b452-dd2e9e6054a8,2.1858784739579256,6.674353996014615,7.674128580562323
df30b2a7-b648-4a19-bba7-6f1bf2f50fbe,2.097522628821136,4.720684686423709,5.557790021336474
df32970b-2eb5-4eb2-914c-e8f3148e81d6,2.4683409349202043,6.187680243323646,7.154359322242976
df58ae46-0964-4064-badd-410144a7b237,2.401382845142804,7.838361417621561,8.838361395996772
df6f79cf-7187-4c86-859c-cc20250f35dc,3.587262002883242,8.40549449612023,9.265813391124665
df7b8ceb-73ae-442f-b8fb-ef1859d37e4b,4.058662141836661,6.393203533225755,7.308970429558973
df88a6d2-b996-445f-87c0-8388b8ad62fb,2.8019388281914823,5.418318035194757,6.0207288315888645
df8ed11c-e15f-4d66-8de4-b39a422d13a6,2.846654916842551,7.064769957249617,7.987634039059197
df93543f-165b-4a2e-9370-bd2b240fd1c0,1.977992619841359,6.277251069378679,7.046994196191308
dfa8f6e9-2d73-42b9-9c48-4c09d96b86e7,4.932771135233711,4.646533234271204,5.081946353043552
dfa9be9b-08c3-416a-a876-9506df86a327,9.740586456101404,30.502867312419436,31.07069955695097
dfaacefb-fbef-46d3-8833-b06f74c65b9b,2.185475662337264,4.414577423152854,5.235926863921078
dfac42c8-3203-4540-bbce-eaa08745d4f7,3.2752260007351084,10.286400119169244,11.062058821753764
dfad0710-05f7-4fd4-a450-964f8c68767a,2.405743600572001,4.14236161631218,5.020183132820075
dfaeb28e-d6a7-4ac3-9062-7bae6e6f79bb,1.9274266766769328,3.709233051948719,4.427505240761597
dfb1e78b-5152-41a3-9874-2c825b8ac960,2.692793792815921,12.141912378279962,13.043368975234545
dfcc90c6-869f-4d83-8965-9ba2f265ec31,1.8068550039889268,7.259353105088867,8.204509348171209
dfcdbe06-a82c-47af-b82f-1a21a69f9d1f,2.706960598081794,5.788231085861853,6.766750643865121
dfcfa6f0-4a3d-4496-9e6b-2cb85b8e2143,2.6696125779800117,7.994852397551126,8.858867439757868
dfd60bac-0b87-47ef-b63f-71c730b72472,1.8953128715878491,4.440406642645407,5.366506727851374
dfd8a17a-76d2-4906-8bae-e047259bd970,1.8435850467191497,7.730051030221944,8.114221389717317
dfe311aa-067d-4825-b293-504693c4cea5,1.8956001956544384,5.043746163051681,5.681761907916391
dfe31517-36a5-4d5d-bc1c-139c7ddd9a5d,2.824644824734853,7.532372648515204,8.286764813762783
dfe88dd4-3370-45d9-8964-08dbe81dda22,4.078492317730177,7.674356879040526,8.593011811794844
dfeb0775-a775-467b-b49a-1015321883d3,3.456466374228123,6.772234767891227,7.145803060279338
dfececad-3577-4d04-8435-5f314ebda689,2.114308929774426,4.39198093321766,4.890995665666798
e0063017-c9ac-47f6-b1a3-9723da1bf8e9,2.6301407513804524,6.1791404705635,6.691015789887175
e0081dd7-5d01-4fe1-ac9e-91daa97129e0,2.135072864100048,4.6718096406315945,5.095022844171628
e010ff34-6c69-4aea-8aea-f04d80ceb7df,2.330425639662268,7.361897259679109,8.338677670679106
e01c65f1-b0db-4503-8970-48693d716056,2.0268948006287912,5.34288279540633,6.166225696844501
e02968e6-8bc6-48ad-bc7c-55d47632f105,2.676009135202221,7.959085200699535,8.84204979981892
e02b3499-e2de-46ac-a8dc-c315dbe5152c,2.565350220427676,6.231163644343809,6.674372440488203
e038b401-5c8f-46f3-899a-8d4b5675ce61,2.1852811041838565,4.787860443990036,5.198495953127147
e05260a8-5bba-4073-b5a6-fb7fb1a2c424,1.8938846556212297,8.913022720266666,9.524388384515255
e0551e33-3a9c-47ee-ac6a-6a995baa521b,2.1765711227267253,5.334142162327762,6.212501813545266
e060afa4-63a7-44e0-a50d-d0d5a663a6a9,2.868436588334653,4.612069282090469,5.3598191824843004
e0655021-9503-40e0-a731-ea4d9b0fb620,2.23456766791755,8.714794915240175,9.418197614671868
e07a9544-a333-4123-a0b7-4cf778340856,2.9792412944102646,7.382937532077842,8.342922935618303
e07cf48e-d8d8-4b8b-aa2a-868145882cbd,2.517264569579777,3.8243021679348,4.814625565949141
e082d96b-191c-4cc8-ae2c-a4db63c88aa5,1.8128649862462776,4.956103211176306,5.829710802342609
e0896d4f-2f6d-4ab2-a844-e50718b5fc4b,1.8399145679769475,4.866438893894396,5.866435004732158
e08efbf4-7871-4364-9b27-bd7813fed668,2.4970256397996557,6.045564679512261,6.8417871502280105
e08f53e4-37de-4502-982b-775f9c6fdba2,2.000377672057406,5.591601549819546,6.181656787057784
e09068bc-cd28-4ba1-b02d-b5bb4846b51f,1.9523095948613496,7.817383229844249,8.583336217525149
e0959d40-15a9-4c87-a0f2-6bec010d8501,2.053514997416831,8.525237785643789,9.525023586771535
e099764d-5d44-4119-9a76-39618c604ff2,2.2362296619518056,5.3428672668603205,6.342830577445718
e09b9aac-70de-40e5-b0c0-9cf2476d7232,2.970910141602292,6.422497101710437,7.422417423312771
e09e9a99-fd74-4b37-933b-fbcee90264a3,2.715702311453509,5.774954660687419,6.728705447601416
e0a0e072-3a3f-4d68-a004-c840ae881526,2.729775280523006,5.002968306020088,5.9991848870324365
e0ab2635-7bfa-44c4-8517-86045d55831e,1.8126573026343964,5.98518461418105,6.894440934898132
e0ad3107-984a-485b-b70c-9ef1053aaf77,3.274828296593733,9.267636845365365,10.26540944823063
e0b412c4-cb65-49e7-9e0b-0d6863a00fee,2.2332777970574287,6.531395560994944,7.307677385587588
e0bb2a56-0dff-4f1a-bdd7-6b9974c5f3b9,3.3742825572486765,5.771192626270637,6.161452524574014
e0bc39ea-0d5c-477f-a3fa-8771ba2067f1,1.9791406199431671,6.623133087319122,7.436990020993433
e0e94e8b-9402-431e-8409-4ebb9d83803b,1.7521275850657674,4.89904679848187,5.528702905634188
e0f870f7-24f3-4b5b-8546-4ead26f3f99b,6.174295881968379,11.931282728392295,12.716853545708396
e1074f8f-f78e-4d2d-970d-41b407295b81,3.2358751638648835,6.010204439680393,6.888416295497462
e109ba9c-847a-414c-bd42-054477730d24,2.267079179940517,4.603589044707336,5.56398523481637
e1119ea6-e651-4d02-8536-60115ff57f58,1.9748517076403835,4.052998153502147,4.98310080367054
e116118c-1149-4c41-a2b0-035b11e96106,2.123541134948236,6.384972713067402,7.0016612477318105
e11dc290-cebc-4946-aa5e-b34fbf5a881c,1.893906332616855,5.749533020236207,6.470998932950737
e121ef55-c4ff-4472-a2f3-99e53aa8ecee,2.0146391577007123,5.038740220326623,5.634813470535099
e124c0f1-8426-45d6-a910-c5c91c2fdb55,2.497766043964184,6.4753206165172665,7.213135237094674
e12a2211-e33a-4b96-b09b-ade205d4556d,1.8618834804725,4.254848176072861,4.756614145930742
e132beb1-f437-4f53-a65b-eef851604f51,2.4470560224386184,5.4134964493595925,6.413489229659472
e13428fb-868a-4fb3-b615-1a71bf809ba8,2.199597607664175,4.867565143461632,5.79721845061177
e1383c87-bead-4cdb-91d7-489fe029a0bd,2.938016942042992,5.561289731618847,6.204537479687253
e13a2677-4f6f-42f9-937e-fe2db74f9411,1.798139911526203,5.095291774827469,5.775709074654647
e14f9691-768e-4d46-9fc5-3ad3a9839a9d,1.9427441252259168,4.107334867233994,4.75406414648598
e16113ae-65b5-45a0-97bd-50c26bef373c,2.1878700512947997,5.988048551112655,6.850257379894595
e163bc92-d956-489e-a38f-bd97cce901ef,2.017348502759772,4.20106514194703,5.023943640573185
e16685f7-e1cb-4c58-9bb1-91e30eeaa35e,3.3265098130783146,7.951664324093403,8.282127266450777
e176815b-4bbb-454f-9760-7e16cc6761cf,7.140851749748736,22.52251806257097,23.368025233061356
e17aa916-8001-49e7-abc7-2fbebbc26889,2.254058811355544,4.729012044911084,5.378707666405874
e190c24f-1283-4077-a4e1-937d1e31193c,2.8953089841701733,6.168665971352189,6.937148506228928
e1919a6e-4512-4c36-80a7-bb990add7ae2,2.106604015185665,7.443150745106172,8.440948251901597
e1a31e0e-7754-4a64-9ced-b2f3de000822,1.9607232515312765,6.978543942749277,7.9402382769014865
e1ad7922-7345-45c2-af49-4341499cdcec,2.199629426966238,3.71902020124208,4.510503630884415
e1b5f4a5-b124-4811-9a64-f27f1c4052d9,1.7405794854323846,3.7133584211094712,4.71335706007466
e1bd40e9-8e87-444e-8c09-a5eb3f16bbd0,5.062097322018402,14.439525875221564,15.32082871184023
e1c56d9f-a723-459a-8f07-4f08d8c67cf3,2.198708800410896,4.2113936083353405,4.605816047200794
e1c63114-eb7b-4ddb-909f-f067625cfe58,1.730273312888036,3.839600980207326,4.83237636493504
e1d14d6f-d790-4820-8c7a-c9a195ea9695,2.337362684026919,6.571285865152702,7.0080221954231625
e1f4a005-4c9b-4e35-807e-3ce0ef26da20,1.8493757010777447,4.840329923841091,5.414141276018024
e1f65b1c-4cfe-44e3-8738-e5c1ebd79f91,1.7756806058012724,4.07709159969893,4.725255901578215
e20dc243-9aad-4d9b-96bb-eb04e8cf4875,2.5458965875620447,7.862012937577576,8.361127871771423
e21982e8-0bd3-4a0b-b57d-7ed161b9cd13,2.2147002074845874,4.210337999713173,5.094252957061999
e2329f05-79ae-4e01-bfd2-f3da21564cec,1.7582348526603264,3.7464410928574554,4.746440964750043
e232f624-994d-4f26-862d-de5e2bafd329,2.0889856779756566,4.141210778250854,4.9427704161600605
e235f1f3-634f-45bf-b40b-e753c182677b,1.8500417722773883,5.5351969823626,6.516302367011025
e25abf8f-061e-4d2f-8966-00202b77a85a,2.7498948201703746,6.541644171700344,7.541643857154057
e270391b-37ef-48e0-aa56-d7e846b72946,1.9880176929243405,3.787419024795764,4.708312923494621
e27218b3-b3e3-4c3a-a513-d595d5feb2ef,2.0963462875445127,4.094716952656235,5.010773121756374
e2736714-dd70-463d-a89d-c0194c764b20,1.7421204207793717,4.7605832593385,5.669211592717969
e274acc0-27f6-4312-993e-50533825adce,1.9962575343591709,6.076783078819375,7.065357293033459
e27febd2-29b6-49d3-8551-b802ac3c5cec,2.363308339637049,6.133492048463553,6.916642028087583
e2867990-664b-40d8-8588-ed11c8211779,1.9286616222961688,4.065332255549965,4.458296087261066
e29b15a4-fc12-4a3e-b751-ead72bc3048c,1.8550969741752303,5.9205119777246304,6.8571656446256455
e29bfc01-cc7e-4c64-abc8-a6af1fafbda7,2.43458588586298,6.38502767891078,7.223105773320152
e29ed6e6-8191-4611-a9d1-c0a417c31201,3.376669837526576,9.96067053156417,10.95778707911881
e2a65347-7ac1-4441-ac59-e70f181461b8,5.187926177226349,10.950424481598809,11.872842667451147
e2abe398-60bc-41d5-98bc-ec96dee1e082,6.53270307835703,17.228778630614,18.066311007138317
e2b250b8-74c8-4b7b-82ad-f2660dfe1b76,2.5844223471174037,5.6711141488554935,6.67111192467766
e2bfa971-b80f-4d76-a889-6928ba725e10,2.1023662468082263,4.997852921724892,5.943118429380479
e2c3aee6-09d4-47ce-ade6-f52ae1c5d3e0,2.8951957047940127,9.58819370162536,10.360368962930156
e2c6c179-a06e-4815-a624-6ac08895007d,1.9379673009494092,5.729366157911251,6.681563840275016
e2d6f1ad-118d-4cf6-83b3-63639e27e263,2.938296451785824,8.36441282431635,9.213293514436856
e2d98be4-1d9c-4965-99bb-2a1c13421f52,7.568273117940596,21.79060397578044,22.71311925295359
e2e15847-ff27-4936-a4b1-9bb2207d8adc,2.4985212819021307,4.199060878801986,5.0776051001488725
e2e1b773-5822-4054-bd58-7f98f12b9468,3.599593018599468,9.701146196884435,10.68578683500067
e2f914f4-cd76-4adf-9f21-c988be823b7a,1.851158630623122,4.336664506014781,5.008943076856262
e2fd30af-be8d-48b2-9657-3b9fbf80267c,2.9362222173069843,4.654787103783652,5.520308300000318
e2ffd9f2-e169-4dd6-b73a-3b516f331c2c,2.574759323367577,4.682871951003651,5.582644993074736
e31313e9-1a60-405c-8637-f684aa2f2cea,1.949268458759557,5.037646282734461,5.966626624629801
e319267c-7010-462b-b0e7-a5445695a11f,1.7835013243818487,3.877304569396268,4.801298445708618
e31c7330-31e9-46d2-8b8e-e4e397089684,2.195854734070529,4.816958891783948,5.7022815029365805
e32f6f00-18af-4019-b3f2-34baa67d1c43,4.493166482701723,11.743593356106537,12.649138403171744
e33275a8-2931-4fd2-b7ca-ff1b42fb2847,5.552157518438937,14.487495046225812,15.42967613704273
e3560c75-7d3a-4277-b753-745718d6a10d,9.336038079376282,26.719826156426898,27.04607081928597
e358c9d8-18bb-4a69-8a33-85c0e61301d1,2.723789804762437,6.785618886485477,7.785618647590417
e359e9cd-c024-4146-8492-8d0552abdf26,3.3824682886885364,7.930059872855209,8.929961678617303
e35d9bde-6a78-4e2a-a118-e2915c4e8f98,1.771393813221117,4.751263894700619,5.592041836612752
e36d9d8f-f74f-4d56-a78a-dce8425333ea,2.519973187301551,7.346222516155216,8.341363777584842
e36db023-fa11-419f-a1d6-6c78fa3dd19c,3.654880506428648,7.1391484257834525,7.548678497607755
e386fb8d-eb35-4853-9710-49ec7eac9fa9,4.471535624080067,15.00864205961238,15.810378527005485
e3933861-0aa3-479f-bff5-51bf4bb7a4ad,3.388457089960712,7.756566120567416,8.51456617667943
e3c29cad-0b1c-440a-808c-05c4eaa21fd8,3.2191673451421527,4.225425805521909,5.202026465514868
e3cb32d7-ed0e-4b79-b471-08b949e80f23,3.830323062313174,6.464178380962156,7.053113801111982
e3d6acab-bcf9-43b5-acbe-8461ab9d3a4b,5.279207863311009,8.78876024736476,9.357601950760168
e3d8a75b-f4f0-4638-a4cc-a8d859682bde,2.030623502618442,4.543385685520639,5.49682852359322
e3daf7e5-09fb-4bcf-92a4-5809d637da36,3.511446669284264,15.346524016736414,15.818474663027173
e3dc7330-52de-4849-b014-c71bcc651bd7,1.7982695285617265,7.890243588455456,8.879878274017296
e3f6c35d-c9a5-4a3b-8c8a-0bd2caae2ff1,1.9971439488941896,4.039410283206691,5.038493929919021
e3fa4322-34c6-4ef5-8347-c15afbebefaa,2.956227068705217,4.03094122136126,4.505497834087186
e4061bb8-a540-48c8-a52d-ac2b36e13659,2.4945943751263044,6.229216548800406,6.783690341962504
e412b0f0-a650-4548-bca1-800f029c0a19,1.8180308880876623,6.147290149593689,6.9942279255387625
e4194a88-8d6c-4ad7-96d6-93726e23e430,2.003353542376448,6.333000789557514,7.3329976120995966
e41e503b-ee1e-4f4d-9d10-7be38e60d544,3.267517457867059,10.86246926055867,11.593056876997556
e43630e4-b031-4079-911c-fbad3504b1f7,2.1481040118722854,4.423259341587344,4.867004938240418
e457dced-066a-459e-898a-5ab03d2cf7ba,1.7908228472373922,4.912357046885762,5.642697358493304
e45f0d83-f722-4ad1-82e8-4b061243eb45,4.608854061210479,10.257639586693294,10.58082271645988
e471bc67-e7bf-476d-9d68-4f97eb665e65,2.4882056391330725,5.073668327414126,5.618088476587094
e4793812-5533-4b7a-aa29-ab53be7fe821,2.225067356735502,4.133425479001316,4.935414340418848
e47dd60b-ef22-4c31-84fb-7c5bc07bfadc,2.6564624689978014,6.9339001046454944,7.744245556480839
e48709e3-d28f-488d-827f-74242182fb3b,2.264618722544382,8.182827031257633,8.622431255901128
e493bbe8-9bb6-4c67-9c1e-2d75b3bae320,2.765160479274995,7.384329475711483,8.342281312783152
e4993f8b-5b3c-46fb-97ba-0c0fb891d743,6.681574660824412,9.365749766280096,10.360321646625998
e49f86bb-01af-4caf-9752-b758fc6f3036,2.7512005929067262,4.441356148277642,5.287820428011167
e4b264a0-25eb-418c-93c5-c81f3a1096d6,2.0316684053897114,5.091946544719056,6.085056357089682
e4b8d629-a8ee-491c-ae63-3a62387f65fd,1.8322918873743483,4.196502312803189,4.759170997604011
e4cf18e9-9671-43f3-9df8-29dde0ec438b,1.7923324125011575,4.652903800277809,5.6521292823410505
e4de04ba-22fc-4c7a-8702-8f4bf1c12901,3.897280957456032,7.7711879463702385,8.281602204940254
e4ee3ee4-2a15-4e6e-a892-ad2eef37dd65,2.836811411566777,6.25519898325533,7.255198983217792
e504ac8b-a35b-48c2-862e-454442b8a2f7,4.183326355520026,6.158748613325195,6.639942100093816
e513aad6-2c6c-4219-b10a-c8b8d1b63632,3.887356609442423,4.14559209077912,4.844469413381344
e51b3305-a97f-4e84-9504-5eb4e2ae2e87,2.39465708953618,5.373870737119425,6.26813843053866
e52fb074-7f4f-4584-9348-53f20b60cc0c,2.0093621064238527,4.818856364130411,5.633986123576015
e5313068-011a-4988-9fe6-524952f918ff,2.198685709116588,5.128207961598111,5.968278121971986
e532a7bd-1f23-4639-bdf7-942cd84ca53a,2.0010571576546816,6.013040337824672,6.613368813446169
e5381175-7a91-4d55-9772-1ba2581028c8,2.0075119374387183,6.005692725017737,6.403103257259743
e544beb0-9379-4974-adbb-3449bd2e8260,3.2735880020475228,3.764656743754295,4.764656653890022
e5529cc1-9fa7-4b42-9c4a-73a608c615a2,4.19236897676914,13.837971653723589,14.779995977045225
e5638973-cf3b-47c6-b25b-f5a36ae846f7,2.4163835316347426,6.034494777484195,6.549047964035884
e56e4a14-c19f-45f4-b26c-dcd3ee65688d,2.680075750665514,4.967714534399251,5.343024480458683
e575f6f0-ce35-4aa0-9665-1aa76080f4ab,3.1573171851718715,11.857569334534867,12.60939931091122
e5899c66-a7d3-4152-8c7d-37e84800ff15,1.802862783312327,4.925744954357822,5.512849834327674
e5951a0e-71fc-4763-936a-4dd7932b47d9,2.5527247282307406,7.529016283387296,8.30850580615936
e5b16ee8-3773-4811-bdb4-ee3e5b9e7321,2.270839095429789,4.58687725523408,5.586877245913601
e5e4e4d0-88f3-4309-b2e5-d5e4f6f9a67e,2.3989277058608844,10.20292015858895,11.068334945860206
e5f718a0-6934-4000-8936-2b27154927ce,2.8953585873513314,9.290937016536494,10.233559709044908
e5fa1732-84b3-4c45-9fb6-554f2e4e72e7,3.098135600447129,9.232084502934477,9.996495922429965
e5ff7fea-1f19-4886-96a9-6d20bd0be500,2.320079707774385,7.79431266617831,8.342942049207295
e6009a76-2b02-4f01-98f3-6494c60acb62,4.312569439748872,13.51343826691984,13.922239467963305
e610e955-42b4-4faa-8317-dfb97b1c7b87,2.1853769185847125,4.694720473531461,5.69471114728601
e6162656-fe05-4881-bc93-138570ba9844,7.658501623620471,20.937351835122083,21.84619599822121
e61f9c7d-fcf7-43a0-95ab-3cf7828984a5,2.9663188286808118,4.895333227458293,5.421566152776588
e62d32f2-0ff0-4fd3-92ed-435cd5ce7d93,1.9740392035879684,4.394511208821911,5.039905916747973
e62d85cc-ac15-41ed-9e0e-a62e7bbf371f,2.05485190894974,4.0239644210823,4.481131354106944
e6310a4d-3045-48d4-8eaf-700f9d79868c,2.961672372003486,9.224512516109424,10.175649849816564
e634194f-cd76-4682-aa20-0ca4ace8ac87,3.4244960225184986,7.658940215594385,8.35829312361158
e642f3bf-9bce-4bee-8beb-21c4d9c220f2,2.439925928773135,5.817644844343813,6.8172721253966495
e64605b4-2513-421e-a96b-5a6a383c2ca1,2.3591988157740853,4.282652642335682,5.223615015203852
e6498002-de05-4bb9-87c6-0b515f0fb525,2.08667071852013,6.889856502980977,7.889373492190809
e64dd561-7a33-4bde-9bf1-306288a46797,2.604618927686618,9.469914721095176,10.153291044596664
e6542c6c-ed34-4220-bfb7-34d50d709662,2.0334338704568835,5.817388951689908,6.380067465813605
e654a50d-6e41-4ad2-9293-8c02ee0f9d51,2.828085734991212,7.57024078279066,8.508853419244916
e654a7b7-b79b-48b7-a46f-19266e1f9f90,1.983073977973927,6.384347790947162,7.014077188204299
e65a25c5-d3fe-473c-b8aa-62479efefbe4,2.4578641615508205,7.0665897941569575,7.991308149701502
e66f87f8-6e6b-4dbc-a87b-2f121e7009a4,2.3676945081751954,5.1703459468786805,6.170098242011814
e67ffd1a-e667-46ce-9e05-ba39636c78c2,2.0073731932291694,5.290345478686313,6.083169902755038
e6996e0f-d770-4d14-8f3b-189ac9b444dc,2.3911620954566266,6.119627815691381,6.623424454575535
e69a34a4-a396-4420-a711-3cc116e25983,3.0071408769241184,5.688704260199101,6.688703642571223
e69ed3fb-9889-484f-88af-419901d5cfc4,3.3887205578226296,7.099194623476831,7.591674091278197
e6a10908-38f1-497a-adfa-43fd94424cfa,3.4209738694309864,7.70286495549557,8.702025361721837
e6a3535c-678e-4af7-b1cd-5324fea04c82,1.84713898129634,3.913950715032029,4.749900022002938
e6a6f999-6b48-4582-9953-35ba391081f4,4.521920095548606,6.003848470623733,6.89285900646539
e6a885a5-5e8b-4e57-b5d1-7b0398939204,1.82401798574012,6.284152897999911,7.280662223934261
e6c723d8-58c6-4649-8388-d5fc8ac63cd2,4.992774008114887,13.885574331389371,14.736398132235674
e6de0bcb-74d2-43ae-b597-089d83900764,1.8168657126086176,4.399837249602436,5.371693392766465
e6e13197-98b2-45cd-9576-4500c5f0b6e8,2.0705793521460847,5.003574308426913,5.798112139303401
e6e9e6c9-9b45-4565-befd-e96029e97263,5.27225922406531,18.125777317981644,18.826441000763317
e6eadf5a-7be5-4cc3-ae76-ddeb00b2984a,3.1774777303313595,10.230241406632356,11.075761232238293
e6eb0d8c-00b5-453b-a5da-9ab233618b67,1.912149708212104,3.9611310115430887,4.95700138681305
e6ebab6d-4392-453b-af65-845b6b660b42,2.171452376047972,5.348662514437938,6.241520090050903
e6ebe825-5a99-44a0-8319-09c72bbc2207,5.972176837211962,19.362986160074808,19.66320976812276
e6f250bc-cb75-4dc4-9a95-2ef70b3b51da,1.9591324523247915,4.097513621014245,4.905946826171122
e6f769af-3515-4f67-a0b0-55cdc00e68e6,3.15830367978506,4.361480540819677,4.910168116471063
e6f8cebc-0791-47c7-b003-06f1665fbad2,3.022080007760762,8.555382689836948,9.27652266549294
e70cdae1-1dff-4b5c-812a-2ff1563b2f12,2.028273561322408,6.085863462682313,6.736446227355077
e718c37a-6b8d-4833-832a-d8a8492cc96a,1.7506449917217932,5.542050837197125,6.429398309842975
e7225bf5-01d6-45df-8975-eaef2fcc3c38,1.7332894943419417,4.56254453878492,5.2358511780651735
e72a5db6-e6e4-4294-832d-4cf6c5781986,2.9913163293006577,8.148073294582993,9.093636897442822
e72bf56e-38af-44bd-87c4-787400bd114b,1.8789051924367888,5.77867269102327,6.778672554499114
e7398aa1-c8f7-4bbd-9add-a0231b97856a,1.7721262974008087,4.3291711411379925,5.038875089546241
e73a7533-4db3-4a51-a785-5ea099b217fb,2.248343917024414,5.572678720333321,6.4527192463526415
e740821e-fb48-4a32-8035-317351de2aaa,1.9904875246945637,6.168229254186212,7.149390962580133
e7426bbc-fd72-468b-9676-e510d6fac63a,3.614605336649785,8.133671464480285,8.810138275088365
e7430ada-f429-40ff-b4af-1aa7c1888b90,2.346170601813584,4.691658411465819,5.1770802630811215
e769d478-80ee-4ecf-a5ac-86878b26c8c4,1.9525186167244288,4.85843419530359,5.751926481294432
e7801c9b-098d-4cc0-af94-966d2c393698,3.344684215279211,6.430458170979998,6.819151240428712
e7877391-487d-4e79-81c7-fb06233f7438,4.217757578291493,8.991004603020086,9.730026345899724
e795e9ee-33c2-490e-95d0-831b2540f2fc,4.138169020471851,12.09442137125126,13.055657309789886
e79afe8b-dc3d-4e6c-8fa1-6f3603150c25,1.736906423688633,3.872254977886021,4.616788759501239
e7b462fc-5d4e-40c2-b3dd-adb8f12fd40e,3.328377733868173,10.83149697363432,11.830934103722608
e7baf94c-9bcf-44bf-a417-9344c033d667,1.737810669398778,4.2066300111655295,5.086945961009598
e7c88954-578a-4458-8af5-23a7d9cf923d,5.070032870674912,12.078594654617405,13.07831134811212
e7ce60f4-a4e8-4e50-8843-1236b9952acf,2.53768016614647,6.731003777382903,7.311154436811321
e7d76e01-0a98-41d9-bb95-56dcb8b4d462,2.083897551863708,4.554230632715221,5.55423062820181
e8074b4e-e0e5-423b-87a7-a5fc4e515e1a,5.879546782257908,18.81809593932229,19.805077108823163
e808fa4d-c150-412a-8210-068cff187ec1,2.135221473151004,8.0480535501687,9.048053510499845
e80f6294-bd1d-4650-8f32-09edf69b961c,1.9802225957075088,3.859522264434451,4.503574323721196
e814c848-a10e-44aa-bcdd-0b00073b209c,4.011539744198578,7.207280857564993,8.207280847056966
e83f47d5-a543-4b21-8c77-0864e77f7e1b,2.791533201587073,6.055049481524842,6.976753364473738
e840bb68-6256-4093-b16c-06c83053ed92,3.2561526388288016,9.153132733961057,9.879331423637444
e848d8e2-9574-478a-8ac9-fb3bda344f47,3.6552102882998567,10.902894439262171,11.836044514230458
e85921cf-85ee-42dc-8385-605b32dd0d22,2.603345913986388,9.945930914691925,10.28778402798213
e8608bb4-bdd4-490a-b063-ae5d1ab2d600,2.2391215748071267,4.64030275427467,5.599956629664233
e8647adb-32cc-4c1c-8896-ef3d66239c68,5.187757371751642,14.718663473239632,15.700673275673742
e865be87-e840-41ae-81a5-0f84c05da6c7,4.831262481325401,10.494959678448655,11.493888029339567
e87030f5-6fb6-4fd2-9bcb-1ef4dfebce74,5.4372616681027335,14.43271928988104,15.35976725389328
e870edfe-67c3-4665-953c-799d94b73351,2.584306818505921,5.437739770749175,6.284160876506863
e87376cf-6c52-4f1c-ae8e-b91a35a4a01c,1.8082943725137437,4.089145559521504,5.089017378348628
e874b625-dba5-4a53-a660-9345e3acc306,2.0663804471527394,5.685268086441611,6.577532682329057
e89328b7-3db0-4e1f-8145-eccf05b3b8b2,4.141050261171206,9.53006524978918,10.049722679973344
e89ea6d1-bddf-4207-828a-11093cfaa6ac,2.048653059575815,6.280681737156866,6.774430507207299
e8ac0dcf-f061-4bb6-9274-731f7149f27b,1.8255854380892444,6.0514932993984205,6.979263691489814
e8b0bad4-ecb4-4162-9f81-0bc67d5b6218,3.611508104322589,5.337045631694647,5.986121182025855
e8b533db-a5ff-4bc0-9ab2-de8afd0f0836,3.051700893402838,7.079746390480046,8.075461299415856
e8bc5a83-1f15-4d01-a25f-2adf4d8653de,1.749275502218695,4.522444006268043,5.256659017888819
e8c2405c-58bb-48f4-9979-1176bed487fa,2.323353398602172,6.688428824484246,7.202200168153337
e8c7837d-f7cf-4f50-aea4-ef7292f0d28e,3.454735150953968,9.494516427812163,10.387563834079543
e8ca564a-7bcb-4412-9c4f-e9aa7873a706,3.144715715022916,7.698093974655834,8.544725794224425
e8d3e27d-4c27-4e31-ba2d-0404572f9eda,2.074457662566887,6.558456185656594,7.558396698025753
e8d61bbe-e5ae-45c2-bc69-5d21fdfa609e,3.224427008155766,5.767736415736604,6.710037188735174
e8d79b32-7814-43fa-a508-69a5c9e8b58e,1.895053460191175,7.185606201463625,7.865600418676295
e8dfca51-051d-45bc-9cd7-d292f03b7c3c,2.792054478734495,9.11775075395076,9.784351887727563
e8eb1715-a211-4c3b-bc1a-da6d9cfdce62,3.896189194440794,6.123410737869858,6.6314061806336255
e8fe92ce-be14-43ff-99af-2930328385dc,3.328602850913838,8.374250177876432,9.361271437129762
e90b4ae5-b1f2-4ea4-ae5b-2ecd466871ca,2.008450118016317,8.783941002588765,9.649926654750317
e91d5ab8-c18b-4b6e-a1ed-0da6ec069ee5,4.288558846373356,13.63400272519715,14.460521215593811
e936a2bb-4f72-4023-88a5-2a97b503cfd3,2.32074070851219,8.182421342249903,8.964647975653039
e93cc498-074a-40e9-b65f-d7987a41d287,2.8624352438752587,8.097755461346383,8.953759424082614
e940d466-ba05-4eff-b2fb-aa162feb1ab6,3.19583306545304,6.340971203379056,7.321995160761253
e9435b6a-cdfc-4721-bbe5-96ec2e41cc10,1.9110075165978984,3.81663712027204,4.816634481653024
e949452d-1c9f-4c09-9016-56669ef106fa,2.354640850642425,10.667702866809886,11.043477377039714
e9558982-d47d-4fe3-ac88-8685185e0775,2.3086487519666097,6.164739954571067,6.812186638718577
e95e5805-8b1b-4f7e-aa7f-8cabd9e750d2,1.891429499948552,5.485775064117876,6.386971402010099
e95fe03b-ce53-47dc-a0d7-76f52787a9d8,2.2006627180079548,4.144999505421124,4.689983278849384
e96b4978-43a5-402c-8407-8ce5dd528067,2.2671738178878678,8.206717269358833,9.184711369814163
e977dd61-591e-4b20-bf86-8d7e0a8981ab,2.9542785986303604,3.939463659544664,4.939463529570214
e98b3502-e271-4c25-b353-7d58a948d2d6,1.864430818570794,3.807435102600013,4.727860903272996
e994e711-a774-4bd4-9881-cd2def7c9296,2.7046002688410105,5.4908695345388345,6.3668517939118585
e9a2f7a3-93f1-49cf-8d26-13ee53b7e52e,2.335122281073365,4.885978906304108,5.371532553532384
e9a6b520-fa9f-4c0c-a9f3-64c59831fc93,2.3016360237532747,5.252551290036658,6.252500974312846
e9aee483-0a24-4d7c-8541-38d0263b3c06,2.2645440495852487,7.596315147304161,8.554420225255647
e9b9b3b8-dd70-4e5a-86cc-e2d7662be394,3.170011604125869,7.554512767681876,8.197119524740744
e9e109e8-5408-4ce4-8d90-e57c6e47a2e7,2.678468863860049,7.734772288617961,8.72300933441777
e9f983d9-3285-4f59-9671-7489cb293657,3.8118725618906266,10.534105278585308,11.464596023323466
e9fbc0ad-3dc9-46a1-ac41-018e02bcf3e6,1.874104111741876,5.511686595947459,6.4137564527793245
ea056190-3e26-444a-9fbb-21ea4b8f18f3,2.4514511864700737,6.953548111465207,7.761176331175942
ea056eec-0d4a-4f73-a276-ca709f96240f,2.894165297638128,6.415120686703588,7.4151206852005425
ea0b5e05-68cc-4787-bd5b-721ce9634d21,7.789627113620031,19.399376899634092,20.02014130219285
ea120db7-bca4-4a02-a4d8-dd4229194f4d,2.283791538251585,4.165009931749321,4.45090685764799
ea122290-f9e0-428e-a509-b0ecb67c0ae1,2.0386180609119773,5.462815111682668,6.289279108216405
ea1278d4-efd3-48dc-82b1-2569e73b8e71,3.01389734547888,8.336154464962483,9.2094789043136
ea2b72df-0733-453a-8262-7d6714ceebb4,1.8417704399585488,4.02153910544556,4.983652526576118
ea330614-4bff-45e9-b207-9b12173c19ca,4.098976735328882,8.266929311912206,9.26692931174486
ea4aad11-add6-4806-8a5a-21b6a4573f8f,2.3752189201499334,3.804430782234021,4.445577635767281
ea50a913-74ed-4dc4-88e5-5d2b79fc2bd2,1.836669107290137,4.160026685370433,4.681347549742874
ea5bcde7-2395-435b-8e29-2713957c2784,2.1472119843776527,4.187429287649674,4.679546303398498
ea97952d-c01a-44ac-989a-6b4d683cef4d,1.8455734974980031,6.974438625878368,7.974023714514429
ea9ef394-fd18-4686-8e67-3d7279d1fc33,1.8687365064854584,8.118468640913818,9.116578188751864
eaa13792-dbf6-4bae-a11f-45a246823ab1,2.688560680644663,6.549292883477772,7.023376619399661
eaaf942f-d534-45c0-b7e5-fa8f3c66acc5,2.582231074435507,3.790056775055406,4.747911179662612
eab43079-4ff3-4c94-92c2-eb5e0177f909,3.37872725047818,8.716958682688517,9.714850669714838
ead7d42c-ddc0-4768-8918-d3745219592e,2.824627698400177,7.653041013029929,8.009883344031277
eadc96d9-20dd-4e1e-84b6-4710b571656c,1.849510677032488,6.767371351874153,7.766818608844439
eae7b6d2-fe20-423e-8bd3-37dae6224cb0,1.7751203266184834,4.766383366620537,5.7663833649049945
eaf0039f-bdae-4459-9a77-ac0a49665f99,2.4030474039146705,4.623193034326883,5.486290338192214
eaf73a0e-2a4c-44ea-8b01-688cf7cb00d5,2.824832656606745,7.9281573305631,8.286397228477021
eb08ae75-a37b-4765-a71b-20dd655305a5,2.422274935679253,8.044598615772923,8.936080092597804
eb09b3a5-8992-47f5-9096-62caebc404c9,4.190734699163184,9.36430573004118,10.192522338636705
eb2c917d-23cf-402c-a702-f987b02309c0,2.056846461074445,4.852932412090876,5.827184860344211
eb33846e-bf08-4d61-bdd6-8ecd16cf8b96,2.536806783208323,4.124822014500586,4.651553378734
eb35004b-faa2-4562-8d29-8e76cf87fbb9,2.516947792609644,3.858675283198901,4.663114356167259
eb3fbe65-dd7d-417e-b9bc-17f4357bd775,1.8555870286901552,4.067346138478637,4.590311886303073
eb426615-0c63-4a71-8257-06bc23805e2d,2.6514338131928725,6.091028655417481,7.002361277748554
eb492e69-ed92-4704-8ff9-3e44a72a91c5,1.8297030186619476,6.942286897753663,7.890017464737781
eb4bde9c-b21b-47ca-b0ec-42df3af4914c,3.8608707228163057,12.547679699043217,13.54734455152566
eb4dd9dd-2be5-41be-a8f2-7da74715d988,2.4386326652268147,5.511650112950788,6.336268209202411
eb4e9634-8716-4923-9384-54e3aea958dc,5.426278596276294,15.80783929075441,16.658381732590186
eb531d65-34d8-4948-b92e-b4f7262806c9,2.1669948351598376,5.196618523015899,6.135375006800185
eb5bb055-9513-4a1f-86f4-7127205e074c,2.3459712183350456,6.194831058461667,7.137348565157449
eb6ffe04-c5dd-4d9c-9c3e-7420491b36d1,1.8399145679769475,4.866438893894396,5.866435004732158
eb85b913-4786-4123-99c9-791c5e8fd7e6,5.523693426101665,14.876228277208249,15.846575283750736
eb94c238-98d4-4890-a264-7e855dd1b666,2.3256369198533617,4.367225676109143,5.154116801768659
eb98178d-0846-4a3f-b3de-cb99267b22e6,2.6397901901816043,8.19701759837226,9.195137240771055
eb9fcb7e-da77-48ab-a6cb-09ade38984a7,2.988431888166203,4.893468804023375,5.7540197977631244
eba8e3c8-6968-4eb0-b1ea-29b31be45160,2.180064642597716,5.251709285282713,5.870790405141965
ebcbf97e-1a11-41ba-a630-84d65ec21df4,1.850311738550012,4.5415638884043545,5.138296041846486
ebe2d41f-ccb5-4d04-a9dd-720c148a170d,2.7769278667997725,9.95537386204916,10.955373861435246
ebe339eb-47f4-4fcb-aa03-eec746f3d80a,1.9406626723494391,4.334577356750986,5.268853991533072
ebe78a7d-0bcf-4a65-a275-65bb2a008abb,1.7366077536720936,4.448765780626373,4.881789567607125
ebfc213e-354e-4ef5-b630-8636639a7e72,4.794937000786998,11.976799042441668,12.779404612860072
ec03092b-69a8-4d80-829d-6c08c62e88ee,2.1256472983442376,3.850500840829637,4.777795135797026
ec0945b5-b6bc-475a-943f-2d0b93a1053a,5.8827796356820405,20.79047798962364,21.59845686625821
ec0d0ee4-98f0-4bb2-bdeb-3a83c9275a46,2.4138997778632523,4.596712313811487,5.230565210399306
ec195aec-f5f0-4106-b351-6bca9f17b107,2.285370260093813,5.68704382725797,6.100229755527042
ec1e2c35-d45e-45ca-a7f5-7f6d4e817a21,4.049199282119351,10.421194816198234,11.330254019645777
ec307a57-6b04-4361-8c3e-ac0edb1f527f,2.765283449323717,6.146283911675098,7.146280938323395
ec4110a9-eaec-40d4-a74a-8b39c961a05d,2.8529499481391287,8.730154831589598,9.48530215155492
ec48303e-04f9-4863-8313-aa6b919a71e2,2.207787891746835,6.477074453704781,7.162843831660325
ec50e7e1-c690-4f3d-bcbd-9590c7c848fa,3.211336063751785,7.685729702834499,8.306395913914256
ec66e394-6b32-4e1e-9ca8-6337f5cd413a,2.6739467809566064,7.047432071471787,7.765152074848247
ec6decda-625a-4a0f-b1f1-f9d8b1e55966,1.8665674121099611,7.031699808744669,7.971583942982588
ec7980a9-12c4-4ac2-a126-db33657effb5,9.56725934795345,31.379928392856375,32.24253010049245
ec7c1567-2c63-4f92-a4f8-85ee7a2c9676,3.0180658004411227,7.783459424232273,8.783459419880291
ec7e6841-2e37-4b4c-a636-163598fbb28a,3.3587253386473512,8.94455336203662,9.94083387520334
ec83c8f8-4af4-468e-a20b-61b7674cbb60,3.5600042134923573,12.377388997779091,12.956863173225498
ec8a7c2d-09ca-4840-96dc-b51ce89085de,1.8097914266551696,6.258884746542775,6.95525058412867
eca57b63-9b1b-42d8-a431-3012211f9e78,1.9019976129802691,5.117515468811837,5.818528004570237
ecaaee2c-a948-4d40-97e8-ee4bc108bc2a,1.9084786460311185,4.0636634071030215,4.980813472907922
ecae0d22-4d5a-4894-95c5-e0c085b68c4d,1.91164367224904,8.34504417716083,9.345044011796652
ecae2278-d036-4551-8307-18e2c2f9edc7,2.045676642071027,4.844699294285824,5.528165013707371
ecb9eabc-4478-40b5-9b8d-972a17fcf91d,1.867607056306776,6.367139810228471,7.25909138398517
ecbbcb74-7c98-4398-8767-66b515e12b69,4.281728193256514,10.423760035722108,11.404869476984882
ecce2d4e-f9d1-4f11-a696-19bf87f2e520,2.708811223115916,9.903403123666743,10.815790234171097
ecd2c657-67eb-4705-b2a7-a3777b4afe97,2.3136164685949323,9.4966225795344,10.259742894924823
ecd3d0c5-467e-49f4-b006-bea0ce116449,2.6341595123556902,4.507491396348669,5.507036210471553
ecd3f5a2-68cc-4f19-844b-3faf778d3422,4.013837413200649,11.400232503111235,12.13449537826084
ecf08f64-8d89-4282-9de6-c3b40ff04b7a,2.566912980407657,4.497450780741928,5.300433729688651
ecf6c05e-96ba-481e-b223-e5d11c5d1fb4,2.1930722649210224,6.121367538485704,7.07376743620828
ed01aa26-d0da-40e5-9288-c3586df1ccc4,1.9715667313633136,5.04134163446702,5.945008448061239
ed07c97c-bf9a-430d-832c-28abcc3dfa85,2.475322031617798,7.17628301490861,8.17628299215042
ed131d94-0a4e-4705-9646-b1b49df55268,1.926480407540772,6.560313283190897,7.180314577494476
ed14393e-cc54-4270-922e-35a9992d9d7d,3.448524162525609,9.61070946923045,10.610707555265426
ed1d9d03-630b-43e0-9b55-7898a6a469d8,1.7556814802583944,3.785500876788629,4.426508044028935
ed2e84c0-2539-4316-912a-feb69862c29b,1.8328290080155825,3.856101922710284,4.8561019078073855
ed39749e-49ea-48bc-8fd2-e799104d2d00,1.9038853573608776,4.135791566555749,4.653545209202652
ed431773-f964-4fd1-88d2-986b8852aaad,3.047827537076212,5.356807557818708,6.29910739644201
ed4a4e73-548b-4eb3-8bd6-6d27cfe00060,1.791126545945787,5.880259309148142,6.830513090533136
ed74ccae-a85d-4608-a786-e206da624092,2.13469754524956,5.275816358447185,5.757861766199495
ed75e869-9f08-41e8-a8d2-ae0c715c843a,2.9278732332264967,7.546762680983261,8.378786704903925
ed8f6be3-5571-4c89-b02c-e644781f46c7,2.2217715853362296,6.752977430297483,7.560027787151726
ed98022c-cd13-43d6-81de-630f3eb7bf9d,2.0739886255570337,4.999558484013207,5.706855665876006
ed9a1f7d-ba5f-4368-bc30-69408416edb9,1.9228051831903503,5.592492278408295,6.558717361543298
edb1a4cd-a29a-4509-82bb-fe916e0a789f,3.0641585646634915,6.409445846694392,7.304940026809252
edb1bf49-4591-40bd-8e3a-f50a7e2a6de1,3.05005586473559,4.53023057572536,5.470947569458865
edb450f8-7a67-4e09-984f-6d1372249758,1.9313001837223296,4.272615786771013,4.946908784610062
edb9a513-e781-4eeb-ad28-3dab2403d819,2.454645065770576,4.350201146878908,5.3502011468659205
edd82576-45d1-4ea3-a1bd-5a446741fcfa,2.9426175776569665,5.159717567102595,5.844684977882348
edd9f7ae-1d87-4a07-bd4d-998e36be7e89,2.101131086410976,4.108347942827906,4.652942004782704
ede424e8-717a-4c84-aee7-146f8c330070,2.7021776561000848,4.702149899617632,5.702149891846591
ede540f7-cb96-4047-9735-7c00ca856111,1.97453085237776,3.963286492153742,4.85580386986766
ede91332-499a-4b90-84fa-be4675031545,1.8860466376408327,4.220547794929303,5.1952480800796685
edeb4d1a-b443-4069-8051-6441ffdf6328,2.7294894200693047,5.007031784011103,5.70036119880314
ee0cc1e1-5375-4a8c-abc6-fa5cf83c9957,4.553296266350004,7.734771011648526,8.597745351252616
ee18384b-e818-4cf3-beb5-8fa6ddb224cd,1.915713730175053,6.670030769527147,7.532070028895339
ee1ac4ec-b30b-4bf2-9505-007b7f5982c5,2.5164248042243,3.976553200719213,4.676593002309169
ee2680c3-a91a-43d1-8e96-73b8c420b58d,1.8583045699920464,5.33992969081032,6.264127927026573
ee37ac46-180e-4784-8ab5-d2da9c36d2f0,2.125557687483339,7.869697283148043,8.743508113928833
ee4143bc-30b6-4d5c-afb4-fc7935c27741,2.959657465733321,4.028877727719966,4.977542714191892
ee41ee97-1d83-4fba-8f40-9a5ee7d0d842,4.7100149543367325,7.672961758613573,8.670519223183415
ee4c72b9-9fe2-4355-88e9-61879efa4c11,2.0508222800136595,4.754112267706121,5.222444086174584
ee53235a-effd-4827-b2f6-552490a54a12,1.962203050122896,4.1811038756734025,4.852068593167823
ee5d8f30-ded8-4f5b-91e0-cf75cce0c2d1,1.885771374816616,3.949068535048598,4.878619525754274
ee6a0a5f-e749-47bb-96cb-0ab964caa8d8,2.569953509303411,8.339590318517025,9.005052996685189
ee73d118-d3e2-486f-9531-5848e3e6faf7,2.118190362489085,9.10581741895408,9.553377409919952
ee78b35f-a923-4bd2-8ea3-20677f497878,2.9581672874714355,7.733923817748016,8.68768679399228
ee7c05b2-c997-442f-a050-932def046c5b,3.257761183879074,6.751188879090509,7.303875477670886
ee8026c7-4840-4ddf-9c83-756d45d04b3c,2.045210795562708,7.03332264069853,7.48757685773958
ee863a01-5768-4232-8e40-069fa460f8e4,3.9784862844269138,13.245016893929018,14.24467547798146
ee95320e-c621-4b44-ae40-a303a55b97cd,2.836734424508488,7.157183372376653,7.872456731312517
ee9fa38a-8b50-42f6-952d-ffc165e03b63,2.447104643345259,9.137379154406997,10.104604128399256
eea3cf67-d7cc-4c7a-b458-1521ed292ea7,2.0600753164608685,5.675193819897092,6.549721697779758
eea66a96-9dad-4465-b262-02e64eb2151a,2.033320728694628,4.155204452659072,4.966943983697294
eeba3185-8ae1-4658-9ae9-f89e01a9333e,4.428222768924274,11.114178549648416,12.03357453558019
eebee4d6-862e-4fa5-a43f-a0117512f2c9,4.048153629015602,10.966556343825337,11.86787390171748
eec5feb3-ad01-4f37-adba-d01e3e19705f,3.0401939702029668,5.887006581649139,6.795713782478038
eecf19c6-875c-4970-90a9-15bb5229cf38,3.180946632365739,9.568483634516586,10.256897211322883
eedb1f40-e98c-4035-82a5-5d4c3ee2cf57,2.807606472775223,5.602056936759087,6.032837815447952
eedf1788-e2bd-4219-bd1d-8998d7339b56,2.0449085472187054,4.044741371783384,4.445934862140729
eee43c81-4954-495b-8883-7d64544aec2d,2.0124525057186253,3.971974036650337,4.609217510433965
eeeabc8f-bc71-47c1-a7dc-3f78ab0b1d50,2.566333309683261,6.045489747966276,6.727082130531084
eef7201b-9f88-4604-866b-916b43de74d4,4.028224059080647,10.56140326468411,11.216802880577692
ef00a692-6ce9-49d0-82e5-83bd4728e32b,2.539265237234185,5.557656512729711,6.32806938825801
ef00e8c2-a180-4b9f-a221-022d0eb7da31,4.148821338746634,11.530827096668837,12.530779105275377
ef146075-762f-450a-8d95-9dd8b48feaa1,2.186914706765428,6.627122451679122,7.325648150860355
ef1b4931-feac-45d4-a49f-e448a61ff5ac,2.2675620227673776,3.96114465234135,4.7468604722632985
ef1b7499-10f3-4e28-afbe-883b4424302e,1.9234902793728212,4.661382470079116,5.656165955849432
ef2a0f95-34a0-44d3-8144-41b752f8194e,2.147906941928412,4.934698458396181,5.874912622815123
ef2b2c07-e5a6-437c-9e8f-4c065c5a7c89,2.8365808705274875,7.713201696982695,8.64734597310853
ef4b9578-c2f3-432b-9f54-1abefedaec36,3.2240281371381005,10.778027559904029,11.3859841617089
ef6fe27c-8000-427d-acd4-822bb295a152,4.726739415783973,13.399074949873484,14.371082340397969
ef7f3581-4134-4322-8d09-c83985092516,1.8662925486188544,3.852913932816057,4.665418640783481
ef826198-1d76-427b-8387-3a25419cbd9e,2.535360506237869,5.9038088755980445,6.870535043732416
ef8d96c3-0e6d-47d2-83d8-37c2ed48dc00,1.9190446327552535,4.350040291917875,5.349403522432619
ef98b33f-51f6-4c39-89d1-3d65cdea6019,1.8368971644978496,4.300674803821657,4.946259312207946
ef9abeed-e3f9-47fe-929a-d53b454f515e,2.0289671556812694,5.386271682343183,6.34089305667141
efb6c0dc-44f0-4e02-8d40-ed32905aac85,4.256115959990113,8.822266289257618,9.76502531260832
efbc30dd-d31f-4d8a-9d56-a2a42835d438,2.262500710232725,4.915940775460614,5.878333382859799
efbc8aa8-645c-4dbf-a8c8-509d9a0bd5fe,1.852683713266441,5.409503830789875,6.251585923374886
efbef6e8-bac2-4a11-9c99-4a56ff4b9acc,3.049861891103611,8.00385133169202,8.710025116746708
efc1adeb-8784-4dde-b9bc-578b7643f41c,3.718868100012007,8.968669542769739,9.935813566574131
efc42320-66db-47c4-a16b-79f36fe4823b,3.497038967489554,9.259888612742312,10.259887586303684
efc7d4d2-cea0-46f2-84e9-841213f4bb7a,2.6262247027473795,9.103785114313958,9.674166300532356
efcea399-3e51-4829-888d-e9aa86740df3,2.182841793395938,4.832012608849678,5.788870854643458
efdcaee8-4b6c-45ad-918a-49b695dea862,2.17337049335194,5.16118195460281,5.887773660669424
efe2a672-ad0d-43db-be76-842174b33dca,15.58968649444972,40.942028668120486,41.32353415130604
effaedfb-4af3-40eb-9e61-e9d86edcb981,2.0767160948271246,4.806371715237368,5.514050321375082
f01717cd-9d93-4be3-b11d-98078469677d,2.2010161735664613,5.415045757645447,6.097114762355446
f0397939-5db1-4aba-a47e-134980cff389,8.1633524060492,25.48085099820548,25.8116351678264
f03ee9ca-0fb7-4b95-b4c9-1ce89e3bf453,2.8008059296820127,5.376630581849196,6.137796097359221
f04ece13-5c7c-4f47-ae8d-ea88c703c58f,1.9475741459434448,5.275377738436286,6.078549230667574
f04f936a-a136-41d8-af5e-f87b7104898e,5.642710871647164,15.084325122020264,15.700031923792343
f0508073-9578-4117-946f-20aa18052210,1.898903649969652,4.877325144860926,5.733770450906135
f062921f-5847-4402-b7fa-69b521abf237,1.9989094632458893,5.058730090603463,5.95913895481007
f06c74bb-79a3-4ad0-975d-69ce6392249c,2.667983296361042,4.662829409027774,5.573060230062016
f090ea69-36c2-495c-b963-76ec6d52a072,2.7205194378613085,7.838981219729482,8.73230732323413
f0911cbb-8e03-428f-9824-f30da5bb7429,2.0232820406522003,4.526283094158783,5.40661325302866
f098a0f0-2125-4e99-828e-a8d1c4644f3a,6.931067713882286,13.949159145879747,14.949133018261488
f09cff13-f39e-4763-a487-28104fbc9000,1.8350888393866491,6.205530748716144,7.076744091425706
f09d10fe-726f-4d12-848d-b7deeb74bd94,2.0188507445268127,5.775181256552022,6.775175772042863
f09ff839-f8c2-4945-accf-cd71e52fa278,1.962497938362443,5.401438635909647,6.219824243420194
f0a000bd-c884-4cff-814a-91b6a774d37f,2.393967584763502,4.989082794311192,5.926260162582166
f0ba36b8-b845-4f14-a609-6caf201edf0b,2.174213325262409,5.848159584350197,6.69371929131562
f0e059cd-8f10-4ef9-bbcd-14e9e959ef7c,2.138346162897108,5.368229899941193,5.799601921580071
f0e6c141-f1a5-4865-aec2-409a533c3ac0,4.019227698433315,13.757893083182374,14.716063630307792
f0f881ba-1bcd-4eea-a4fa-d08e77bc46b0,3.530265543826247,7.240358925309232,7.971154597929431
f0f89547-85fa-4d4c-a6d6-bded95bafeb8,3.947823196496765,8.320827783525317,9.24624259301376
f10a2aa7-97da-4630-b44b-384964d4da87,2.832539543522832,6.128062436176547,6.711353185334586
f10b574a-a180-42b8-b0bd-0d88c19543b8,1.949522192990064,4.526456828495452,4.832401562745054
f10b9596-5f09-4ae0-93ec-d110decc4e05,2.458932518277906,5.374401075909158,6.352621090900154
f133e358-74b8-4838-9aa0-f6ec6e64d132,2.062005936175861,4.797058332577268,5.714045536580682
f13429c7-d3e3-4a17-8dcf-d0a095a621a7,2.1940505908061123,4.032769446460699,4.867816905969423
f147f7a5-ce6e-4115-9e7f-c2dc676bd0e8,8.921325042167979,28.98978148764088,29.31659221540809
f1541490-ea07-4720-bc99-3432b3a3aae9,2.233659670272968,6.481220836291183,7.001829064569785
f15b072e-04c1-45e2-8ad2-964af850efbc,2.164814316993842,6.683656925774561,7.578789138652232
f168890e-38fc-4ea9-bf90-4faf4cfbe78b,2.9771944656664555,11.167442605126451,11.973750029282604
f16baf63-0fc1-4933-82f8-5eacb949cdb3,1.7660142818044289,4.228004903549929,4.940902675389724
f170dab6-27ee-4e63-a685-032a9ac6405a,2.213344382588016,6.164186817902256,7.097260867139583
f173c3aa-49f4-4dc2-838d-89f92649b371,2.369845182871813,3.932940798764376,4.785443237574795
f17df49c-c907-4691-ade2-83e5c31fd945,2.548977138395583,6.999715441933334,7.967516188597959
f18086a2-0232-4e02-b7f2-9280fa8d0e44,2.489322058467809,5.294038108855292,6.071201379137523
f183b1ad-8fb1-417c-b4cc-59b76f150e0e,2.198235798825912,5.326891606110077,6.3268912635319925
f18555ad-7d10-47aa-8de3-d8992c3840e8,5.160649940809649,12.011974622407482,13.011956317248634
f18643e5-e073-447f-af37-bffb9d8e8825,2.205205552497436,4.135592351900257,4.810084208381372
f187ca13-cac1-4a4c-a96e-7bb89fe16415,1.80772979221549,6.089496107812665,7.039027944412927
f18c7ded-d73b-48de-becb-32d71812f266,1.8458622762133197,6.677355379165135,7.670289660488355
f1989570-1b32-4f12-8a76-dafa36d7e6b6,2.979117748298309,7.447636443486439,8.386925900966716
f1bb58c6-19c7-46bf-9550-0ac24fe30886,1.9891625397831727,3.954062415560759,4.735815715632425
f1c372cc-0ee3-443a-9613-44e87a6e4710,2.1770614937302213,5.4633176621744886,6.330295038368311
f1cc6986-0f62-4b62-89bf-fcc178c26f3b,2.970465747603849,8.140821346136029,9.140553717860538
f1d589c6-f4d4-4532-b17a-4c50c7062777,2.06097794437902,8.417816593825652,9.417810969602815
f1da5547-caa4-4694-8408-a3f99cfc5dba,1.8684797048289985,5.021717707552543,5.374169521698645
f1dc89a7-7069-436c-9979-483e26c99833,3.0346193726397592,7.769968653823932,8.768842016472629
f1df7a1d-061c-49b0-8a64-46b303f8486f,2.387645250309304,7.16495289401295,7.546439138946175
f1f03f5a-7a0d-4fe2-b46b-8bec44d44a0f,2.6709771037189927,5.192424981847131,6.104560995433614
f1f288e7-58a5-48a5-919a-a8536aa323a5,1.8556243457404404,5.676206290232946,6.653002318473102
f21b9af9-a221-4a0a-a894-8415a9c79938,2.488333166669439,4.487924341551411,5.156047005106893
f2397eb9-eab8-43c7-96e5-3a8bdc8100ae,5.722852675763089,11.763884307354765,12.458787004449125
f23d858c-3eee-4785-b4cf-3c716aa6d1d0,3.127400441721268,9.925435036002623,10.92143666538893
f23e15ff-5b69-4ab9-b637-d479bcbe4752,1.8629271492240285,7.051704593760347,7.785721465339407
f240f096-d5ac-40f4-8821-4e861ed50069,2.7700088210634,5.871031706206569,6.658040200413564
f2472f28-7692-4852-bbc7-2c6451f8b48d,3.043973963428644,7.731426579683822,8.019646154790468
f24aad1e-5178-47b8-99c0-e94abc403631,3.3135718857345364,5.076736723534856,5.476320520865268
f27baa84-7558-4a8e-b158-44f2fe4a7983,2.3109638218747697,4.531029042769116,5.426995465889512
f28d40ca-31f5-4b8c-ae41-dd3b1450da97,3.1189781042677587,6.650147247972531,7.484116038114284
f2945e97-d179-4317-bbea-933badc35249,1.930168385657642,3.847608366165529,4.569144193646755
f29b5a83-2625-4b51-90d6-56b6baced133,8.18050162641602,22.087385328905903,22.909350030954464
f2a75c46-79a0-4722-ab9d-68a5ba790d40,2.168769144156129,4.45427096626781,5.430175264580579
f2c238c6-cbf9-4d5f-93d0-0690d58169a1,2.837520811151016,8.155808948940638,9.06662356802008
f2db4466-0836-4049-915a-4a7cb3497373,2.7276128208578765,7.005542140257117,7.838864440568681
f2eae31b-a360-4bf1-bb2f-289e73721d47,2.437630976972151,3.737008148893167,4.665092799676996
f2eb853e-2552-470b-add8-845be47ded66,2.6645939502655125,8.984814537824363,9.851116772311448
f2f84658-7aaf-44f3-a5a1-c21fab574bb1,5.015578592216214,14.883726437143004,15.75113295904126
f2fc5189-c839-4b27-a7b7-8b8a8515e685,1.7706169064499055,6.808861330436885,7.3870420554724765
f3074e0d-b9c8-40a8-854d-a6f220a3448c,4.185571157465513,8.077781673107207,8.859249053371753
f32e7023-6686-4a40-b96f-daa700927a2c,1.9482295523854225,4.442822348168454,5.442816863147415
f34ec806-bb6f-4c86-a326-5331bacfc969,2.221898366411849,4.285060292165009,5.285060284628512
f35d62fc-cadb-4319-9c2f-452abc41a49b,3.4516675940838724,4.347532069070666,5.125273199651281
f36a609c-7b53-46e0-9fd2-278ce1633506,1.816328601830888,4.45066111890838,5.250298331522155
f36e8b28-a5a0-4a59-ba7e-189ed20034a1,2.709826765350615,6.357062221274388,7.221898343369119
f39b4eea-299a-42fe-b643-26ec14ece8b3,4.412047760864647,12.390221741444106,13.157502887123856
f3aa310a-b794-4f32-a2e5-03ff1b716590,3.0108832089018804,11.922855495809232,12.922534842440216
f3ac3f7d-78a8-46ba-aa46-9706ea77785a,2.9326513642945247,6.060191906625136,7.054719808734853
f3c6bc7f-d866-457d-b01f-96ad53218774,2.78775570861931,8.78468657357196,9.607889614100428
f3cfb962-3fd7-448e-9c1c-3149b03e6001,4.489034668591545,15.199575872627982,16.13155390549648
f3d21cb1-6dce-44a6-b370-213ede25efcb,2.1269035546518924,4.421558727176917,4.978485014745326
f3d4a3ea-6ed7-4501-a4ba-51193f7c3a29,2.1316041444964147,6.405680405649867,7.007006582650256
f3e2e489-a51e-4cca-8010-15db366d778f,1.7312506305311717,4.764252706420839,5.622764967193755
f41f9b76-2228-4956-b52a-32381d955f9d,2.1629486410417966,4.04625521594316,4.679206674401723
f4254aed-4f3a-4881-9762-2b3794278609,1.7854220238755107,5.259750476926616,5.831923792720266
f4281f0a-edb9-43dc-ab30-6aac6b4e1064,2.0109227494242665,5.046883679743639,5.553539921214932
f43355fb-e244-4f6f-9dab-73a57d88a0fd,2.029414826202742,4.164116892103645,5.092819085359194
f43e8071-7fc0-4a8c-9280-9b3fad364474,3.5755963762372898,5.29010849094788,5.740281001531215
f459f4bf-af48-4d0b-ae3e-ae26e37c1186,6.252456023654904,13.389364286314446,14.221152872980548
f4679c1e-17dc-47d4-aede-cbf8dfe85a3f,3.498203450159892,10.970118840704414,11.87466450552995
f46c8b16-b761-435a-8349-ccd73d4ea2e7,1.741338779240578,6.491978218665011,7.35871440479277
f4706eaf-134b-4bab-bea9-d850009a89a6,2.7941321183349705,7.142691845679977,7.882492628609938
f488a35e-17fb-4bab-9540-3a7fc78c62fe,2.207644896366433,3.9476962659740096,4.89316883506945
f4a14baf-df9f-4872-8bca-b42285a39516,1.953694557040336,4.397179123019428,5.31709852740535
f4a5d886-907b-4167-aa8b-a4b05e307f47,1.83014529886636,4.566758894087008,5.168618850764197
f4aeef53-16a8-41ea-a1d5-a7f1bad029e8,3.0653470037279136,7.70658279093053,8.084365496601254
f4c4958f-2ae9-4682-90d1-e05910b3ae76,1.7973780438490057,6.982041193100447,7.349730058843318
f4c6ee64-6330-4290-afb0-7f688efc0eee,2.432602418015976,8.180137883870273,9.025907269721635
f4ca4e12-9185-4536-9f47-fab4421bdfa2,1.8904147818791897,3.851485365563835,4.807359983008224
f4d5565d-2607-4631-9e67-01e54f06adcc,2.340746648316667,7.704359117105602,8.685736355311384
f4e2e259-7188-487f-a972-68ec332f66a1,1.7484497635459393,7.001079350735066,7.692666161540674
f4f75030-ab46-41cc-bc4c-dc6526f064fa,3.2744493178633007,7.063267021087366,8.063259758172546
f50030be-6fff-401a-be87-4ccf3d73621e,1.8792153118402024,6.468579269712195,7.018019497086383
f50105e3-2b8a-43d2-a422-d85b004bc49d,2.4372762903187226,6.436465085472845,7.03736596640933
f520c565-72a7-46a2-8ea8-07385f586731,5.261347024914657,11.62784664076602,12.610143371441806
f5285633-40e1-47a4-a1da-0277851b5cca,4.667574342034609,11.118260514827764,11.710921973891026
f5530922-879d-490f-b697-9e6085d9b61d,12.818550409234712,36.79992611146674,37.18633014771871
f553a3fb-f671-4ddd-b1b7-5276ecbed507,2.881860863729722,8.388394351139514,9.060918011632312
f5545c23-3d83-4200-a3d8-39751450549b,2.2211394070588044,5.492399423966991,6.211178292746329
f5570451-e515-494c-b7df-cfa97c9462e8,2.9593395671930907,3.741128661503703,4.614709888253625
f55ee64d-083c-4f70-a0c4-64b70ea00a67,1.8073809771705425,4.188633591492368,4.953049582780765
f56be67e-7580-42a6-9a42-dccc2e286f38,2.6661162070927618,7.468959377236392,8.41488415807039
f574fb3a-c57f-4072-a4d6-edcf4a95b41c,4.080383198276502,9.2531121645328,10.159259676672022
f57b87ac-0d6d-4db3-b6c7-69d9108d95c0,2.6828070706323417,4.814440742878186,5.780347973451186
f581914e-44fa-4e89-8376-26bbd199e36e,1.9284640520008844,3.8266555917861487,4.700732894698328
f5864d43-e5ad-4d09-a826-21e9e9dfc021,2.478478733410063,10.760002269767424,11.40706685197531
f5974460-3617-4c80-9888-904a89169ef7,2.085291551968031,5.370071424708407,5.948148420045468
f59a4c2b-eb9f-4bb6-bb2b-ca2275369ce7,1.890211930790898,4.304876213461053,4.923752237822934
f5a09a5f-4a87-4b19-96a6-bfde054d327e,2.08679758046398,4.575596736244052,5.01627018325476
f5a52c59-8f2e-41d5-887c-89aaa3a049d8,1.7670536303903268,6.42534631300297,7.425272520141287
f5ae1146-377d-4b1d-aafc-de035ab409c7,2.985851722630801,8.28716276627478,9.11717147307496
f5ca7071-9b14-4139-832b-12443aa22c0f,2.281472904300527,4.693216339005305,5.4977923317804125
f5cfc9a1-3180-42c7-bd61-f3123a792945,1.7493066094982814,4.0675001011907,4.878685554871575
f5d26526-64a4-4dde-a811-642ed8cd5463,1.880494313097036,4.085573213757478,5.074743961718124
f5ec458d-a012-43b8-b630-a3ef979567cf,2.0191039810618263,4.068828532999355,4.873330265615071
f5ed92be-9ccc-469c-8088-de86ed37f556,3.574910799963741,6.338134861352219,6.937485099743051
f60d6736-15ed-4bb9-bff0-436c9c397f47,5.588734588331886,10.892002370099114,11.832657149681884
f611c0fa-1ca3-404d-a652-167e12df7bdf,1.750645059639342,4.97049104083254,5.918644235193159
f6124fae-ba38-41ed-af69-b5cacc07e26f,2.689575482978846,5.609224291657571,6.321791530181924
f618060a-3c76-4d9c-9f91-f8b6594c84af,4.962574581220862,12.464221143799156,13.01634147184556
f61a70f7-b8f1-417a-aff1-8ba0eb729267,2.8555651925388847,7.710391457126932,8.71039143757247
f61f7633-23e0-4c97-873b-977834204701,2.176608893521947,6.720564471137613,7.456002379172533
f626a850-1d98-40b9-8643-25d844d91687,3.573076885536405,8.762012720895816,9.727635475500763
f62efa08-14b8-4aa7-b2ec-e3edf773c628,2.4294309301214425,3.980039681378043,4.628527198282166
f62f8e7f-f03b-4009-a9b7-7b15af46c9f6,1.9548411518309337,4.533522866934336,5.347027770265519
f6370b15-7dad-4fdf-81be-97a5d4907030,2.6619286341164536,5.828565576530805,6.674686485273936
f64a3192-d462-40f8-9eda-ffe49cfe4d43,1.882205825658138,4.741677445378684,5.277848589511113
f64c5d31-8f77-47a8-958d-95f2368b8cdf,1.820847257768776,4.2828827298375565,5.058041514924195
f65639e8-d474-40f4-ade3-9f19bfc0318b,2.9339129221207325,7.277162057093196,8.27716151280186
f65ade60-19c1-4b2f-91d5-bc097d0c840e,4.939191367484777,11.651123845886092,12.594084366345372
f6603155-bffa-4627-8ffc-c7dc247e6204,5.060874985358705,12.614004570750572,13.611532065227214
f66c5a0b-74ac-41c7-96ab-211dc76d92fd,2.009154473399121,4.238976729206269,4.800581124936239
f6837261-3611-4522-a93f-a309c25a79ef,1.9403522980592196,8.819738038055535,9.481810267804924
f6846778-9786-4d1a-8007-902993b53fe8,2.0728522657816875,4.25055976845509,4.862400759196992
f68b56b9-c109-45b9-b874-a96723d8a4bc,2.093636925379564,8.500184629099456,9.11991289003312
f694e5e8-1036-4d8c-949a-bf3aa678f2f1,1.950978067205932,3.8812746217288008,4.863688650812605
f698e501-7b3b-44b0-8e55-aea9ebc06987,2.454706650893732,4.896572087697937,5.835449076823723
f69a6b71-d5af-4cc8-9fa3-1eeff1c4f7ea,2.08253922782592,4.672448827924291,5.467910071134704
f69e6e0a-6b5a-400c-8c97-fb79589a58f8,2.2586948566754126,3.760026422551352,4.747524170508792
f6c22e6e-c1d8-479a-943e-3ee11543a365,4.309647470761667,10.952330005013456,11.35274119696713
f6e6f99d-0679-46ba-8c56-706a722d25c6,3.4807929664848563,9.106667093374714,9.75703889446255
f6ed20a8-cb1f-45c0-b9bc-f3e2a65b406d,1.868386696769928,4.494788983582824,5.479855093908375
f6f0013d-5773-4505-b14e-fbb9c7fbe4f6,3.260522452348848,6.622139355185326,7.531290259478184
f6f86eee-278c-4425-887d-4df80b4512b8,2.7619041846256547,5.635040075348637,6.577496412862432
f7053896-5737-4c21-86e5-5f6a25dc09bf,2.6903220792045675,6.450091284310125,7.026584679330649
f70cf4fd-5d5b-40dd-a475-4e57369672b0,2.0253282552791734,6.235033811449647,7.234979196799295
f7119619-dfaa-4c80-a943-6e3276476a6f,2.9262154317025684,10.196371879631052,10.73667649369053
f7140787-ffb0-40be-923a-e72bbb014e70,2.1370067445543004,7.846417168714623,8.846417166320132
f73ec361-959d-499c-aa73-a925e2f9481c,2.131504903438429,4.192400036508348,4.987764301185393
f741e2d0-5de6-4f63-b1dd-cdb76f4b438e,2.863433570952784,4.826434724363325,5.295327002553592
f7470e44-52bb-4f48-a4cf-7cdeaa76d9a7,6.018001718827384,21.28043329977874,21.771138171554377
f770ae2a-e9b3-4307-95a6-cafbb598a4af,1.750272242275113,3.9969534394692414,4.935970364929804
f7825da1-4838-4030-ad44-4f665673c27d,3.5395365782177217,8.13380755494777,8.788485006626761
f78627e4-f4b3-4289-8b8d-d99cf1542ebe,4.370053405224636,8.84786655704271,9.7114784448473
f788b8f8-f315-47ee-b4b0-e84950b83da3,2.3734912329125324,5.524613500302534,6.405024750426303
f7a57b94-f45b-4671-a5c7-90b4aa549913,5.369961486629524,11.783055093160634,12.403819488034385
f7ac3973-43bb-440e-8203-5241383432bf,1.8392886413093548,6.601593340504323,7.5756079423616285
f7b1fd62-fd22-4fb6-b00b-7d9f1e1a8658,1.8119324771835024,4.158804768378573,4.699594780565343
f7b23d12-4186-4fc6-845f-57c2cdd9e404,1.894363410253168,4.58355210952606,5.450157585418126
f7bdd6c2-ff85-4bc5-97ca-1ef8c09d909a,4.482085937281755,13.103059419743792,13.898810144902756
f7c462a6-0b06-4973-97df-6c625627018e,1.8112023235136507,3.946777088616424,4.946772000808927
f7cdac9d-0cba-4394-b0af-18e8d33cda24,2.108028976202531,5.363133295459541,5.990700215592555
f7d290c8-dbf5-4d1b-b73e-5996de8c9c08,2.523452822215485,4.597520118201141,5.5961140303636
f7e1b546-8d2c-40a9-ad88-d141f59f900d,3.464718233491262,8.5822976449742,9.186482298554775
f7ee8496-b176-49c8-9132-ca069be6ff6c,2.895302045846977,6.355548158091009,7.186080231289794
f818fcf9-b1f2-4194-8f6c-9c57c87b2f53,1.9775521586841365,7.289894637954399,7.827245121028811
f81ea63e-55af-4b9d-aeae-e0caa29d089d,2.849180800891281,9.97102906912586,10.8513440407053
f823fb27-6f0f-4f2e-92ed-28ffab556a5a,2.1909179767698443,5.892457470823973,6.341872205022427
f83aa614-5480-47b9-8134-7eb890db2b79,2.4463612754315607,7.185534973364298,8.09968685668606
f842898d-f692-401e-9f1f-9f51d1d90cc2,2.9640104093047444,5.343582297840878,6.13047286386454
f85707f6-fe48-4302-9913-2da9c2251921,5.50384910550619,15.107410794669526,16.02373064786672
f858bdb6-54ef-485d-9197-799cdcccd3ef,2.209608554523852,5.317050664226189,6.197360347554766
f85d23ba-5c39-41db-aa17-b4d52a65ab6e,2.1300369876413354,4.308244217712335,5.291238944653675
f860672f-be6a-4632-a562-aabee2e2ccf7,1.9291861908500691,7.300055807889547,8.054901174036228
f863a6f5-bf6c-4dc2-be68-3a6b98904174,2.643862327350009,6.180546915731141,7.180546910857887
f86a8e7b-6eff-48fc-bf65-c57d539d8ec9,2.614937026256508,8.06890395056578,9.068903812847894
f8795013-9c78-4744-8ea1-943c0ac95731,1.767954228994392,4.124806124500553,4.999397946909283
f893cb82-fe3d-405f-84f1-66bf40bd4d61,4.126171374949467,9.294527029430688,10.08840467468145
f8950ae7-c32a-4b74-a4e4-1285479d506d,1.731221235147292,3.675018709757386,4.6417008335441405
f8a4fc11-5f96-4d91-8161-8386a561066c,3.723299986027091,10.587972009840954,11.200429155150545
f8cf502d-4e87-43ec-806f-42d6e4bc35c6,3.4665817939067125,6.565103676347794,7.320145154942697
f8e7a6f6-82be-4f4f-ad32-a14331f66c8b,3.586446615981274,9.605283932083704,10.278711500667407
f8e9ca32-6c04-4200-9628-7a347d47dee5,1.8524218986145355,5.065809440718343,5.629740677254272
f8eaef8e-e803-4989-8523-255894fe5e5f,2.2483910969071093,4.680200654963117,5.509796613576576
f8f3d797-ecd1-4b1c-a793-42ae81d67376,2.55372960061925,5.21096627617981,6.173016482623596
f8f49846-42fb-4762-83de-0c7195f8babb,2.2996611231228266,8.78942408997161,9.789411588448155
f8fb1d2c-6506-4379-9daa-e6fce475e379,2.0576571612835983,4.441306686955734,5.058873732911959
f8ff8116-07a7-442c-81b4-d177e132f095,2.362439294720941,3.8018845083377433,4.703108226326516
f904dfc8-41ba-4edc-ac0e-d150012a3ede,2.8684168565492234,3.913414002518101,4.553206313416
f90501ee-3c13-4204-8164-4ec7b1a19a34,2.348606433821945,6.59684459190215,7.5963804444300465
f93ac513-d8fa-477a-9cd9-a7414b14d2fe,1.947994623064249,4.331673353218823,5.184341947003842
f983d284-9589-4f81-9694-9bbceb98ec5f,2.1168129107841795,5.5391082653253925,6.500098661218894
f9949764-c882-4f81-b8f2-e1e69cfb01a1,3.3437516682660147,9.419236099489355,10.299806979624842
f9a2aab0-07ed-4970-b462-a5b7e4276973,1.756254582864617,4.478868236991596,4.997064280211503
f9a37ace-8625-45e7-9f53-16388dffaa85,1.864447064674177,5.489717713339794,6.287663162036143
f9c30dad-4ac8-4839-826a-f0eb0022560a,1.7421396409369383,5.588291582930616,6.429373303699581
f9e0c865-6fcb-4e42-b95a-e92aac226ca4,3.1486782414330534,8.399540544483873,9.397151923678972
f9ed99e4-d131-40ca-82be-ce7a3712bbc0,2.002052812244377,4.8335033339304765,5.523963108045659
f9ee8965-7592-4b04-bb5e-a571d83b86ec,2.10724403393139,7.276307942082797,8.236966837682044
f9fb9968-2130-4707-a5b5-f88ca3b1763e,1.7765326121283842,5.390055950280883,6.3179817744034805
f9fda50f-3aa2-4c54-9244-680be0d3b09b,4.349234316030291,11.984492514417818,12.467461998475006
f9ffb763-9386-457e-b2e5-91c401a61282,2.1498510195971483,5.755886432375927,6.535512005547375
fa0c0071-a50b-494e-877c-a97c1f955f1e,1.8510588251348,5.418427347348322,6.372116479227455
fa126ca1-62be-4579-abdc-96ad1ba2f213,2.86362119974373,9.970230472433508,10.882323314227952
fa212216-dbae-460a-9f10-6b275e0c2945,5.840648025222617,21.8858005137172,22.589375007346177
fa2641d9-39f2-4a60-bd6e-c262fba36369,2.462904165702013,5.745298039561882,6.551812637862532
fa2eba0f-ff54-403e-a0a2-95b326500261,2.598331502685227,6.466423732779573,7.466420799716375
fa3f7ea8-28dd-486d-b59b-d5c8bd0aef5f,1.8083094739453036,4.784058473042452,5.283592075100174
fa3fcd50-d743-4932-acc7-15a55d9d7506,2.7284326743747807,5.742540151331228,6.57368485619272
fa42f678-c3b6-427b-83b4-0923600e95e3,2.230698117716892,5.970919806914924,6.803818248890888
fa4e685e-d12c-4d48-a3e0-6395ab07ed37,2.688560680644663,6.549292883477772,7.023376619399661
fa4f75c2-bca1-4be4-876e-ba44279098d5,2.162548660360549,4.483635847025671,5.4071002658330345
fa63e064-5da7-4576-ad26-52997b67d03e,1.864661534890395,4.283068334665923,5.1976482938465
fa775c2c-6008-4e3b-b552-0256e30cf088,4.494543908121386,12.641555907143394,13.64154896997639
fa780b8d-2837-4a61-990b-a551ab7410be,1.8650462056444173,5.900234454861168,6.683886344407924
fab1e4ad-d03e-429f-aba8-7d0c0f4b28ac,3.5432677762171583,5.409558611199525,6.369564432725797
fab672e5-bb7c-4a54-b862-830b5d0d33d6,2.883629525349677,10.330413240024631,11.01792209071956
fac2e2fe-e47f-4c80-ace1-f190b47174e9,3.051629049104709,11.504207523871626,12.4764565206238
fac72425-1ab1-4181-a96d-83822ef03fe9,2.5014924325272103,4.497462433467105,4.970133356976631
fad2d07b-aafc-44f6-976c-95c06c6cc4e6,2.01067374647411,4.395944825429968,5.105374552237244
fae58ffe-c05e-48c8-bda3-9bae468a9b06,1.9501846708888917,5.5598763378260045,6.5383602486215535
fae6696b-44c1-45df-87d5-67d952a2274e,2.7709418457164303,6.638118003148935,7.594429556622416
faed0a63-b14f-4f54-bd29-f3731bb8bfd4,3.609651904781115,7.886074724027121,8.521140984670689
faf00846-8321-4858-9da6-6d97469cbecb,1.748441671384411,6.166663778363182,6.919110658740479
faf6b04b-ac72-4e4a-9597-be83f9f2ece6,2.5026403554621437,4.143469355834063,5.14346935327279
fafd968b-2865-4fdc-8668-f5251381212d,2.1801442505227,5.537028658133681,6.137728627635904
fb21ece5-5961-4cbd-af95-dc396c7f2e5f,2.05710214185649,6.37211654884669,6.9779488189956975
fb284003-1010-41b1-978c-4536607a49a4,3.659128863631061,7.53271740500186,8.35194963631225
fb2e1a40-55b9-4ea7-a2d5-6b4ca22160b3,2.1631442583927685,6.327314669580647,7.027710569797897
fb3a3f89-4c00-4d19-9f27-f8e55b54fc45,2.839998446754382,6.769094397061962,7.769094383053192
fb6950eb-9940-4894-b57c-292872e7bf80,1.9720026421867232,3.7917440291797857,4.78163787407691
fb74cccc-1923-401e-9092-a8b4ea95d221,3.338079572780157,7.485969190383328,8.131947001030387
fb761de8-14e1-4ea6-a5dd-882c1f2df6df,1.7374947307277582,4.9171487674611445,5.723856823432321
fb916048-dde0-4774-bcb5-cb2c458a241a,2.1151974539667995,3.9581991999449007,4.958191845190255
fb97b832-eb45-449b-abaa-ec162945adf8,2.140940293726632,5.622787820079511,6.539881789076591
fb9b9797-690f-448d-a852-1e75c586de68,3.3192077265470044,8.177676480180262,8.823118449119459
fba087d0-c917-40dd-994c-86804aca6ff0,2.5413140727241497,4.00147930603552,4.590628324330599
fba290f8-d9b7-459d-a076-8aaff6fe22ee,3.9450366318094994,15.437915842440342,16.206926913956693
fba44c03-b340-4ef8-a0ee-51e75380e590,3.28052944720568,7.430172908756438,8.196137250072669
fba5101b-a95a-4062-a336-8adcabf13e51,3.1009165656913207,4.911682020622342,5.847667992854938
fba73657-5a92-48b9-9347-c9084c5027ef,2.5573555351697865,4.04423404578742,4.450808098616161
fbaa76ad-232e-44f4-9418-eb7fdc95f712,3.463954650973884,6.581237252307416,6.965373298236527
fbaccb03-298f-452b-9ca3-a4249ad15192,4.99587633906427,10.18769259755087,10.941090738154672
fbbd6754-fa4c-44d1-a378-149fcd7de041,2.5103660400841314,7.058271127284846,8.058271093604676
fbc38db0-0878-4942-93aa-d51ec9be3c7a,1.7955149818145848,7.197155035960047,7.676373349087721
fbc92e69-a79f-48b0-bc5c-b1f67e302bbb,2.4661070299421537,9.851556783545549,10.27246802461403
fbce1567-82dc-44b1-9783-a4b445ea2632,2.155592321366623,6.308163228448131,7.02872349650395
fbda8349-1e8c-4b2e-b5ac-f15dd494db74,2.097057042808016,4.825961523946969,5.492776128468442
fbdb41d1-8a40-4166-bb57-1904d7addcab,5.875807503239754,12.754172651252018,13.205850649722096
fbdf248a-c5b4-4c95-9de3-9a15edf1e2fa,2.090688895316398,8.290155001002622,9.146385533057012
fbe5d4c1-20d9-4af7-95ca-540126e55e8b,2.0377950149080424,3.87699883850392,4.424196321514546
fbf085f2-663a-4dcf-9d98-e759f25bc21f,2.10701598300131,6.303274295901212,7.303274074034689
fbffd1f7-8849-4d4c-8d69-fa70094ab5f5,5.65733673717592,18.77707075236445,19.734989705675197
fc1b432a-8b57-4216-8cb9-8688a382d4f2,1.797214609304063,6.376511274997891,6.970665344027746
fc1b8242-902b-48ed-bedf-be893bb40361,2.8133497338039737,6.626602332184455,7.269768270387972
fc23589f-bf27-4baa-9205-a3fe117bc8c7,3.090380965329385,6.217032509574386,7.0533125324444335
fc2466bf-aa4e-4709-a6a2-4c2d0bbaacf4,2.221716208393233,5.386229595200833,6.213404047734235
fc414619-fab0-4fda-885e-1bc2aa8f0ba0,2.2026592540693333,5.31295262770611,6.097012843863339
fc467f6b-27e4-4f84-9d7d-4b420f2e4cc0,3.997311509201317,6.13203577585714,6.850484169787464
fc4f6b31-616f-4d29-a9d6-b6b68c642104,2.186540869165059,4.845610033713214,5.618724035887714
fc547804-c852-4088-978a-87b33c24f96d,2.337951863483123,4.368749287998047,5.150636213278359
fc599645-28d9-466b-9a6b-9089ce1a23f9,1.8917374723836984,4.030738972032992,4.834022058911978
fc5fa9bd-098b-48f2-b14c-822d3430f5d0,2.060254241360705,7.310887160452963,8.188160196561107
fc7b6d5c-9637-4ff8-b5b1-af7c7194b132,2.0657472198797047,6.312752904690853,7.080393250356173
fc7bb089-c6c7-44d1-95ba-187bee1c35f4,2.261037696212254,6.522675274489924,7.521803386217376
fc807a4d-7fe9-439a-a6ab-2529ca6314e0,3.241532063649101,5.495855468909136,6.185608649455506
fc874761-e7d1-400f-9206-b3f211380ead,2.454800436565027,8.083601899919257,8.567347772691022
fc97c8fb-ca52-48b7-8828-64db2332f9c5,3.723633097310208,6.832794866278448,7.464129801537739
fca98fab-d2b5-4f44-b932-df2ffe789e23,3.494299035481436,9.798633889349698,10.790623658656587
fcadf22e-7d3c-4bd5-8d8e-135b553e30bf,3.552262264190765,3.771455431982442,4.486985047465059
fcb90fcd-a1c1-46f3-a970-79f22888b22b,1.8931999604928391,6.383723048020298,7.161663358716403
fcc0bf29-f84b-4c5b-a520-028e81aed757,2.511394406088611,5.848232662064963,6.798772911634315
fcc16860-2036-4e9e-97a7-bee0135b4fa7,3.038828373885841,9.790443729669864,10.725593954339724
fcc3e623-f3d9-431f-ba62-6aeaa9ae6637,2.1970723602934887,7.01595479457489,7.868215528309241
fcde76f6-f79c-459f-ab32-559d97bdb52c,2.629005266993431,5.811401159361339,6.628216196683415
fce4fa61-c5c8-4ab2-8699-f5d26b231cd6,3.0983402223689818,5.077622010570786,5.924716645971328
fcefdeaf-bcb2-471d-82e7-ab31648f4f8e,3.4881178362051366,10.537067603626534,11.336555836695098
fd3699c1-e881-46e9-974f-0847b47406f6,3.1113496480638,4.96517011443587,5.881719353944033
fd38ad5d-bf49-4d54-bcd4-cb0428a539e5,1.7685137064710226,5.044709128417918,5.707912764129374
fd3fdf9c-8be0-43db-84e5-c76bf8e74c83,2.7843187085368544,5.90747113372042,6.217674759451452
fd531a50-2039-4cba-a7c7-e0e9d381f352,3.4935929929257896,4.852957446564646,5.512182386834905
fd5509b9-d85c-409a-a2a5-9571ebfefc4c,1.937104518158989,5.843097884525198,6.376566974667689
fd5fb4aa-eba1-4bbd-8b15-44fd4129716a,2.327843504025063,6.748669887034186,7.747433693115584
fd67a19c-500d-4eec-a4b9-cced46bc1f2e,1.81725962290357,5.05199413771791,5.511610830075342
fd79ea3b-9ffe-402c-a53f-7e8b3c7f8e48,3.088593648921496,4.824115366819511,5.208480569040345
fd8031ab-e558-43b1-b4af-333e86e33a8a,2.2917086738181767,7.769924614600733,8.601360491926176
fd8aceba-6ca1-44af-afe7-7c7f64d35968,2.3382896723249016,3.7262008603816654,4.436504714756876
fd8b0305-ea70-4c14-ac14-bf47ea2a6d99,2.1347913053971017,4.284865837626691,4.872888600063159
fd8b20b2-839e-4bb9-a342-5ef9aba792e0,3.9288800082694535,13.371848271939497,13.95741061029833
fd988515-b7c4-421e-9b52-fd512077cb44,2.044494113874181,5.9203696095589065,6.41948601900003
fdae29d1-1fcd-4df4-9351-33fff106e8ac,2.498715299722862,4.931754025563581,5.3848473510631525
fdb399d8-22c6-4673-890a-0c95ebeee396,5.727983169391538,13.468963658189194,14.027128099868074
fdb4517b-12df-4aef-b576-01a18ff8c58f,1.8885157303978493,4.162999363456157,5.16261890102784
fdc1858d-549a-48ac-b400-b26095ba060a,1.9485653301285208,4.81421529345254,5.8141657119402925
fddd08a6-e523-4a16-9e4d-60e3a1dffc38,1.7577110293533569,3.987785685456209,4.772979418126461
fdf9f4fc-59b2-4543-9086-0e1aa550feda,2.7613331429087102,5.6460930080113,6.568271441382709
fdffb999-e106-43bc-8339-112b599c1eb9,2.2277085646532067,5.253430034327676,5.637019565233715
fe031b9a-f3d6-4f24-9f02-975f227960a0,6.048816070012482,10.233977798462222,10.680665373600837
fe15aa95-c832-424f-86c3-a7265601d590,1.9080495095511565,5.418432952875478,6.07288343751691
fe1cac28-4b25-4ba9-bb1e-5d23b1210a60,2.094945115336857,7.343735428915418,8.218618937627497
fe1ed93c-308b-48d2-a49e-c5f9a672379b,1.870075486782565,6.555266311153185,7.48388468896197
fe259bf8-1e1a-463e-9754-d551992a5fe7,3.2920115855088747,6.638172352680449,7.402290586036009
fe26b6be-0696-4808-8d8d-deafb2689fda,1.859562739413744,4.05352685354103,4.921970666814154
fe2c7786-7c85-427e-bd43-0a3022e5e7d6,2.806122698583544,6.698777034357904,7.512758659130822
fe45a785-0c5c-4402-8475-b9162a37bbcf,1.8543662954542568,5.1921628354003575,6.192161858801013
fe624674-d694-4dbf-b2cb-497941868e30,3.30900589421582,3.999126782574582,4.99692682128314
fe6d70a6-4985-48ed-80ae-66d59d9d7a5a,3.235480523504364,4.631495836316455,5.296452888547918
fe735825-b812-49de-bec1-b57237eed2d1,2.4486277585181355,4.200974520290798,4.77063926132719
fe7a59f3-8a04-4266-823c-0661c8ebd895,8.565550557983903,24.17738285686944,25.16565520263609
fe7bfc33-a68b-4fc7-9844-bef875ead7ef,2.4666316336367533,6.988373344954876,7.509925406917145
fe905c6a-2330-4e33-98a9-2c9074208284,4.717551097499404,7.941664409347704,8.654284979365912
fe91548a-4d02-4dae-8b63-645cec53b204,2.497291295883157,5.408578173757376,6.369940718260098
fe9929d5-c05c-4a23-b146-a14c34779fe2,2.437483777198507,5.035261817275263,6.03526180295183
fe9b9b46-5df8-4940-a222-baa1950ed924,2.143399850914136,6.813768398507482,7.704440463830908
fea4ee83-9a75-414d-9778-4d40d1b1eaf8,2.1286172777014416,5.945215989481071,6.636654754528832
fea7396b-f649-49f4-beb6-dc498801f10d,2.990851351580067,7.062428450710146,8.020008864406993
feadce77-5092-4f13-9c32-9643d0c96ea9,1.843801027435877,5.09330447681124,6.093304036431711
fed6302e-630a-40e4-84a1-744b7865ad3a,3.1052085115810755,4.839812912872476,5.7793148106768895
fefcfdcb-9ce0-4d0f-a855-f49a2ce1556e,3.654059669166764,7.070223384172319,8.054323835798673
ff02e9a6-3664-4aa2-934f-ad44a3bbaa4b,2.987648730578924,4.931765635007259,5.874876743184296
ff0786f3-f6f0-4e21-bf57-6b94d5594ac2,2.9709764574636988,8.196793997644193,9.126223747046293
ff1c4013-b367-4c8d-8566-9c30fd9c3c58,2.06114017495358,5.32567134123733,6.324041170675651
ff29f398-8de7-4fea-ba38-544fa5ce5562,2.689402962041257,9.505582398862051,10.133369413627952
ff33ae62-1d9f-4c33-8362-7a8769aae12b,2.7603923870930185,6.858800073287832,7.504206774471656
ff35c212-ef4d-468d-97f9-4ff2df9170ed,2.0601750850907816,4.345096403852841,5.080881246169341
ff393428-99f9-4096-bba1-a8e4f44b23d2,4.082122730308826,7.761195892233243,8.761195788059856
ff4bd111-6f7b-4bea-becd-6ffd9b79a3f4,4.099004675286949,11.117566368878627,11.709881645579518
ff5c3810-e83d-496d-a11f-93b58e802d94,1.9893495477613807,5.125156648903831,6.062913281003556
ff676e19-b0d1-4989-affe-d0ba303e76b4,2.1544239340416635,5.917129302906664,6.846642720166571
ff80fa23-1ae8-4413-a9c1-d5656fe2e783,3.46672556360002,5.642854823117548,6.606503565372254
ff898d18-a7c2-48fd-a8e3-0f132649ed3a,2.9198898467666825,8.20577096703016,9.16676919036907
ff8d2eec-c8ec-4e32-8784-7a5fc6399b85,2.563432989253412,4.034591815708943,4.912230185464779
ff968393-8794-4393-8774-8c5553109556,4.511964155665497,6.794281610659868,7.752585178594819
ff972aaf-121d-4189-9ffc-09151eb2ce92,2.3807059345800243,7.749610642131923,8.542527365404046
ff9df126-71b9-458a-95b4-be3729f42084,1.814593951852254,6.987694423611682,7.977030555679888
ffb8660e-5f1d-429f-88eb-f4196ab0d363,2.007668006459863,4.244791445397644,5.244129411619995
ffbbe395-f6ad-473f-8817-135e8be4ad8e,2.798684709589341,5.99375873327598,6.928868357972233
ffbf45af-c278-430f-a8bb-fa30ce05e65c,2.3287762648025576,8.961347083555909,9.79852435652693
ffd4e3d4-c22a-4c80-8cb9-a1f0abc2e22d,2.149512444140129,5.605336983788947,6.35767600936642
ffd52f3d-039e-441a-a4c0-92cb8543b487,2.546026542112567,3.926321098563258,4.690000854889665
ffe72956-74c7-471e-8867-4724ad86e098,2.312896338581214,6.435242108706915,7.224716624021922
fff46f02-de9a-4d6f-a483-772a16d7510d,1.94496637606038,5.096287499026064,5.959661416097253
