sample_ID,minADE_k,minFDE_k,b-minFDE_k
0027cf63-f930-4b53-92de-45cef5e886df,0.0228028544448824,0.026471802779164,0.2976550728067041
002a0ecf-629c-4794-b201-d13bf5bebe9a,0.0811990899978058,0.1091461465734645,0.4230169870718073
002deeb3-4b91-4be2-acaf-a03e8258dbea,0.0771888710789453,0.1432231855746978,0.4752591109015432
003ec831-84a6-4da1-9031-f56134bd9a59,0.0643350506321954,0.1037069549261869,0.4085709726702703
00415283-22e2-4ec7-8b04-f985e86bfe10,0.1060873080485607,0.0985236277796912,0.4412852646208106
005e23c3-76b7-479c-a97d-ec57d24f58c9,0.0547962973615828,0.073498748914275,0.3781011629552865
005f402f-a25d-45c2-afad-aa5d0b92a796,0.0348885449687815,0.0494371564128723,0.35526877683886
005f974f-82d7-4e91-9931-09520018456d,0.0302542633201301,0.0418900309099495,0.3449123903531271
00780d6b-4fcd-46c3-b8cb-ac6dd3485c44,0.1586758161102683,0.1117601964520962,0.6035983913847206
007a87eb-13e5-4168-bf33-6f2042722809,0.1231485330012076,0.1275014462224845,0.4180795129048607
0085ab90-71ba-473a-bde9-b29e017cddc7,0.0837193372607969,0.1149805707232297,0.5065630046855035
00867e0a-11f0-47ef-9a52-cc92445fac7c,0.1107106824328799,0.1339127447374773,0.4276272872869409
00907ab0-485e-4771-95e1-111019a9e803,0.0801817980348192,0.1307151954442576,0.4383264133505323
009d335c-6a33-4767-b362-9df72623eccd,0.1501995124666133,0.1131491843143479,0.6084518737849778
00a17a1c-3959-4bd4-a04f-dcfc5e1b523e,0.0247311481947355,0.0552600396470227,0.367300118209028
00a8dc97-401a-4456-8f8c-f2dfbecbe343,0.0788851893636017,0.1247373915065289,0.4235505822223223
00b828d2-1eb7-463d-a832-00450d695c2e,0.0541422364941412,0.0660399647256841,0.3741755817975685
00c09663-b393-4eb2-a57b-f2f848364715,0.0997301171187638,0.0573651172946939,0.6151373652968142
00d3fdb3-ec81-41f4-8190-3bb6069a5dc1,0.0264127640277057,0.0524474409080461,0.35424024949806
00d99c7e-8960-4db6-be8c-88c826fe380c,0.1267061971133599,0.1195133651323342,0.5475094774694833
00f8b610-6f96-46a6-9b3a-2538f104b3db,0.0438473344591332,0.0369761928137922,0.34421437018275
011417c4-0a98-4ac8-906a-949dda74b5a3,0.0297053697453668,0.0083186739914607,0.3181957740181617
011849ac-1d3f-495b-a490-508274d4ff23,0.0153626703518126,0.0352137604999825,0.3479649391886595
0141ba6e-26ee-4a7d-a752-a84ed697a086,0.0784672711273523,0.076013806317804,0.3898411719710282
0143e655-3e26-4daf-849e-110242ac2aa1,0.1286833394635885,0.0686292562400846,0.3631651041782187
016af9a1-beae-4aa2-95d5-f9e4418fdd95,0.0739548764022605,0.1423140768736512,0.4504778980502935
016b67e6-ef27-4833-b0e6-b87ad891a11c,0.1284700037928462,0.1369231270392389,0.5161811526389385
01822bd8-9197-4f49-b50d-0befebb6af84,0.142218531852125,0.0504301160801752,0.5820126380830958
01ba65eb-7dc2-45c1-bf7d-e97a8ef3e624,0.0405067337430035,0.0677630703221291,0.37986141261223
01bd9751-d18a-476a-bd6b-fef41f9a8787,0.0518395393702577,0.0862378196771046,0.3929432150852022
01ccdeef-fb41-432d-b97f-726721668577,0.1212231158897676,0.0469380551680376,0.3595812819365502
01d005c5-017b-4945-a439-a487a80742e1,0.0720929332186698,0.0834188553909129,0.3938627167699206
021775a0-178a-4491-8798-a454304377f8,0.066331362494219,0.0275740563618599,0.3936745336838039
02249da7-1419-4ad7-b557-81ccc2340a15,0.1149501386467731,0.1156757825312742,0.5382445492260692
02302250-0ddf-415e-b271-2c26fb2a51c3,0.0880558567407938,0.1577005310487631,0.6253545693818727
02459559-8b25-41c4-883a-e8c6ae090c80,0.055767594315461,0.0565560908319928,0.5434258507109782
025dd0cb-a759-4524-8b2e-6f3f1a98c045,0.0574176512474583,0.0236804604569605,0.3185687169436661
02610ecb-2505-438f-ac8e-945e148f5d67,0.1242507183875566,0.1409386914958952,0.4408469624451488
02623683-a4e5-44b5-b927-d8df2e6c9525,0.0217034749057223,0.0512390758042484,0.3611631520107668
02674b72-d11a-4f13-8497-d0c9a84b0ffd,0.0681522461074746,0.1382191549695318,0.477953192570005
0270c2c7-f482-4200-b7e8-864f0c73edf1,0.0569509906462436,0.1183021751778781,0.4270530757106715
02718e66-fe8b-44e4-ac6a-df6e905b1940,0.0773436688141713,0.0567685857922755,0.3797730535129014
027be5d6-9a60-45c1-a7e8-4292bd618aa0,0.078060104605406,0.0759690221283609,0.3837549275992604
0293d661-ebdf-4300-afb8-e57db7eba6cc,0.1332971296604124,0.0960962455589983,0.4171189393570697
0296d1de-5480-4853-aa7e-c9ad130d5ebb,0.0862884044635517,0.0766525042241507,0.4702453857295064
02a3adf1-583a-4743-912e-057ee3a8d83b,0.0566904780387931,0.0520267986588863,0.3709566677474153
02a45b9a-b487-42e8-9090-d08a4d924bd5,0.052351953283662,0.1290223111051882,0.4394568559023001
02bf0e9d-3de9-414f-a5e0-1355b173e2c2,0.1078328309647634,0.012286469813649,0.5384959158501003
02c00ddb-614a-4564-8bea-eae15bcb7ef7,0.1205814379322059,0.0891310510544304,0.4029335163512591
02ceadbc-f95a-46d2-9aa8-2d05c9f86181,0.0876829125852646,0.1252323817965943,0.5095526628773683
02da04fa-3df7-4b53-b100-1bdd1ee814f8,0.0730903077911581,0.1152462488375954,0.6313281438958064
02e71e7d-b5f6-45b9-8aad-75953c23fa52,0.1557595472070695,0.1277008137419949,0.4009322238899244
030f3705-625d-41f8-afa9-2a91c1ee65c3,0.1257255179484968,0.0747617028288134,0.4009760742511741
03169f15-ed47-4d45-b0ab-b90c303c2b3b,0.0604081418848654,0.1458608746615513,0.455941757128061
031e73d2-0f89-4655-bece-679e5a6d4a84,0.1211119023879835,0.0650497538205221,0.6105625531286962
032936ed-e060-497f-9875-1081dfaf672b,0.0312990499447728,0.0326305306952541,0.3368107012483065
0345ddd7-6712-4f6c-8604-46e7df2d2f03,0.1501111742223606,0.1432714833514351,0.5992057906279827
034835bd-f40d-40ef-8b28-87d129a4fb26,0.1513636633275069,0.0603384323582713,0.3775724674153387
03519e0a-9c7c-49ee-901e-c67a6692d9c1,0.0755193612497484,0.1548260220259107,0.5842308161550488
035eae83-848e-43d4-b8f2-9b1bf9e737cd,0.0501473231551313,0.1058860283184157,0.472072229352103
03683bfa-7a59-408d-88bb-efaad955075c,0.0611949764936016,0.055769334641871,0.3642941616010402
038b4f9c-2d67-4ad3-bacd-d133c223039a,0.0427251617211501,0.0312694220619861,0.3283266385096252
0398a3a6-56af-4a8c-a7fa-3beb253f5668,0.0103729622386156,0.0164484633624365,0.3319866937245689
03995cec-be55-44e7-b50f-ab2a6bc2b76b,0.0153363796983306,0.0737988660103661,0.3859093298640038
03b043a0-eed0-462f-95b4-6518ba241b92,0.0107416179085962,0.0131258935464255,0.379152380648242
03c5bbb3-bd48-4859-9072-461bf88a2341,0.0538384689859476,0.035523880443424,0.3346058724340051
03ce0c0d-babd-4974-8a16-c6d4f420b859,0.0877094396587317,0.1272037474153769,0.4793024765277176
03e15726-ce2a-453d-bd64-e348ec25da8f,0.0291795391301149,0.0261889746225549,0.2544260073282283
03fb235e-5ff3-4661-b6b6-3d4e7a796248,0.0415825317483512,0.0363309816485642,0.3422866165017708
04035f8c-a93a-40ce-a3f8-c177ca95c5f6,0.0124462265209892,0.0197862296783218,0.3325140185291267
0411dc2a-2001-4e0f-a1f7-fae5102d97f7,0.0886290812778442,0.1036584088965575,0.4610026832221227
04460829-f8a9-4916-bbd7-fff1f035e2ee,0.0117115044584372,0.0139101241318218,0.3700778843245976
04493d0a-b55d-4d8e-b842-f41e9a46b802,0.0783555101629807,0.1236202237628757,0.4159290959911695
04573f01-a340-4c10-bd4a-15c3480bac6f,0.026893291283292,0.0274698105640356,0.3392496213193489
045fb21f-9b96-4ec0-9c01-81d075adbf0b,0.0998621267124475,0.1404534736039423,0.4469300386962941
046c2140-5289-430a-b936-63699da42a35,0.021492130330019,0.0273527855322197,0.3403669407392641
04873bb1-ea33-406d-a497-a5b069bb035d,0.0214847552677204,0.0477869859475551,0.3545112681161594
048b789a-b124-48fa-8cf6-424da8af68a9,0.067127223298206,0.0609470919177095,0.3864901821832991
048fa435-c1be-416a-9ec8-92c511d7fca8,0.0302202670378164,0.0231225692923674,0.3418507832570002
04b6d5ae-0c0d-4200-8c8e-2adc7f477fdd,0.0695694742869521,0.0892756147788741,0.6345229772578272
04c28e15-37cd-4758-946d-5b78a2a2c9e6,0.0262795441841763,0.03324218083965,0.3398685637379439
04c81212-c6df-4593-9c0b-5e716326a766,0.0199355560894772,0.0302894541028596,0.3304643611759768
04d81f54-ab99-4e44-aa11-4b9ce9f48058,0.1265485282467586,0.0597460819361273,0.4931142491899369
04dbf6c2-83f3-4119-ae1f-c0e1ef0811d0,0.0359422160049157,0.0537580774197302,0.3628779983270118
04e18d57-50bf-44fc-a389-a1941d9fdc13,0.1296485027663274,0.1133125670023769,0.624196625690412
04fafe14-7cd2-4083-a120-85209ecaa9dd,0.0625479483849699,0.1139108321279201,0.5446266902125678
04fbbe44-e45d-449a-a4e6-2ba5d9837422,0.0664623619252282,0.054016665435475,0.3674053357349857
04fd8633-fe3b-4ac6-8cea-d35fed629dcd,0.1280809747602412,0.1380969256665874,0.6165959596249925
05036bbb-47bd-465f-a5ca-be259daf36f9,0.0653207655828532,0.1467812737552307,0.5862803017257616
050c7ade-58df-45c6-8053-c2b9a95fe85b,0.0471855626975467,0.0476722644140685,0.3464320882168145
050d9b13-cc74-4492-9c4f-7f91eee6c076,0.1428918162680144,0.1053565623838149,0.4201293796949492
05114ef1-0fa5-455a-973f-df570bcf4799,0.027408270198122,0.019871608015571,0.3205010184823523
05502b81-4e7e-4120-9dfb-52a4167f887d,0.0613110778873804,0.0572425678560236,0.3626887551426954
0554479d-ccb0-4338-af96-cc192dae4b3c,0.0355244657788094,0.0583221107415218,0.3685765304732271
058a4b1b-6fb2-429b-86ab-e22bf6977fbd,0.0949393317125822,0.0722526535762397,0.6358071104555673
0597061e-4f59-4128-8f34-020afebbf1d5,0.1345066936039774,0.1601307326372608,0.6121475882507155
059a6b27-8f48-4cca-a8c7-cc4d66032d56,0.0262859692009603,0.0096232913931941,0.3203507854834891
05a68bc5-78f5-466d-a734-f566b65d601d,0.0436818843897353,0.0555346166513458,0.3544242812702816
05ae5899-93f3-4b02-9175-90c151cb8662,0.0654194653304946,0.1262745373839098,0.4351600654985067
05b1a39e-424c-4f4e-8615-5d8b1d76deef,0.104263200683439,0.0625729805125725,0.3775371980046803
05c125d6-811c-4161-a18c-992658501729,0.1275890517445105,0.008945734195064,0.5797464055954218
05d49d1e-4153-4438-8913-94b8724f1ac4,0.1485340384478493,0.0823455350023586,0.5907921698998222
05f0dcb3-ce94-49e8-b4ba-ede34da32801,0.1136502110639999,0.1530980796829461,0.629387284635353
05fb6cf6-dd70-4b0e-b778-6889d48755a3,0.0702162948931036,0.1147753720149725,0.4263821730552999
06045883-0891-47ca-8f13-761109dbf942,0.0856193966605085,0.0710982128560969,0.6253317074543027
060de927-050b-43c5-9b2c-6c94bdf3fdac,0.11663142605348,0.0845287135536249,0.5249787976151749
06360bfb-054a-4b5a-8957-c349b7a03aef,0.0365468982274029,0.0468332674062683,0.3581990868482108
0644a15e-1dcd-4373-8aff-78569d978b87,0.0715866170294949,0.0275736185704677,0.3170388540513637
06496fce-3599-4a56-b732-a313c5798d59,0.061205390919522,0.1476833911486817,0.4532290398875219
0665c6e1-af33-4ad8-a890-9e68c8ae5cee,0.1554979329394857,0.1246030360911779,0.4971481274263288
0681243c-59d1-411a-8549-3881638f6b73,0.0959871667234768,0.1110835794402539,0.416314214879752
0681b229-34ab-4e5b-8fb6-3a8828adf7ff,0.080259027492789,0.121353757949071,0.4490666506138647
06922c19-62eb-4709-b107-07f32e4bcadd,0.0875534593938854,0.0123735774604993,0.3170978356516162
06a36152-28f0-4f0b-ab4e-7d86fe2ac66e,0.0492836647039379,0.0734301053762991,0.375686638497753
06a52983-1c2f-4716-ad4b-1f3faf12abd1,0.0146179997081606,0.0247365407135039,0.3318890298720144
06da10e9-57ed-472e-a67a-c5bfe767325d,0.1389972756377041,0.1062839442477372,0.5773962105191215
06f142eb-31ae-4ba1-b906-dfb8629ab0b8,0.0439605768000538,0.03847017292503,0.3418340056941567
07159e66-261d-4a4d-ae56-c491fcdf4560,0.0200282767607238,0.039205328394171,0.3448998205415852
073756c7-73ed-4ba2-997d-67b892e227ca,0.0475424951659029,0.0728007996286755,0.3759452912226688
07453395-eb28-4de3-ab02-473a1c7b54be,0.0224836159259832,0.0553431077938204,0.3645932420870079
07562b36-a766-4fe6-987a-ef0a2f76ef02,0.0499867100050323,0.0882465270627355,0.3910020004871091
0763b8d6-c879-4a5f-8cc8-80a0b942a8fa,0.0811138478253419,0.0593881237665155,0.3165290761261827
07794e53-7def-4814-a05d-697d3d4d77ee,0.0178480432593316,0.0214006831728785,0.325959746102068
07805bad-d50c-40a3-bcc1-5823b68ae7c5,0.0333714757408385,0.0457700979752988,0.3492695819015978
07822197-b794-470b-b5bc-a159918a7652,0.1501955206610542,0.0869625261333462,0.4179825626499804
0783e3d8-1eaf-4f9c-bf54-30b202788ad4,0.1140532630906708,0.1410311188365434,0.6284417684689576
078860a4-2301-4b35-b820-f6a56df09ee8,0.0959557685358973,0.0685510298520347,0.3591678291289996
078fe93a-7578-48d9-a461-77c3f7080284,0.0317379678998286,0.0296422687875689,0.348245067822481
0792aa7f-73d3-428a-b6fb-d7cd081e15dc,0.1582076468795813,0.1377509197752639,0.6022205782995547
07a044d7-ca7c-4b89-9dbc-554b2bb268dc,0.0325654197276804,0.0176284938400363,0.2959273712065679
07aa2609-e361-4e97-8357-6768592dc8c7,0.0230679479468875,0.0332970583488908,0.3205248466906455
07bd4550-9072-4a44-b369-fb929353f3e6,0.0189823705734387,0.0409010502322106,0.3424814262524684
07c0cf73-2b51-4c13-8895-83e276710ac0,0.0885088383054844,0.0617275761577629,0.5371997581687106
07d31492-fc12-4ccf-8c96-9e392c884b21,0.0666860302400443,0.0740909878514995,0.3778178425779339
07d50164-c1e9-49fa-8ab9-dac52808ba68,0.0075885348748459,0.0094406659878079,0.3201672348417882
07eab2ca-65ab-4de7-bebd-fa6bd530023b,0.1479667043085138,0.0706643392856967,0.5041133441547521
07fcdb5f-5fc8-4ee9-b1fc-487fa1380b51,0.0523969741457275,0.0589459224806941,0.353516432953144
08312d0c-bef4-4197-8b51-ccb94849e767,0.0250405087217972,0.0202101604072517,0.3215540547170512
0834eb43-af11-4e22-bcca-ed9e93b57f6f,0.0904830059216706,0.0634482304848648,0.4053161814105764
083bfba3-6181-49d2-abcb-f78a7308b5e3,0.1560356033681567,0.0987135462222978,0.402319450819876
0849a0e8-a0e7-438d-979a-a9a04753ef5a,0.1518298343005603,0.1459002666462818,0.441181088699862
084f15bd-0645-4d73-8b07-8f5db9017415,0.0165780047060994,0.0174333034897431,0.3564850850937743
08552a27-b312-45b1-af41-ff530518951d,0.0732042669449632,0.1208096779355506,0.465951986094558
0867dd59-81cc-446a-bb0a-e44cd605e0a7,0.0316378025248298,0.0380759445879406,0.3445513958758064
08ae5df8-ad6e-4492-9736-43200ab17941,0.1551491456670028,0.095527698765993,0.5547799842700206
08bb3ccf-7a86-4678-a891-ac227dd7b4d0,0.1159709016060127,0.0355706226188973,0.4957617198806711
08e4cdd5-61ef-463a-b804-6c42005e6628,0.0138153863164801,0.0223469419320196,0.3245967631574617
08e7633e-e362-4209-9c20-d3cd9cb73c11,0.0227004427879307,0.0404302544427873,0.3153883847745166
08fd5655-ea79-4dfe-9b10-aec3863c6909,0.0340191925923428,0.0374450348688657,0.3435897317777428
09098ad5-2df1-443d-a815-d398ee0e45bc,0.1053570491495094,0.0666585742020311,0.5018126347651715
0909e9a6-9005-40d2-b912-4a321b0e40bf,0.1130663716631927,0.045033530784011,0.3353671344554022
0940f27b-f76d-45f8-b6de-cc51844c5c10,0.0847891451010456,0.0978860947904459,0.4152332095109202
094a97ca-9e18-420c-8ed1-88338e033bb9,0.1399134401710658,0.0896449070382526,0.5604757669774445
095ba241-c04c-4549-af23-0b4b6bafff6b,0.0283207033709036,0.0523816368389373,0.416427238159809
0971485b-ca34-4f99-af2e-4fe86b232fef,0.0217761323699088,0.0304136660184489,0.3375378295968485
0979f6f6-3c69-468d-bf78-163d413beb10,0.0332445099133597,0.0157258736691015,0.3314009570469781
09881dec-b9e5-4392-b7a7-335c0630e870,0.0192174764865113,0.0260982443942639,0.3357600425780209
098a565d-925e-46c3-8256-0f738405e9be,0.0698650298346274,0.0730147472058799,0.3783351246279558
09c979fc-2437-4337-9e61-0fa5dc53dc38,0.04500638986401,0.0539369304288177,0.3729204791975204
09d8781a-322e-4476-af3d-1b59fb4b561e,0.048149194847189,0.0753552403609838,0.3823386859506177
09e1299b-843c-4c21-908d-0bddb5c3db13,0.122185826861219,0.0874469663102927,0.5493245145678912
09f33e4b-87ce-4e45-9f19-766bfcd4231e,0.0545435115594825,0.0377239950584006,0.3538002821269371
0a27bda2-5894-46cb-a83a-cc3e27ded892,0.1534965871861756,0.0892681278965372,0.5618787536093008
0a2d8c19-1c98-439e-a9ff-a05def405c72,0.1282426462366852,0.0859625623006901,0.3735406173956069
0a40e1bc-2e1d-46dc-85bf-47d7046e8095,0.0309452578145219,0.0260069424805285,0.3018416923755809
0a4f2851-8829-4efa-a12d-328c1c8cc2c6,0.0716616934469332,0.1362181646570603,0.5680599692027658
0a5944fa-b718-415f-9139-71991115010c,0.024925596357597,0.0410904507028678,0.3504201813212568
0a65d82d-3dde-4102-a446-adcd8d2d8765,0.0919371290045021,0.0807411188081825,0.4968634720549391
0a898d8a-a8c7-42d4-bc44-634395f2366c,0.1140335836618888,0.1371249668459574,0.491425859603111
0ad9192a-abc1-44ea-9c7b-1c8c57435918,0.074525538728376,0.1142509801063498,0.427902401065669
0adef3fe-57ae-4e8a-ac6d-20f00a81c580,0.0800963903246892,0.1132916135722003,0.4425473078534028
0b009e82-201a-454a-bea4-f64158151a7c,0.0615108869490984,0.068346332325219,0.3731354536824069
0b14d625-9e5c-4ad7-905f-8f8f99ed0871,0.064260017276296,0.0665392475881432,0.3716649720772617
0b154540-78e8-494c-b572-0d3bebe97a2f,0.1145269360280785,0.1376945256783305,0.6150402838988034
0b331863-a70b-4f56-a555-19dcc660dcd7,0.0770763532088447,0.0691682951973283,0.3622176835431275
0b4aed66-2a56-4949-93bf-129c643f2bf3,0.0120160333234957,0.0139509522676943,0.3230823214214793
0b4b0a5b-2a78-41c4-a316-7044b1393893,0.1271481416881421,0.0914788114736286,0.3964111695638598
0b5244d7-a9a3-4a7f-bd8b-fddda43a62a5,0.1012576237257547,0.0551555582700609,0.3596324034851605
0b541589-049d-44f6-9d87-2e187e354ae4,0.031853645387515,0.0299405236381683,0.3484075693161557
0b604156-b7c9-4d96-89b4-65392445cb2f,0.1346569325478623,0.0942785170898813,0.3842524058863142
0b639d22-b690-469a-a5d6-ab13b0c8de3a,0.0773202506833832,0.0184216171706963,0.3606858337240217
0b64bb02-1602-4882-96eb-e7f5b5e79a34,0.1082378300178781,0.1607369395632226,0.4896037303345667
0b6fe901-6400-4433-8cc0-dacf31ced40b,0.0226011245327529,0.008310346273531,0.3204869002211013
0b7ae1e8-a815-4c15-966b-4193480647f1,0.0780505881141938,0.0889758730029897,0.3953990157684694
0b89548f-f6f8-44a4-81ed-80c06eca8e7d,0.0263229970811901,0.0340816730041226,0.3574852314585702
0ba85505-203b-4716-8589-d5fe0b60b34e,0.1254607498006253,0.0670377161431208,0.5266407997782719
0bacdec6-839e-48b2-97c0-a3998809dc24,0.0245770974875121,0.0461603410248834,0.3510654111580399
0bae04fb-3889-4709-a4e6-75df8c3bdcda,0.0193558084851822,0.0401204131791618,0.3654549796022025
0bceacbe-a549-41b4-89a9-f38e1d7a17d3,0.0578804242227285,0.0789577773846211,0.4683235953439386
0bdb7917-f156-46e7-b2e1-2033e03db532,0.0770844619901304,0.1540606622573073,0.4639185001891033
0beac459-e833-44ba-8814-15a25901d762,0.0344846007868922,0.1347890312627645,0.4333707658222551
0bebbe20-c435-400a-b3c2-602922310dea,0.1503642784470291,0.1220831561392451,0.4045395413863188
0bf26985-b75e-49b4-b348-2656cae27a7d,0.0195205945709222,0.0340128544949572,0.3448062727728156
0bf52e05-54d4-4253-a534-73a7ad130ad3,0.0229503236749445,0.0050188653817998,0.3123977184103212
0c149e59-b56f-4b67-997b-8799a06cfc19,0.0331260789821636,0.0272801658667446,0.3394463105663864
0c2bc3f8-c287-4572-92e2-793e38cd28d8,0.0171746523871948,0.024537080940899,0.3349494011119764
0c5bb2d3-d223-42a3-934b-2f3a1b1deab4,0.124741915085776,0.0978091822044788,0.6228801952662081
0c61980f-a707-4341-aa9d-85be61cbac87,0.1280012797701617,0.0963956111756381,0.3926064424864357
0c6ded61-b6c5-49cf-815d-8d5c0946cccc,0.0857104797997642,0.1004270820696257,0.4122013466499996
0c861bb7-a41d-4d24-920f-63dd83a80320,0.0435230874507367,0.0701218793726244,0.381137472180844
0c8e205a-ce9f-4789-bb21-ec5c9ae091db,0.1089822764704158,0.0236111834798362,0.3336518558351878
0c91d9bb-5204-4fc8-886d-8a19401a8ab7,0.1032055884092737,0.1132043535615679,0.6155794162828152
0c98ad8a-d808-4612-a8d0-d7c94a8a13aa,0.0049249745612503,0.0140666208596543,0.3160023357119433
0c9d8278-e29e-4d7a-9968-875f1d45e013,0.0352614991038949,0.0550278243823932,0.368183179829865
0c9ed599-ec68-4ce7-aaef-214b56ec4dc7,0.0145722085760645,0.0228888600807652,0.3308799228510413
0cff738a-1dfe-4f98-91f0-8d778624a985,0.1083375651284234,0.1452181027210629,0.4541401923650405
0cffdd4f-a2a9-4468-aff6-b7304983a41e,0.0942277119334467,0.1124344060952547,0.4234598701156506
0d08d71e-1168-44cd-a8cc-073bcca8abad,0.0075554237815485,0.0170149739757434,0.3270428046305236
0d239145-7614-4a98-ade5-e0dd992f30b9,0.0961830573565209,0.080878263682709,0.5729296793371714
0d31c658-a59c-4e07-a996-b7a4028fd4f8,0.0881370449564108,0.1230833626559443,0.5974671651129151
0d580c43-2462-4bb8-8b90-d63a5c09e20e,0.1400848184426227,0.1404424874450278,0.6129053111442215
0d66a8ef-e897-4d0b-8894-a27e212ba8dc,0.0785051814611379,0.1327412574442864,0.4443368510529467
0d7a5f41-ccec-4e72-8117-fbb9598f48e8,0.0217242296941943,0.0691055262965468,0.3676232128178202
0d7eb7f1-406b-48b0-a588-042292dfede5,0.0760588782518199,0.1498268002755808,0.4525608760225919
0d84a6f2-c35a-46cb-98a0-6067eec68a2a,0.0943561023968397,0.0854188747158745,0.6092411230053307
0d968ebc-9869-4e94-ae35-c725231ec80e,0.0923621212102258,0.107211608452513,0.415089480354227
0db7b4b9-dfc8-4db3-b90b-443326d3a7d3,0.0429183315429203,0.0742086689842848,0.3690158812634787
0dea3b69-852d-45f7-8d34-a8290756cb36,0.0230867002501772,0.0231037170937683,0.3386785119087293
0dea81af-90b9-4f4c-8a0f-34d8c90514de,0.1374601418813553,0.138540540571462,0.4502811382801569
0df666d8-32a9-4026-9f89-db2501fcb96d,0.0985147669198435,0.1013412789079037,0.4938114569456445
0e08e2dd-55d2-48f7-806f-8da99a11cc4e,0.063894218019088,0.0809693070832585,0.4270893958388723
0e1119c1-2db4-473d-b7ed-f6cfbf44ac6e,0.0449064266061792,0.0436973301623047,0.3469970193033551
0e18c388-3aca-49cf-b612-02a531e0521d,0.020635753701192,0.039866908334084,0.3434685033719137
0e1ead4f-b98a-40ad-91c3-5f8a6df81b0b,0.0923513251260631,0.0277267178049615,0.412098635559687
0e25f632-314b-4f3c-a254-cb1171f9a81a,0.0353818594810805,0.1443448297750796,0.4468513507472698
0e3c9371-ee6e-4a27-8263-a1d1bce8b6be,0.0498280114280901,0.0531218320823886,0.3806219096475048
0e4e847e-0236-4e0d-bb3a-f18ccc50b6b6,0.1500131176980513,0.1006360050501561,0.4981892519401252
0e6b7ee9-f6d7-4654-b8e8-650caf785503,0.0431406370033137,0.0738988399225237,0.3856247819444707
0e7251f3-e090-4792-aa62-ccdbc9ab36f6,0.0428288083235039,0.0878853446682267,0.4217736171361992
0e7c1c3f-c2cc-4cc3-a6a6-1f21552bdff6,0.0504719466503017,0.0660526073653018,0.3772245178230019
0e7e75a2-634a-4e02-93f9-22265d982756,0.0207824586944971,0.0250117990317106,0.3227263605463187
0e81cf22-432d-4c96-82e3-e9e799143dc1,0.1201754466036532,0.1621880832522825,0.6179037056034683
0e959d5b-0804-42ab-945b-6a1b87764b3b,0.1046880666060071,0.1348904504370743,0.4428137929427563
0e9d70bd-bf9f-485e-8816-ef9996f7546c,0.0657668268776893,0.0717930795229157,0.3781194236534333
0ec02ec1-2bb7-42ad-9843-781e72e7fbed,0.0145123599397349,0.0034521204320649,0.3077985141937073
0ed1a70a-f02f-4d77-b30e-7e73c0f3dcd5,0.0597085294246856,0.0829561866336914,0.3930260430802474
0edf17d3-dbe4-47b9-9db2-60ea3a05911f,0.0457998862064439,0.0671382212530207,0.3654756853706551
0edf3dfe-c838-4488-97b5-123748e37008,0.068209854224717,0.1454177714923461,0.5638846424771191
0ee07ebc-7295-4eed-a9b1-a5f7a872c817,0.0153488679632283,0.0149333594732263,0.3132944427177151
0ee74a32-f3b8-4616-865a-c31ce9e4e636,0.1489310197952249,0.0419108376131643,0.3473399617116019
0f048377-5e8b-4201-bf6f-a55cc5979130,0.142708876491206,0.1150551904525979,0.483990501691888
0f0f8224-bf31-4707-971f-3d0f153c504a,0.1444786427627861,0.1334759866659276,0.4353125910920441
0f21f354-ed8f-4176-81f3-71fe5623ca59,0.0679829306948107,0.0260044876548706,0.3393828998304213
0f443099-5db8-4f81-92a5-1910c4b7d247,0.005417441917164,0.0163354786618056,0.3263198341558086
0f48996c-82c3-46fe-9827-1642c8ccd428,0.0134804295836408,0.1417418373046831,0.5279919417740973
0f4b954a-43f5-4ab7-bfdd-4ac54e533d89,0.0588530341855163,0.1223464809891203,0.5407609049361614
0f64171c-06cd-421b-b309-198d5ae0df3f,0.0636282967081054,0.0733202798817812,0.3796621563609842
0f88a996-90fa-47d4-821a-7d8e9b52b414,0.0382520407934612,0.0339029170504694,0.3439310202331339
0f9dc2e9-7751-451b-8236-62e38f858a60,0.1336795318483759,0.1469026963550768,0.6340561620076446
0fa6ed78-6616-4755-a5c2-a566c9f6efb2,0.1096210603071378,0.0945666022020736,0.5957964978739667
0fc0007a-13ce-4915-8645-3fe170f6bd5a,0.1439019401601188,0.1102533085732597,0.4263987014736259
0fe421da-d3dc-4486-80f8-1d0741371257,0.0097158607949925,0.0233399022359416,0.3295469795293076
0ff6e249-bd3f-4b41-9403-9628e52ae660,0.0423192347540107,0.0648356907708956,0.4075190269186081
100019ec-ceb1-440e-a570-c2d0da216702,0.0652645140560038,0.1410120027597463,0.5228476413562855
10015f42-f028-48ba-a0f1-c74746e1869e,0.0187172424379337,0.0117295933890903,0.3394633812206475
1003c41e-dcba-445f-8a4d-270003c697a5,0.0240270165743447,0.0353664947483912,0.343002613326367
1021d9dc-d9b9-4773-8d1a-afe4a47f101e,0.0695746957644783,0.0444151596290891,0.3560916217523652
104705d9-2774-47b4-9679-099ba67c2eaf,0.1421675673742259,0.1550629070157959,0.5611586094916893
107aac81-1906-4bae-aa5b-c7e8d7ef6458,0.0738473116164433,0.1515467762156293,0.4910423801853354
107c161f-b7dc-4719-9e04-1e3223817b3d,0.1396970765695194,0.0661037286964341,0.4820599455275661
108c7282-4976-4fe1-8de5-568507af5d5c,0.1079095272908029,0.0725440407021664,0.564446578477902
108e77be-d286-4dd5-95cf-3dab0cab9200,0.0326856208692482,0.046566842104105,0.3575297770082392
10a637e1-f8fd-4bed-bcff-934f80e9ee62,0.0329806238381493,0.0425088501589246,0.345993068284969
10aea12b-a9e8-4440-bb68-58d6bd107572,0.0962872779572816,0.1567622920274185,0.4479783673480214
10af8abb-a338-481a-ae90-7ab0f2830da6,0.1403547530971766,0.1131965597443805,0.4549943943502517
10db19ba-5c87-4afb-bf68-26c56bec6600,0.0361494921036914,0.056668890253066,0.3635562256957675
10ddbde4-1f10-419e-8140-16e6b16b3cce,0.0664932397886834,0.1308299314671,0.4614230575746528
10de2fd5-6a74-4ae6-b60b-0fefd11622bc,0.1392951756579073,0.1338059844133709,0.5481299645705258
10e09eed-93fe-4cf6-b10b-b6707dfbbb59,0.0449106398624297,0.0548222577531841,0.3789838746559806
10ed33bb-e6f3-4963-b7d1-aa2c92bca8ba,0.1347304425839698,0.0512152694056981,0.353327930011344
10efcfd2-b20e-4cd4-aa4a-fc2d55eec89d,0.1350703354212794,0.1319792879832046,0.5289406677406351
10fdd285-032b-4dfa-ad4b-0ae4159b8195,0.0523969741457275,0.0589459224806941,0.353516432953144
1114d1c8-d771-4fc3-986a-8f3446443395,0.0763077654310708,0.0542138477056508,0.5523199511162044
111ff271-dc94-4715-951c-c7fe4c6fff5e,0.0081148289669369,0.0204841874470763,0.3308508973600815
11371bf1-d04b-492e-99ec-5d42843f1f2b,0.0731358850327202,0.1477599552107648,0.4470511411277923
11837697-2c6d-4393-bb35-2c7c60e628ec,0.0631387296884245,0.0859627435353226,0.6008725319664611
1190eb17-f3e0-4300-97fb-04f3b7863461,0.011748901101326,0.0222305489392825,0.3263604076671543
11994954-9589-4864-9529-c1db0a43c9ff,0.1114438566993511,0.0853395327305015,0.6250985221362704
11a66ac7-2397-4f45-92d9-7b716ad1035c,0.0795610233125966,0.1140911242276866,0.4232309210532641
11aa6b51-0196-4832-968e-286d8d03398b,0.0807741570503071,0.0558388122382847,0.5167690359123501
120f0d24-4038-4efd-9dcb-c6c993ea5a23,0.0513795047450645,0.1405633481156044,0.454979575274242
121f1703-e038-44f3-9740-f0345926e5b0,0.1197136261189482,0.0427417098860203,0.5535760330892191
122db1bb-49cf-40d6-b4e5-2bed27f7abf9,0.0540292459565219,0.1524392844304588,0.4921283236620027
122e20d1-a255-43b1-83f2-60819a024e31,0.1311076908020495,0.0687444410013863,0.5707145596281978
124b49be-4074-4876-b0cb-092c453739f9,0.0487742886482338,0.1017574663248316,0.3938971903204376
1251f21f-931c-460b-85d1-1a0b0cb93dcf,0.0058417379914196,0.0080390915823773,0.3092259817138163
12546683-9a85-414f-8e40-b55d190da482,0.0114674498531464,0.0225117331796521,0.3340587155730624
1277b2cd-487c-49bb-ab49-1250bf3c57df,0.1249989733237878,0.1545708779869771,0.5399781047422787
12a2b98f-45e6-45fc-a1b6-5cf78ebd4f68,0.0040350367269113,0.0116371931521674,0.314485758384544
12a33da3-e1b2-49f0-abfc-32b589f8aea1,0.0505743479460006,0.060088598802901,0.3623958846846374
12aa4ef6-4c7c-442d-b2e5-0802e90c3357,0.066080717245027,0.0742479151523279,0.3723677513914818
12ac749e-dfa9-425b-9283-94f27d65f3c3,0.1250944536149714,0.0490726848066412,0.3800819581791082
12d00f31-4d35-48ff-a4e0-76270b36cfca,0.1313155609708495,0.1415345454243262,0.6079907552538623
134ec453-ed0d-4eb3-ab20-ee0943744862,0.0665223682111074,0.1099939348499265,0.4120551422082337
135d65c1-2603-46d0-8d14-1ab1aac00332,0.0428073140289104,0.0594732305908818,0.3570049762132307
136d6818-8ccc-4cea-bb31-dd3f8767ff16,0.0729337680114662,0.1378421588160368,0.4796644891266576
1384e01a-8d43-4e1e-8ed0-489ebdc4c9e1,0.1244512409838889,0.1568402352863299,0.5253461334174594
138a2bf0-7289-4fd0-bf0c-b29722b863e5,0.1262158385715373,0.16389850808041,0.4753745334872331
138e3af7-a842-4745-bb55-6ac3f07e726e,0.0726126212757544,0.097758464820207,0.3996949798206094
13937916-7b36-46a4-bd0a-545bc941b0b5,0.1339520412236041,0.0479192148918745,0.6138667269586481
13a6018b-a2d2-4472-89df-be5b6ef6b439,0.146467434167302,0.065908447944484,0.5279711115532348
14139d8a-9b1c-46b9-b51c-e2399a42e898,0.0104270496562793,0.0149190344262863,0.3243978959616083
142b049f-c417-4ce7-ace0-bb496f1ce787,0.1474193910935568,0.0834739916685784,0.5510570038453867
1433701a-150c-4eaa-b9d7-e7a3e7a3141d,0.0425791871916076,0.0425018605437596,0.3566114509282759
143f00e1-2efa-43eb-a3ee-699159ea45bb,0.1017354052808436,0.1395237474400699,0.4524934224121076
14477800-a797-4b51-b7ab-080e9e155c9b,0.0188740349508757,0.0340575555553583,0.3358237027243326
1464e47a-5e6b-45d6-a161-cb3d95b8e948,0.04297965919835,0.0734315686431192,0.3694780970437665
1472e925-f0fd-4ca1-bdf9-6ad76ebfc12c,0.0618325491974123,0.1203158272907608,0.422611157362521
14758dde-504a-4c80-bb98-dcbb33803121,0.0167708806531666,0.0202481298922103,0.3393095941812495
1479ebba-a74f-4b76-9875-1edd781314c4,0.1262154807258463,0.1494060253658611,0.4633212058231116
14977156-cbdc-496e-a822-a81b320ce2de,0.1600718826816952,0.1548629863507132,0.5565386595677471
14a636a2-46de-4cd5-b6c4-7d9e3e800b8a,0.0980358916625986,0.0709450844117629,0.4513245976018381
14ad9077-5bbc-490f-93d7-04d44730c627,0.145165281710006,0.0468706199544692,0.5829396283918589
14bc8509-5beb-4347-8fb6-2afb5ab011e4,0.0557893662409322,0.1260680690041335,0.4385162854145772
14f19949-2c8e-43fa-8951-1942b17a8293,0.09920471413077,0.0939450737227984,0.4288662419463177
14f70556-97ab-4d65-92ca-e7e6107ef2e2,0.0880078157762939,0.1504559596255227,0.4543900908573817
14ffbfae-af77-4499-a110-744b3f4a268b,0.0802631597876917,0.1072968129001064,0.6164364513452616
15004723-c752-4a1c-a2aa-20e97d56164c,0.0085414642727035,0.0114114285609014,0.3215914828738319
15107b9f-56d4-4ccd-96b8-143c455860f6,0.0286194592972836,0.0149402319007975,0.3170114740311565
1513d908-4c4d-400a-9b94-94508d834b80,0.0344154840264441,0.0153383614135551,0.3216486863258768
151f9f92-7933-40dd-b8e7-67571a869d70,0.1410690237952404,0.1218654296680504,0.5866792291681746
151fd665-2172-4932-b775-b17798cf8eff,0.1453558433837381,0.0923853790646079,0.5514268612799993
15360697-43d7-4363-b924-409fa5694253,0.1412867480000524,0.139943620586242,0.44699482873926
15476752-5911-4ca4-8fbd-865b5141c6f0,0.1222746440036703,0.0508412217513252,0.5330120647617461
154fe577-c20a-4f1a-8d1e-f0df35fd87bb,0.0861899181296295,0.1428917379085379,0.4475783671762143
15684019-67e7-4182-b326-47be8fcaeb48,0.0986730872472013,0.1585603447203338,0.4570110082893682
156eb9f3-2294-4cf5-a40e-546ef81b97d0,0.1102784719987905,0.1428156200233691,0.4577461234665978
1571cee9-482a-4230-a1c5-b6fd79b56f8f,0.1475790039680644,0.0893719879869536,0.5249385401461031
15733be4-5443-4f47-b2df-3bb1cc1b2c30,0.0386232333132702,0.0247725603413101,0.3296388889113718
157633a1-7f9d-4a56-bea6-8fffbc447d2d,0.069034620247163,0.068101553791122,0.3724811991444513
1582b66f-19b2-4398-8053-4ce73e928b72,0.1314824291850122,0.1419589802646767,0.5872947747070224
15b686a8-1a44-4bc7-9a04-05f2e729a610,0.1097730082843536,0.0886255960058328,0.3985068903028956
15d0fb15-cffe-4ab1-a358-98ca299702fd,0.0781238613435603,0.0983249824723569,0.407762978244365
15e87ad0-250e-4804-b0e8-a542f9335498,0.039178747810367,0.0602354937328184,0.366537513564887
15f7aad5-1746-4c3a-8bd8-2ed94b30545f,0.097765859525547,0.1346775037713433,0.4293080135117746
161819d0-0b08-4e5c-8652-8e1eb6328293,0.1396058975796748,0.0507620144805809,0.3505689152657111
162279fd-9db6-4751-91a9-49a60dae33f0,0.0294727528214311,0.0392250146943781,0.3090713217500841
1642fc3b-bcb7-4ec7-ac26-7eb709e12b2a,0.0383019888124154,0.0520601445665645,0.3638123210890374
1646a80d-b278-4059-99f2-64c523410c20,0.0319219324040835,0.0578020831871033,0.3699417464673111
165f5889-b774-41c8-abc7-269d21db2dff,0.0246959861482919,0.020277702172565,0.3219146687063092
166b422a-69eb-4311-9fe4-8b74a25dff62,0.1216989756128193,0.144690065823957,0.6339413642934576
1672f645-2ba8-4d35-8f90-83efae6d1ce6,0.1116183735738745,0.0091806783698813,0.5764722200823371
1686d1a9-587f-44a6-b47b-99036465a095,0.0868193812732766,0.153347104943905,0.5524443997885105
168c193f-9c49-443d-89d9-cb868b42d0c6,0.0562982770972196,0.0561061904080993,0.4905843745126634
168e7fde-5f4b-4f4b-b1f3-92cb78ee9418,0.1212448903925342,0.1606189142318963,0.6072407457846472
169605a7-24c2-403b-a3ab-c97f4f4ca2e9,0.1490983510048787,0.1466474852272344,0.4876234759473338
1697539d-a612-434b-9c74-f4b82f6a4a81,0.0206681729961162,0.0265482525440666,0.3375321633538107
16b4888a-6462-415e-9b5d-fe69c457b2fe,0.1255464510171948,0.0231639264448018,0.3741659826470027
16b97f7f-4c27-4ede-b460-e33c153e3a29,0.0955923990731193,0.0666672641913288,0.3673911632123505
16ee9991-d04d-4db2-acd0-9933c3a10f29,0.062710472598193,0.1171123137585727,0.4283442341990567
16f006b3-ffbb-4371-a58e-91fbd1bbd180,0.1034659071254265,0.1033323621227622,0.473721394778609
1722c7e7-917a-401f-a4b1-c6d20dbf1b65,0.0115458405099872,0.0315763078338781,0.3412991696444757
1748ef98-91a8-4b97-8308-59d094d9f5fe,0.1304146941381862,0.0878492662912365,0.3943210949266694
174f3fce-41ea-4bd9-9004-56e3f0d701f7,0.0611532199026279,0.071615620687089,0.3847720863519133
175c6fa8-f23a-4e63-8034-5d65fd455907,0.0340912173672124,0.0590897380636284,0.3696112879731537
17987c90-d60d-4f94-878f-c710e39608d0,0.0170739512889482,0.0297002048323286,0.3329986898016867
17a64d59-148f-41bc-be1b-9e5f6ce4e9fb,0.0626425560640813,0.1027715871030737,0.4128129029720689
17bd9a44-acbc-41c0-bcb9-1a74c86d6eef,0.1227433203699844,0.1312573566628526,0.3473789958302039
17f9db85-5465-4d58-972e-2dc5725cf417,0.1155984732937022,0.1460015129533658,0.4516208914657144
1817f61b-8dcd-4608-a9b3-3e5ce9a7b6e9,0.0802079087740125,0.1297556073397222,0.4399511179918376
1826444b-0987-4ac0-b1fa-9622245bf108,0.0175392852570781,0.0154953182928822,0.3309546805867226
1835c0aa-89f2-467a-a045-dd370457ed33,0.0736682760435594,0.1169730971364046,0.3944180538688924
184732a5-a094-4090-b29a-507edd5de50c,0.0740513272478058,0.1406972155350175,0.4409641496099539
1859d2d3-a9df-4550-92cc-40654a9fc8de,0.0888816070797299,0.1004850485535316,0.4813748585008039
18649a2d-fb51-4879-b8ca-63daa702a663,0.0631273343252961,0.0345087143296796,0.3451947897187613
1868feda-bd63-4004-b307-92cdd2e6ee12,0.1343619480258379,0.0609724858299622,0.6363740273205736
1879f5a3-6120-4387-a927-5de47a9da67e,0.09845413792161,0.1268807944661167,0.5940787223591986
188f5112-0e77-42d6-b1b0-a3a01390df2b,0.0376486571034035,0.0356749654284633,0.3314451851250003
18a895a9-b808-4957-85d3-297c14054b25,0.0403358469110834,0.0817641139259168,0.3924852751528719
18ac6ff7-0402-4c12-b7b4-fea431149c90,0.0170829190092512,0.0252749361894114,0.3337474164287856
18cc47ee-e421-4d6b-b299-861b7ba5da67,0.0784254417903199,0.0538616174661118,0.3802392571142099
18d2c598-6f3a-48cc-97e7-cbdd37ea4583,0.0184626781091751,0.0140943323667488,0.3167558896815148
18f63854-d17d-4c48-8e3c-cf77af826e37,0.0342578963398865,0.0105149737966814,0.3005056928312561
192012e1-ab08-4a61-9cbd-8dcac6edd756,0.0921032143775773,0.0503352049757856,0.3998901466846356
1932e8f5-35a8-4bfb-9371-54a84281df51,0.0333363984949219,0.0471552194834693,0.3565720709482244
193517ba-77b0-4f6c-8175-02d1d9f22e55,0.0834764216675118,0.1499495800411918,0.4723005475801806
193ac3b8-1e5e-4b9d-b2c6-2f9b17c2de6a,0.0285269063192266,0.0582856382470714,0.3723254011426531
1951e711-27c1-46eb-a605-240afa9901e5,0.0526173809907484,0.0694567432472949,0.3294394168976808
1953ffa2-4b01-4bf2-b41a-61b8b0a3c971,0.1551208689964795,0.0433848641231295,0.5551043157138127
197f08ed-4863-4d72-8035-59a4a8585a4a,0.044855012688468,0.0435580155551897,0.3158699288063664
199fbf50-8db5-455b-834b-5007483d83f1,0.1508615918401586,0.1401331248030237,0.5122482721151634
19b9b762-3f9d-4bd8-9ff8-795662eced74,0.0464912395966329,0.0761836755532735,0.4300773335851174
19c82701-a1d2-437b-b6d3-85954bcb08fc,0.0528798597320015,0.0767957140031596,0.3877099808202611
19ef760f-86e7-4acd-90fe-699754991ad6,0.0782859460672008,0.0824921685537648,0.5172818595635199
19fbe5f4-b758-4a1f-b456-1cceb02a9a93,0.0260745470040836,0.0356697662266546,0.3469995067180254
1a19da38-7685-4997-beb8-762a37a1793b,0.0927699460091296,0.1143019188296034,0.4115262728592204
1a356d36-c1c9-4a53-b2e3-8a32c4c4ccec,0.1457687990386051,0.150496626306168,0.4854886754843917
1a553c28-3cde-4743-8d50-4d758695d074,0.0500861057709286,0.0719226336334473,0.3811549728891901
1a691e6a-276e-4565-a162-3c3165feefb9,0.1418993283923701,0.161694337122899,0.589297933115208
1a7288ec-22b1-4c08-83c0-0f31fcd3f81f,0.0938157366624483,0.1122813669607799,0.4110934379001051
1a7b5e70-a862-461a-8b42-d67e266d2500,0.0728833296469318,0.1443974202337382,0.4570688942735956
1a813ab3-afeb-426f-a4e8-9c507bf9e2c5,0.1408593401222793,0.0641978907856273,0.6411126164700744
1a8cf3af-f516-42fe-8f49-8dc717b0acf6,0.0241250285391727,0.0234658015561121,0.3246846666290429
1a8d95bd-79a4-4d68-89dc-fab8aa8cd2fc,0.0721494569487606,0.0984748917829376,0.5096288057736494
1aa43c62-d90a-40a8-987e-83f33bdf22fa,0.1369620185239935,0.0331424788585204,0.6085681872246917
1acbd134-7ef4-4172-9248-da7050526f0a,0.0863995833452552,0.0126364793954317,0.5546154249299048
1af0bbcf-9488-4762-b072-b3f1b8651800,0.0800357231245733,0.1316806725274473,0.4444121065350134
1af203f8-df2d-4ec4-82ba-e6a727571762,0.1591653881808514,0.0717355137156693,0.3665502942657468
1af6c44c-0362-4e6e-9c51-c0bc35d71e27,0.0698833836291811,0.0406343840347961,0.3417016996043598
1b003ae9-b01b-484f-bc4e-e4a3622d837c,0.092827887864198,0.1390044193410777,0.4477519111179233
1b03632e-e3fe-431b-bbfa-d8c8dbfb6787,0.0496781240963984,0.1238724147768334,0.4256223338084208
1b046ece-4988-44dc-99c5-f66d011d8237,0.1181845288248606,0.1371067374586983,0.447202465200194
1b1e732c-40e6-498b-b182-bdd4ecfe751c,0.0440066501213303,0.0584371381072756,0.3616874792212826
1b249d2e-cca7-4429-920d-d108de7edc54,0.0849063884925501,0.0709329129407103,0.3641392949269136
1b266ba7-5e73-419d-8fe0-c7d5ed69a18c,0.1106833926977816,0.1385467736691927,0.4494625916534374
1b2c9bb4-c077-4706-96ff-5ae4be150249,0.0880381901630641,0.0789617064793115,0.3842603472761143
1b36f91e-4ad8-436d-9861-880e7dc3e879,0.0967125981213104,0.1219596980840854,0.432872888745784
1b6bcae3-8a48-4e6b-bbe6-eb748a5961f8,0.0892517522638754,0.0828266008742701,0.3914568674865233
1b7681c1-60cf-4bcb-a748-1885fca37edb,0.1588292544966086,0.1357118058653866,0.619233157754602
1b818ffb-6a8b-4bb8-b2a4-251a2da0241a,0.016048195686361,0.0144010888816436,0.3150035561656791
1b8d71e7-aca2-4d48-a8c5-1547ac7b0dda,0.0096367156220707,0.0147895703494783,0.3297424520461619
1b9571f8-ca00-4992-91a0-487ca9581971,0.0286194592972836,0.0149402319007975,0.3170114740311565
1b970d52-8d80-4b88-9e8b-065c32b34763,0.1156560037985734,0.1409109441624956,0.4400780744554904
1ba597aa-370b-48aa-89f9-348da54a2eb9,0.1419060470864324,0.1576891379813266,0.466069721823274
1bcbc6f4-8da8-439b-956e-ad9f03dbcabc,0.1108336941496545,0.0859468450841203,0.3993852550830775
1be5d209-3868-4ebf-b301-650c40f9e93c,0.0120066142110542,0.0183734662977867,0.329433189500094
1be88fa4-a277-41ce-bbd3-02963da849a2,0.0287502452377236,0.0664963792846881,0.3825857418800147
1bf66401-05ae-4d4e-ad47-c341d07df707,0.1314169449196525,0.1023148057039061,0.5837814087965615
1c34c9eb-5b39-4bf1-bd07-12a014d322ce,0.0139256568752297,0.0809544707403951,0.3910432934230301
1c3a0e00-b745-44e4-af36-842281f3e68c,0.0571864918835499,0.1027929992726872,0.4127708322855508
1c435f0b-218d-43b5-983b-9b98226625e4,0.0811310081361917,0.083861226691851,0.3829624280134105
1c4c14b2-de3e-43dd-acd4-443cfc9168af,0.0768026829400481,0.1094791726281242,0.6115062393286801
1c540389-8f2b-4675-930f-f769a97f7ae6,0.145427771636319,0.1003187093136833,0.4811143094003542
1c5ad1e1-de80-48a6-b4a4-28e7ca438690,0.0857651793327458,0.1369019234196968,0.5153872607574955
1c5ad5eb-a852-4fda-aed1-29a7d9d05155,0.1579129438359755,0.1306047267819448,0.4870506153677569
1c643487-6f52-409c-bdc2-e9fd24284879,0.0882263168547571,0.0987622193604337,0.4109672257195867
1c762673-f483-4544-88d6-a65cef3d767d,0.094725595451047,0.1618966387610081,0.4529209703498636
1c7bc8cb-00e6-4fcd-ac91-048f7a0654ac,0.0301087375049116,0.0278900295416012,0.3268928683358316
1ca44ff7-df26-4349-ae4e-fc1c79586ee8,0.0479422149224706,0.050900629286767,0.3635054203973327
1cab3226-c642-43b2-8ade-ed23e8417573,0.0222339220986467,0.036980206713806,0.3467162189360333
1cb6272a-9c34-4c15-8d32-dd43b260a27a,0.098937202264973,0.038180366857294,0.5266657552746352
1cba1126-0a91-4db6-b2d2-d1c275d786e7,0.0256741673783055,0.0341732836452727,0.3381406386495215
1ccc941d-8822-4ef4-94b5-a9006002b77f,0.0132353986716023,0.0397030749898085,0.3490651831486335
1ccea6dd-212d-4918-a891-3f4ebdff6529,0.1109489190389552,0.1110126356396558,0.6047919096684261
1ce0f0f8-4e82-4200-bba3-84bfa0faa545,0.1551908276303509,0.1212620642986727,0.569652768313569
1cf2477d-88b3-412e-a5d3-a1d9abc6a5f6,0.1079291430318797,0.1407252735033045,0.4391849352676868
1d025659-c80d-4b18-a57f-d32baaba3560,0.0054851265249022,0.0049166592061678,0.3268463413135642
1d0804ab-274a-49cd-b2a6-03fea3f47eef,0.0187781190251616,0.0202033006402556,0.3299767817551806
1d2e27d5-e000-44d2-bf86-faefc4d9e1f9,0.0583909055962761,0.0653543738162133,0.5983676075977858
1d35b404-72df-4436-baed-937ef139ee8f,0.0404551059172083,0.0772919834457936,0.3826353870348004
1d4d17d7-db22-4a6e-9644-e60b853883bb,0.1587711636341333,0.0501648139858906,0.3761881673554219
1d6a9c3b-17df-4172-8499-238f9aa8a851,0.0908936033512256,0.1186142024938775,0.413253262267643
1d74413d-3c5e-41fd-a33b-a4f3e3855f98,0.0252344912395115,0.0448880932281088,0.3571405947490449
1d762a25-e0de-4f6a-bd71-bb2de9b6f700,0.0808514978584257,0.0806372066263542,0.3888140426090563
1d7f03af-fde8-4e98-9061-97e2a280008b,0.0952976090724004,0.1082184751109636,0.4220731949416177
1d865d31-3bec-41f7-be43-eb6c9f4b10c5,0.1412817960391614,0.1066539069790001,0.5369388482657166
1d9b0507-7feb-451e-a5e1-55af6b9ad436,0.0723156001098242,0.1429627280901187,0.4406587168391709
1d9c7a18-8bae-4e5e-812f-46003d34793b,0.0284399247789495,0.0332422474161311,0.3486535768051879
1dc0130f-5279-4300-9fa9-7ab0aef44c9d,0.036749149286515,0.0802058706645516,0.3771709709685258
1ddd9fad-0c62-49ee-879d-7ced7c6b6d64,0.0280666695051217,0.0262972090312716,0.340393632102328
1e05346f-4dc2-4e01-a303-8f07903d63b1,0.080660561421741,0.0429758805741163,0.5566504322477551
1e171e4c-ce3a-45dc-9215-a5c7c645fa0e,0.0496510383762211,0.0607152236406475,0.3759068307179988
1e2c862a-ea4c-40ee-9b9f-5aa152d1fa13,0.0455293200489414,0.1337014579222514,0.4567244663456827
1e3c9d40-faa9-4bed-89ef-1e926e7f5898,0.1579072918752893,0.0615906268870164,0.5220030673776185
1e7e6894-27e2-4d94-92ae-44e8d8ec764f,0.0631679159664681,0.0780518397103884,0.3817685560140036
1e8533de-bb34-4652-b832-e91f846c369a,0.0794983603110014,0.099429152979616,0.6223979805183334
1e87f4db-2cc0-4ea2-97fa-6348bbc59fba,0.1005172241970077,0.0345138504625637,0.54647127666167
1e97a3bb-acda-46e6-917e-f0b0b27c8d55,0.0167741075567434,0.0212293331145875,0.322464281286391
1ea1dfe7-787e-402a-a9c7-d74fb7da6b5c,0.0720709534192842,0.0595820379492865,0.3692213463638959
1eb3d6a0-36e6-488c-a17a-261f9d732607,0.135544560602426,0.0465905600906976,0.4249564041554172
1ebe180c-bb21-4fa9-ba85-f2bf32a20ff6,0.0200282767607238,0.039205328394171,0.3448998205415852
1ec2e837-6ab4-4323-b338-3ffefd5da7fd,0.1102750549353373,0.0629771012427822,0.3801522541052212
1ed4fe14-e6d2-4aa8-a144-d04a73a57071,0.0294231080318706,0.0499854708770548,0.3617181755583174
1ee4da7c-b016-48ee-a010-1ab72f433a83,0.0611137514724214,0.0137339822478022,0.3220207310838654
1f0217b5-2ae7-488c-80ab-58a70c897a4e,0.0257946555109289,0.0368327797835661,0.348297114170519
1f02d216-f5fc-4a9d-aee2-0bbf8310ebfa,0.0773987167620989,0.1129576214858474,0.4267440096061836
1f1443b3-844f-4abd-a14f-64fec97b20f9,0.0450364677874307,0.0035209388621335,0.3145510007166244
1f254daf-2df1-4eaa-9e78-b2dc3d930582,0.0776608646539043,0.0061380654911729,0.3026927408931229
1f2d5613-ebf7-460a-b61c-530624612836,0.0741215962236379,0.0630025907418453,0.3711071131694233
1f373356-beef-456f-b3cf-72cc4b20fc55,0.0526713310380531,0.1409946870392177,0.4435727946219301
1f542ff6-4f44-4a77-98bd-6e8e25cf3be5,0.1565966925688665,0.0686484167238702,0.3831772013408221
1f5efc12-a86c-46df-a9af-6ba5289df898,0.0544383392615089,0.0897501996154365,0.4005719910139716
1f8617d8-1098-4f83-8d6e-d981c0178924,0.1300129944066387,0.0749542180320967,0.3840144163863325
1f9bfaa7-1af9-4728-8775-b654540ffcb0,0.0557875335785559,0.0860111083358012,0.3927751079421414
1fb3918c-b7fa-42cd-b095-0eed5588c27d,0.1276198859731449,0.1213768079512595,0.4644740889604205
1fc2a7fa-1ed2-4f66-a67c-af7e99c470cb,0.0994752499067419,0.0328734029111017,0.3395837817518111
1fe2e741-59d9-4a38-b499-d321689b2306,0.0773671142364582,0.0969119849483009,0.4075134617439634
200b8a99-b901-4019-9aa3-3f70a63b000b,0.0765228907679699,0.1328815226213972,0.6197505825938517
201c0caf-7918-4911-919d-9ac8d8dda936,0.126898321398471,0.0178399247390431,0.3530410811796072
203c6c98-f827-43dc-bd34-44ea3f218ddb,0.0604498002177882,0.1524401443391474,0.4975425217397281
203e9296-4fcf-4769-93f4-7931ebba3f69,0.068250535992025,0.1055292572211406,0.6112710020932819
20506d00-140d-4b1e-8d56-6405efca323c,0.024388659961765,0.0084557376651668,0.3202296039795991
20685b45-e764-455f-890f-b9b94410ca17,0.0526173524625888,0.0524613468940648,0.3605405031843211
2071f6f8-bb9c-489d-92fe-2df12857ada7,0.0883486193034965,0.0770494160302001,0.3812912790288874
207e4d78-9c38-45dc-ac02-0fe6afb08061,0.0546725231997508,0.0416940355364678,0.3543254057067738
209db0c1-cadc-4982-bd5a-7f5d7eea6737,0.1275451247105118,0.1563376437002641,0.4603905462814091
20a160de-167b-4925-ad6c-f52b80a684d8,0.0850437360410585,0.1006669350594627,0.504931051386588
20be3a97-efd7-4189-979a-16f66ce7ada6,0.1297754391974666,0.0759235048679354,0.3426779917966391
20c270d7-c973-4fb3-95f4-ba45fb6688c0,0.0474950368521623,0.1567123409835636,0.4673378521621794
20f3a9da-31e0-4d3a-8261-1e5ee757c9d9,0.0128887937717502,0.0482281026258479,0.3660253248169257
20f6eb1e-b148-4290-94bd-1d3e8673d148,0.0291014417959437,0.031572164350648,0.3405277983886092
21121d66-8fd5-49a1-8020-dbbb16e80cb8,0.0544740339187154,0.0819651807151397,0.3776071137416553
2112a892-9096-4a0e-b65d-cceb8516bc7d,0.1058154708907932,0.1566252084196377,0.5115415682276143
211ffad2-5a49-4a73-89ea-7f616d3eb768,0.0117522486345394,0.0013661686522409,0.3081819811596931
21201be0-0bef-4aef-a103-6f61b85a7bfa,0.1028766180727817,0.0313488223809048,0.3302757075796557
2128f331-f0ea-44e7-88bc-b742bdfbbd52,0.1182131737637637,0.1059620378606722,0.3997248108648447
21360afa-72ac-49a2-9e7d-14e345989962,0.13760093752626,0.139436311454354,0.5812355661105919
216ee3a4-d6da-450f-b970-9f427d7259f7,0.0631700027502101,0.0767080123539252,0.3867613483538238
217bed9b-68cf-4faa-a1c5-238e1f4fd553,0.0632138121087502,0.1263549092832099,0.4360492588250105
218abe0a-1ce7-4e98-b1e7-1eb662bb2529,0.016238097961435,0.0269273391170344,0.34630090646844
218bd3b5-d6b9-4885-a4b0-385e96afe2db,0.1086483673247832,0.0851481209686758,0.3993396606304308
21a7232e-2980-4dc6-92e9-75278e3d5b00,0.1456388746600662,0.0682938447927401,0.3939589243725563
21b4c1ce-dee5-4dfe-80b0-ab2efa9cecde,0.0961484296601466,0.0368029293232232,0.3308467630249556
21e50278-e13e-4c14-946f-e1a5887df82d,0.0668751323125216,0.1544610897826025,0.4619510676004851
21f1a9af-6792-405c-a981-ad4073b8da75,0.049343990412524,0.1432875967350519,0.443455556161575
21f25dbd-c9f2-431d-8e44-84addda9edbc,0.1165002933051955,0.0737236863086884,0.5693965195027506
21f87c20-37c7-4f43-8e7b-e70c32a516d3,0.0633775460197842,0.1214635659698661,0.4201311981043179
22037958-24c1-458a-94c8-f50139e1bfc7,0.0955901570747274,0.0923651203259453,0.4201885036809753
222d3dd6-8588-42b8-9e04-ffb3a09e1795,0.1561417783862991,0.1309732677022266,0.495918542476002
223b6d64-f9e4-4db8-93b9-0b91fbcd0661,0.0626639379295784,0.057783724835765,0.446679528628421
22415ad2-087c-484b-9bc6-40f51137d5c0,0.0763765017575321,0.0919400299195283,0.3964507478201179
225106b3-7ec9-45b1-ad3b-8dac884040ef,0.040360919919533,0.0935472435341978,0.4052465555679401
22659a44-0d80-4368-a695-98178ba325f0,0.1070604705264001,0.1456621537676017,0.4556269695286878
227af668-fe1e-4610-a3aa-98ad0d2658b0,0.0148347687479741,0.0242436889110088,0.335071897672515
22895f0c-32fb-4441-bc80-be6b97c32bcf,0.1108098316875976,0.1352394629352775,0.5916876458557584
228ae652-0c17-4626-b4c2-39a57428b106,0.1430260807675884,0.1347546635594505,0.580445326998331
228b31ca-f722-48fc-858a-63ce3591914a,0.1164098917596968,0.1482828711399541,0.4717558723478425
2297846b-a974-482c-9fd1-cb1bdbe144bf,0.1071694060015391,0.1383204330151444,0.4414257269902678
229ec9e2-9234-43ce-9a96-a07623ceeb05,0.0572321889630046,0.0803905947654394,0.3601426264630468
22a2303d-dc3d-40f4-9c8d-1c8723dda927,0.0773186479152477,0.0681259801850759,0.3654091557120195
22b18248-4f8f-414c-a234-f4b2b8d65476,0.1385834480252323,0.1185349816431093,0.5349475388435725
22c1e3c7-c203-4518-8b18-a825f9a2dd50,0.0244506735009187,0.0405929570551149,0.3533993379363811
22d14f66-bc4f-4140-8356-aca92dc0de57,0.0899367441268321,0.0392207827176767,0.6009125965807331
22dfc218-62c6-45cb-8560-f42c918a710d,0.046424691467242,0.0810600496900319,0.3904989656235245
22ea979e-a796-447c-a83a-f076551b2596,0.1253462321719955,0.1424420544080615,0.4605312383996217
22fa43e0-a572-4871-bad9-9331ab89bd5b,0.0682664573330619,0.0848258468895484,0.3839389357429507
23089c6f-f9c1-4a62-bde8-8c80ba0888f0,0.0695805888350957,0.1617254059349126,0.5095519051582378
2323e16c-178e-49a3-83c9-16ffd222b80c,0.1401250992238377,0.1390702679687911,0.6000949282583988
232c6b67-bcad-47f3-ada9-63bc602e6b66,0.0579144684928057,0.0505547936969697,0.3604999697480439
2330aee4-db67-44af-b85c-fcfbf1fb12cf,0.0872241417982712,0.0783832849109138,0.3883821787849294
2333c687-ee0c-4ae5-ad8a-6ab1f796f3d5,0.1461414528033374,0.1464716929135149,0.4383737738369081
2340ceae-e537-48a6-9511-1cbec5c741c0,0.0778874260342146,0.0861298582699516,0.3888160389155287
23565564-8d8b-47a5-bf6a-7e3101af697e,0.1231233756696344,0.1574330048435135,0.6186089033978927
235ca04a-3c81-4541-8c2e-0223be2cfb12,0.0744218367758457,0.1026778053202989,0.5994016261038421
2374a5f1-31f5-4455-9256-75256578d3dc,0.1282168683152113,0.0957546741696426,0.5714288659552671
237a3336-2289-400f-9de6-175bb3c3ae95,0.0838050679238639,0.0954627055237936,0.3963086327686176
239dd02c-a494-492d-ac17-790c44fb23c5,0.1379631996292747,0.0407801755290568,0.5086823552210206
23a0c930-f79e-4cec-9d0f-0b2d9a1cc3e6,0.0180005200238286,0.0118898722960792,0.3207540563460099
23b84dbd-f7ec-4bed-b8d8-136182dc3c87,0.0214207693773482,0.0324657081622825,0.3391330852144951
241355cb-33a5-413e-a385-319fa4e5c714,0.0202198494018727,0.0098989228687916,0.3133576427863642
2419cfbf-50eb-4e12-b983-6a848eaab5e9,0.0547022609046818,0.0673544923814906,0.6286275706610884
242ff9b2-fe74-41b1-a3bf-804931081249,0.1256768228660727,0.0762781243087305,0.4157151172710672
244e8c80-b5a4-4fd1-9a26-11a9e56a68a0,0.1496322393472448,0.1262113838238382,0.4359052668129737
2461ef76-d5e8-4ec2-bad8-e8bba7c6bae2,0.083311417332362,0.1633668469386944,0.4956800446583208
2462ef1f-b091-46d6-8c25-4fbbc139942d,0.0385227498214651,0.0540422007338489,0.3621635775822745
249024b2-6c49-4757-ab2b-d19c0c093b57,0.1353732187504407,0.0823236855324128,0.5647191491351922
2499fc9d-30c3-4914-8f52-3d4e1a3a9138,0.1136502962759681,0.051946514883712,0.3808127690606413
24a727d7-98c6-46b8-acef-a82f09af700d,0.1419042345220816,0.1561488247454292,0.5051256748269702
24a78f94-aac2-4f5a-99f0-5abc29cfd55b,0.1114304938119832,0.0600473797304996,0.5680283077711867
24b02a67-af79-45ce-bd3b-df9680f3217a,0.1256903525898387,0.0634188183641245,0.6313394030496727
24c6f41c-19b5-4bb7-aa00-70399898e43f,0.0613619592984916,0.104152488149943,0.4647907744663787
24c94cca-72e5-46a2-bf9f-4c19fdc4800b,0.060851562106873,0.1002601890536893,0.3772479827728736
24cf1576-3a70-451d-aa4d-f41a699b42a0,0.0898496310806873,0.0550141413134395,0.441458488200148
24d2f042-ddd5-4ae3-86d5-f652956dbb9a,0.1156003216164302,0.1508386352332198,0.4570149321575429
24d90c10-f393-4e96-860c-86d411cc3d1e,0.1082606027030604,0.1133378920548811,0.4115753691408481
24f0c0c0-b191-47d8-ae74-43bfee037244,0.1486809084792366,0.1069441507938443,0.4025476568902373
24f3b151-86e0-4a03-9018-04f9e252875c,0.0793518363397762,0.1544456313443288,0.5566359057735745
24f69f38-b7ae-4b04-97fb-7157a12e8f41,0.0501617303276821,0.0539016717979321,0.3629784438663554
250b2752-2676-449a-bf7f-1e0075bdf6e0,0.1283203215944963,0.1406751122582559,0.447029693325843
2521e98b-33fc-4314-a66f-f0b9e871e928,0.0699611350930657,0.0928556851344811,0.4444712392712312
25365460-4008-4fff-88ee-6c90c5278f8f,0.1205020785727531,0.1538132170053062,0.5054618926183805
253fd251-2dc8-4360-b054-5fffb4ddf85f,0.0110915257198139,0.0270656930525903,0.3376838361049695
25468765-8324-42cb-a141-c47c56654e46,0.1184176284221342,0.1119361488350303,0.4140978892048894
254acc7f-8dd7-40a9-a838-5318ab0fcf5c,0.0569680890633414,0.0629717673030741,0.3754548507919821
2558fb7e-ca30-4a6d-99a9-4d7e2bc5ba6b,0.1067912444139258,0.1404681310516629,0.4513291650313989
25592699-cec7-4e65-8e63-605b9fd96480,0.0971428269694991,0.0541942269957411,0.3477930718174533
256057db-ec59-4786-bc36-2a8e588bddda,0.0673995103769075,0.1072969098852898,0.4097747929833372
25a52e1e-3967-44dc-aeee-b8ca19502e8a,0.0815259204398041,0.0835104443401928,0.4436031823229403
25da5512-4992-4747-8211-301d264bccb6,0.0457254302153883,0.0666938930662249,0.3602696196574509
25df8372-a414-4b8d-a67b-3f7285168e5f,0.0102161566655815,0.0162825601455694,0.3215938297645313
25ec800f-77ce-4f78-8a78-a3a8ea14aa8a,0.0778677084112959,0.072899804755561,0.3957131790313956
260c630d-539d-42f6-a365-c425eb0f8bb3,0.072536182793542,0.1304764739387827,0.5933097156351291
2615c2aa-2d2a-48b6-93ad-fe4af8cf2e7b,0.0667408003651149,0.1132389630098884,0.4131297030099298
264ec0a7-3c79-47b7-979b-904056514452,0.0326414508761577,0.0864409013674528,0.3899425855013336
26561a07-1f2f-46be-a9c3-0a4cbb5ef945,0.1420848744542811,0.0820925576460905,0.5073047163109581
2664d6c7-9ccd-4aaf-8146-6c690a7ee66d,0.09948475333456,0.106868816084664,0.445575913697952
2671bc49-22b5-49e5-8331-f808a5620836,0.0901978454956135,0.1314703238166199,0.4290533990505016
267c80df-403b-4a5c-a812-c9380428afe6,0.0301217729722028,0.0430805456260889,0.3846962863026473
267e5122-2c50-4990-af81-b208e51e5e26,0.0173806734726218,0.0368540669646298,0.35570445237529
2691bd30-b096-4f63-baaa-1cfc07b12f9b,0.0630206217673615,0.0143533706018916,0.320349987580198
26b20914-d146-4b80-ad36-5693d110b1a6,0.1513861223655798,0.0121783502252002,0.4830626290709804
26b76b77-9b3c-493a-88f4-881a544211cc,0.0233835304907332,0.0237790819754051,0.3343433669804209
26c4e6cc-cb7a-4c3d-8584-664cfc332d4e,0.0656852366206246,0.1097793952076572,0.3901321639466295
26d58a38-dc18-43bc-be30-1f35096fc2df,0.0953535448021902,0.0927782461482519,0.588024773440881
26e51761-729f-4420-b6cb-d6938fc08483,0.0384450287563392,0.0608712556595342,0.3346024629263164
26ec9043-da74-412f-b684-50a308d2489c,0.0888007077770845,0.126414060192918,0.4303683012604321
26f12c18-695d-4662-9d3a-29f11fc5b55d,0.0172730894388096,0.0183974430081075,0.3308241960779367
26f69899-274f-4a8f-a7de-fecd563a17ca,0.0146508781780457,0.0287799029211131,0.3347950940490669
272c78b2-06f9-4f3e-bb9d-b1143e4fb472,0.094346253037179,0.0292811983757972,0.3432386411596556
2730abf2-63bc-4dd8-a337-ec12d049e884,0.0720605201769473,0.0803476787413936,0.3701385727810579
2748c7c9-aaea-45b7-bf96-1f1c5ad0d2cd,0.0697651231922049,0.1320882404069527,0.4401760279001405
274abbab-badc-4aa6-be97-7a2a2c867a0e,0.1245558751209503,0.1402340990404184,0.4615745497280676
274c26db-97ee-4bdb-9746-807202218254,0.0736761780638954,0.095856612455449,0.4099672757714826
27576b02-1728-462d-a36a-72d9a9d8c838,0.1472591798735734,0.0538047728318325,0.4151207059080529
275dbae5-496d-4cb0-aecd-11cdfb0db2cc,0.0616522288517166,0.0485816478468589,0.3564099010475277
2767e33a-2d94-41fd-854a-a93d1acc31f4,0.0262910762772067,0.0101627179735357,0.3124316745967913
277650b0-b14f-4e6a-9f5f-c8d93c7d9fb6,0.095806794293454,0.1166471671153431,0.4681608535946203
277c81a9-196a-47c9-8e66-5feabf94268f,0.0747475464765911,0.0895321665035194,0.4031007268606372
27884fdd-0f7e-4b08-9ca1-604a17cc5e83,0.0162690417302642,0.0118933818718294,0.3384766690230822
27a4c9ce-5fbb-476f-9c56-b74ac1711dd8,0.0774742324257782,0.0670378105074291,0.4433530966183265
27c22be4-6e55-4148-99cb-39048e0dc3c6,0.0651814878905829,0.0649229884968231,0.3656247428749136
27d9d0d3-0e19-434e-b33f-ffe6619c5bb7,0.1040660075312139,0.1064165483478205,0.4291889843749365
27e2dffe-169c-4526-9661-fcce5cb08850,0.0669913616990696,0.1420766013241255,0.4416901175984051
27e43ceb-0887-44c4-9d69-4a8a03026e0e,0.0864628377963527,0.1072163953330222,0.41321278062414
2818cd9a-0c05-4901-9549-025206b37f6f,0.1254319330718717,0.1458278005296139,0.4587582808996139
28499594-00fe-4fd0-a30c-72b18cc29821,0.024271492431775,0.0322590568919223,0.3932353767607167
284bf561-3c95-4e0b-b90d-6a8cc88fc35c,0.1209081914890284,0.0687449374412579,0.3794677023616726
2854e600-dd09-41eb-9cfc-dfd1a8aa0be7,0.122354630673698,0.1176181626292654,0.575599126398092
287a5b63-fee2-42c9-b6c0-8d117805e200,0.1579075730958509,0.0611372436100181,0.5565835911469217
2891fd36-5aa1-4569-803a-b13db26cd93b,0.0948776135014936,0.0999611257902792,0.4023845081904722
289d794e-7722-4f75-8127-23a6b5741a91,0.1147233340721622,0.1555243551496173,0.4609265475492398
28a19db9-9d39-4158-86d5-f9d926b312c4,0.1282217633350807,0.153262673291926,0.6339110400984076
28ce8bfe-6a4c-45a9-abd6-eab92903d954,0.0320225959470717,0.0423893062741937,0.3498107968294677
28f27149-aca1-4a09-9b9c-a585228b5ca9,0.0078983159428162,0.0188997706362401,0.3261484840449786
2909419c-0713-4d10-83db-76c5ca96ba8f,0.0707142611933895,0.0693864529726683,0.3962300043481359
29223a82-cb39-4326-b5b3-bda82ce8d5a1,0.1312549811726392,0.1610264026659021,0.4735705725362972
293466c3-f782-4d6f-b06b-d69cd49781eb,0.0360291643122554,0.0545251583293531,0.3547842922221215
293a72b7-5cb7-4058-863c-8c2c0f681567,0.1577006575659297,0.1584833306946692,0.4638151116554332
293c947b-b57d-45c1-9d0c-f205310845a2,0.1023127896658644,0.0893807365839885,0.4336943708473563
294da1ca-c939-417c-848f-5ec989865902,0.0461849976126262,0.0705466124763915,0.3711291878339779
296576ba-65a2-4b9c-b11f-22de1161dcbd,0.0521552069846268,0.0752822713682504,0.3773225661624672
299ee62e-5102-4555-b78c-7eee24e8bea4,0.0721142736794269,0.0934495223207564,0.3942250761503695
29b681fc-8841-47ee-aae9-54b76e3bf76a,0.132023480707347,0.0531986450902448,0.6351936079121391
29c77c49-2a9f-4c60-9696-5896e493346d,0.0172970537517188,0.0163260081967743,0.3254234616885872
29ce430c-7b4a-4e6f-8a18-45f1efa9087d,0.1540008240676144,0.0488137086260284,0.3824681764751135
29ce7151-0fcf-4ea6-86a0-a3b0a41f86f0,0.0403481639004734,0.0421788259311809,0.3618742146751885
29d66b59-ff5f-402e-92f9-0ae567a19e34,0.024342615009555,0.0680006734009258,0.3802653671846158
2a0723e6-cb8c-43a2-a730-648713d662c6,0.0215758770077025,0.0265242904765195,0.3249512017392271
2a09ddbc-c313-4e42-b035-4dc440432550,0.0227831991467017,0.042059584636962,0.350167357752752
2a13848c-447b-477f-b32b-d346424100a2,0.0292412160419,0.0546137796631343,0.3644114440129896
2a2eeb1c-c5e9-4b2b-9b22-49139f98f6e0,0.108612364235317,0.1143178514201942,0.4657081127340373
2a3afe84-0ff3-48d8-be4f-8b4b011d8741,0.0134233109126308,0.0351557714774754,0.342002219443548
2a4836da-b9b9-42b3-8dd7-be9c33040484,0.0994107134410857,0.1220043695495625,0.4260422518336885
2a59df76-ca25-4eb7-863d-6e550f418b89,0.0264084326604271,0.043581349983518,0.3520296448712396
2a5c638e-33e9-4ba3-88d9-7f9f671f7285,0.0826234187226136,0.0387122052935663,0.3367380438494998
2a79b130-5740-4def-9937-8d3ea4ee016e,0.1329246176968254,0.133461403343299,0.4319733625676529
2a8f5e64-d426-4aa1-a6ad-874b1dd7b7c4,0.0209261457904041,0.02179585620133,0.3282319328636263
2adde94f-9b34-489d-90ed-36ca809597a1,0.0274982343995164,0.0317845864503574,0.3357486975147238
2af5d2df-a8f9-45b8-8478-fc9512f88645,0.0394032790539535,0.051316589323143,0.4017659336703991
2b02e385-6a27-44b0-ace8-c8e49554147d,0.1338215562477276,0.1327661553854814,0.4406197663913013
2b056934-b9b7-4d29-b1df-c198d8ddf337,0.0890696421296856,0.1027389146349145,0.4106043855126436
2b18ef99-af08-4488-a32b-a04260e0637b,0.0611185168481048,0.1007787912080575,0.4095049060434211
2b240b2d-3a03-43b7-8e04-28418211a862,0.1040031234292871,0.1064787969032608,0.6120136908371316
2b263212-8d7f-4302-8078-bebd901fecd4,0.032995654519246,0.0303487186121723,0.3352992745622745
2b35dd99-3b22-4793-a7db-c3be5eeecb82,0.0924977179303832,0.1468275109141251,0.4521284927370416
2b3bb6e2-48fb-4149-b50c-752f0d898b80,0.0926425163459997,0.1005505637845699,0.5973440968125205
2b3dd85d-991f-4c4f-b447-a1f1ad43e00e,0.1406446918130479,0.1563806564508721,0.638421367087919
2b50ed08-6330-4c5b-9593-fd0044f11de6,0.025396394935503,0.0145681017177603,0.2991322696468278
2b64a576-282d-4e89-a331-7ba94c9baa6b,0.1140446589838579,0.1481383139939555,0.5605967030781833
2b6b438a-0d24-4f4b-b7f0-4e58ff45117e,0.0338692296423966,0.0456866057522485,0.3443788297666599
2b6e453d-ca3e-431d-9385-987d86499fee,0.1559444892376685,0.1074107232166533,0.4154113414740729
2b7560d6-bc97-4e0a-9e65-552f644db843,0.0437591532424993,0.0596100392577843,0.3707563614535699
2b77027e-6a06-4a4f-b698-7968ebb6c031,0.1551462556194531,0.1634912836549513,0.5329597021727069
2b7aff32-76af-43f9-8393-9776eb497cb8,0.1217800916074881,0.1227317363787327,0.4202010336855663
2b7b01a4-e6bf-48ae-ab81-669582f40743,0.0375967584351923,0.0558467300628157,0.3686382427248438
2ba2e81d-ac6d-42bb-9c2b-ad5901d99282,0.0545013655936088,0.0444307117179436,0.3181698305512185
2ba755f5-4d1b-493f-b60e-66b0f940cc17,0.0452146653485362,0.0318684567459901,0.337909332497267
2ba7b9a2-4f8b-4938-bad0-65725d673b1f,0.0714484399449384,0.0275188307172039,0.3304619069191649
2bae1693-f655-48e0-b9a1-dfbb3b21b1e7,0.0497123650584724,0.0230251374886231,0.3244128403688902
2bc3f7fe-1afa-437e-9876-c727e8b9badc,0.1562828671751832,0.1101392354269902,0.5730579677001291
2bd70f7b-330e-4999-b8f5-23b4fd59db79,0.0655826883382828,0.0398458578411242,0.3470737738921971
2c0713b3-d442-4ad7-a320-4b19056d5f0b,0.1113477074245632,0.097969014146706,0.608439712080505
2c1463ce-b306-4685-9bdb-7645d7e94b1c,0.0274031419353091,0.0511833676256771,0.3521248785510429
2c364485-715e-45f0-8038-5f521a88f5e7,0.0483953844731988,0.0537438604119368,0.3633125181950323
2c3682cc-0e86-4cfa-ad7b-b5c05d69747c,0.0439887000779907,0.0359121224086099,0.3428959330529323
2c460346-0969-46e7-bd6a-1ce871a49406,0.0484725027883441,0.085466001349869,0.3952316103245499
2c46178d-eb70-4e75-9a29-7dede47d912e,0.0776000754859341,0.1548993721462715,0.4883022099985599
2c474adf-dc2c-439e-9376-682d706fda5e,0.0583258872502063,0.0082428401779143,0.2970464259983398
2c5c176b-a913-4b1f-bfa9-ed6cc81e7db3,0.0270319243948178,0.0361956806292311,0.3393603723990505
2c61f086-4870-4911-be95-2c26694acbb2,0.1515393515345463,0.157070666843879,0.4564381872527189
2c94f16d-fdcf-42a1-9ba9-eb5e40e59e80,0.1420540199288901,0.048928058926562,0.5249318748030194
2c990c32-7d43-4e96-a817-7ab6e3859db9,0.02336347063888,0.0379468130300707,0.3432039894090873
2cba55be-4b11-460d-bf80-162cb23807b0,0.0868005797473315,0.1200596382715275,0.4180589372840997
2cbd8bf5-1619-4f37-910b-dc182ab5e556,0.155465344421191,0.1215228136769202,0.4416141326627286
2cda7b24-6717-42d8-9642-0684be083045,0.0778355105746513,0.091965449171423,0.394054477361885
2cdc9c45-7b9c-4cf4-8921-bb151ae8b4af,0.0207661586707019,0.0321082761620808,0.3322364494850469
2cf19173-a988-41b4-918d-475f0cbf1545,0.1402831946477228,0.1127819485159839,0.4259703110368977
2cf494ba-d176-441d-9a2c-e78e78500d3c,0.048181606052317,0.0552243679089529,0.3602588310643201
2cf61fa3-7d1d-4a32-815e-ec9b7d296548,0.1231570201748195,0.1310187678361043,0.453142060905076
2cf8ce44-c56d-4cb2-ae78-d0e8e2a15ca8,0.0623161163792907,0.0877167763300095,0.3842594635277929
2d06fe9d-1563-4a43-bfe5-a1a6c25eacd8,0.0964192779435879,0.0345076420352457,0.3484762140834306
2d113527-cbf7-41fc-8a65-e2569b8c496b,0.0818735063121884,0.0906310293022624,0.4419855203186549
2d1c1d5f-411b-4c1e-8219-8c4b0b89845d,0.1190856368782192,0.1105483382202559,0.4139111376798177
2d213f5a-60d6-4eac-ad83-588f0320d0cb,0.0777818892112016,0.0770555572619548,0.3965288128053644
2d5a9f4b-01b7-4b7b-babe-cd8ce15daf47,0.0654447431567799,0.0841377280463255,0.3796937659625006
2d651c35-f3d9-44c6-924d-98ef1be19e6c,0.0994382882473982,0.0979302791796997,0.6385177881304528
2d66b838-1fb5-4d44-8914-2e7488179d36,0.0574903847987395,0.0631970058686723,0.3729993922631262
2df966a1-801b-4dd0-8825-109e607550b4,0.0441089194300007,0.090074875294277,0.3926031604136428
2dfc826d-753b-48ff-8bbc-8c89fca3cb26,0.0681795621970406,0.0400971334391269,0.597475844705479
2e033b00-cedd-4cba-8725-3a3c0721b6fc,0.0981183765124791,0.1313510164909159,0.4817175788225525
2e07a12e-2a6c-4ade-994a-e56cc1c39fec,0.0315407657934629,0.0313527985758327,0.3390144339482018
2e4e73e9-2b26-4693-b34f-3ee6dc16c97f,0.1018944328143655,0.0715623636537843,0.3750805043112002
2e645fc7-bb46-4144-9d39-cbc753ee305d,0.0317245231044318,0.0589646813858733,0.3720850282481576
2e67d978-a6c3-476e-bc8f-67d8e8723f75,0.127488020346326,0.1578769389620018,0.4732931154045756
2e6fbf2a-f042-4956-98d3-ab6e9012624d,0.1122558324661333,0.1183486639681226,0.6256402934894398
2e6feac8-f4cd-4d34-9b52-dd815506a440,0.0344226167858033,0.0482151269955931,0.3398722262149924
2e7d4900-d713-4cb4-b623-8a627ec393f4,0.1003915864627048,0.1086677700757655,0.4125504283624985
2e830e82-700a-45df-b0da-aa169fae87e6,0.1119754711864853,0.1000012965673613,0.4082425002491086
2e8a1cd3-a767-48ee-9413-d60234b6c071,0.0858761392994274,0.1069370786148715,0.4090473764256174
2e96610b-09ae-4bad-a82a-45b443712e1c,0.0297535046913382,0.0862361375791259,0.4034400875714287
2ea41519-9727-44b3-a2eb-8d86c573583b,0.1037122945091958,0.0983165493530625,0.5855324337935279
2eae3e03-6d62-4819-930b-2af2eb1683d1,0.0586481418790293,0.0694345967309544,0.3644943943750146
2ebf7e80-6a25-4652-9908-69e216218a67,0.0723721679940898,0.0169206713308294,0.3247394561144188
2ec6fc83-453f-42da-aba1-997b87b0c341,0.1588712855957896,0.0583393719768988,0.5461515349659096
2ece6fb5-1124-4d74-8aa5-e484821a0226,0.1323034036261006,0.1505601530804743,0.5044563839475918
2ed6cb48-30ad-49f0-bd84-e062f2d3e382,0.0239945949768004,0.0426610890556516,0.3242687780746338
2eee92e2-4329-4b07-a598-64cbd28b9408,0.0670054744011028,0.0987663912002649,0.4088530180012105
2efb8480-4503-48bb-8ae1-bd5ebbb7ca06,0.1489414868112626,0.1372653066892509,0.5258640556067111
2efdb44b-fff3-49f8-a9a7-38ce6be25ee6,0.1514386289204271,0.0396233309546844,0.5869440353806716
2f00261c-5a79-4443-9236-44a34c198d62,0.0604568067755634,0.0901458927823753,0.4018509882129989
2f194ecf-3a28-4873-8459-babed7c396cf,0.1373663549862194,0.0816684962781182,0.3424977721406354
2f21efe3-af43-4312-b321-d14beeede473,0.0227550974417687,0.0158501661470202,0.3233175499768019
2f24344e-cf34-42f4-b852-a18776a90bde,0.0192865655229423,0.0107451162425707,0.3161259368017471
2f24e390-7f3b-4686-9734-39036b4abb44,0.1409166090892947,0.0940132051261775,0.4047552980257073
2f3ea461-f44e-4d20-b2cc-fd89a487e0c3,0.0483374622256573,0.0537825134216157,0.3631452637492611
2f401f26-91fe-499d-9b65-50c945cccfb1,0.0624655638627012,0.1371050024011959,0.4645322063395428
2f5851bf-16ed-4dba-8f08-f6184340043f,0.1347413567215533,0.1477030478884223,0.4979338237200593
2f61cb16-3a9a-4373-822b-268547ad8c8e,0.0153381762880216,0.0266767321629243,0.3342043132677708
2f643dac-a526-4034-b92b-055bc7dd58e6,0.0974350405206136,0.0248061713522276,0.4841364120801679
2f9f6f3a-5292-476d-8429-44c6b9d60d0b,0.079733392200852,0.0936735702040645,0.4301183697692713
2faca2b1-877b-4991-97fd-5efc221342b3,0.1186749486324775,0.1506431720400682,0.547916746928624
2fbc9085-f994-4c12-abcc-99f412213884,0.0340349733119866,0.034484564202431,0.3500705190171838
2fca3efa-3713-4110-a445-f51c2cccb976,0.0215758770077025,0.0265242904765195,0.3249512017392271
2fda31c6-cd40-4fb1-952b-6f113a3c856b,0.0715879846061759,0.1177463398734931,0.482848023820084
2fe96e36-8ccb-48e1-b842-faa0cb48c7be,0.0212137604067726,0.0334852431901603,0.3371024835740125
2fea2471-3b24-4cd0-81a1-f4b434903852,0.0264214424845434,0.0368034083685606,0.3491208748590055
2ff2d9b1-f344-4b52-bdda-968b96a822ab,0.1168745133720838,0.1202032483254962,0.6048453826802863
3004edea-afdc-41da-b664-0666d7c0e624,0.1031113465294049,0.1259192671408666,0.5126149671789751
301c8c1c-6d56-462c-b8c2-1062bd311133,0.0567694421628716,0.1601383486998107,0.4666412377437506
304137a6-1fa2-4be0-aad3-3bf79701c70e,0.0097654876289684,0.0171869254306156,0.3273699035680477
30438a4a-cae8-4b99-b738-cec8cd6ef118,0.0919423787592208,0.1586703792319582,0.5312163462484197
3049a051-85ea-451a-a8c5-f0fc00b75b15,0.0219999474046316,0.0317488115730133,0.3428829439066901
305b9921-5af2-4dcb-a63f-397a92cb7af0,0.0335904628949785,0.0785399772326639,0.4415008860830431
306c9143-e24a-4382-abfe-6041cd224466,0.0545894951176933,0.0851559237330742,0.4099048588456236
306d59cc-5afb-4d8f-a75b-bbaaae639d7a,0.0483751397182635,0.0701820710338421,0.369661883644488
308473b1-dfe7-478f-b730-32e0e04bcee6,0.0766756697758846,0.1132732157017765,0.4251140089334214
308c8295-2d58-4b7c-af9e-1b9620f2264b,0.0541809499150612,0.0152537822293165,0.5752641317859365
308e57f3-aa61-43a7-bc44-e8066def5069,0.0206681729961162,0.0265482525440666,0.3375321633538107
30955ee0-b5de-436e-a85e-0f96f960fdae,0.1163491911373345,0.1385086545849639,0.5763884810995912
30b0b300-b24c-457c-90db-c5570c263c08,0.1101521615737377,0.156947545141281,0.5583279320852662
30ca1aab-c0f8-4c26-a3f7-1da1d82e7198,0.0423653955728407,0.149864473723409,0.555364361989798
30cff93b-436f-4404-907e-140aae49daeb,0.1599110369689738,0.1100725231165398,0.4935819559396631
30d5db4f-da9b-44c6-8670-e401fc9a655b,0.0396564920452943,0.0723839688312737,0.3752095150077865
30dfc24a-b199-43f8-8218-c0ff1f36b630,0.0760475774442146,0.1146033842667453,0.397544800845763
30ea6ead-5d17-4369-b125-389156af5e32,0.0530227970679051,0.0395926790871261,0.3386013972364887
30f5dee0-a735-422d-81af-21b60828639f,0.0703733977366929,0.0704263188542533,0.3696592196968675
30fb93a9-f7f7-49ea-9632-3eba42ed8252,0.0218443294441747,0.0244341499359906,0.3387329471070499
30fbb0dc-e82e-4b37-875b-5170e539f2ab,0.1050908528785539,0.0576369342435279,0.3647523308408212
3114fa39-825b-4a07-b409-5a56a1a497d6,0.1208907642651565,0.1175881918934118,0.4264284353805087
311a732c-f6e6-49ee-abb4-4175be9cb73b,0.0147625434514556,0.014427954633339,0.3192505035496267
3139914d-9f24-4a51-bbbf-f0d1a82e1f68,0.0994003662802756,0.0426892509941517,0.3391918647834523
31474f71-809c-4506-94bd-209c907bd145,0.0591385528352482,0.0858288554358196,0.3811664604257966
3147fa86-9268-47fb-8987-df713dec613d,0.1345788260320062,0.0713484360568542,0.5548813410123473
314fef85-efc7-4c6b-803f-670d4f07b2ce,0.1215933553495283,0.0558670829161435,0.5704368624575555
318a2d70-e6fc-4d0e-a17d-f281d7b2fe37,0.0957254392146564,0.0916010934108579,0.3846852876383894
31992302-9cc9-4be6-9afe-0746f3ec47ed,0.0398080809636143,0.1217891836037858,0.4370905396319947
31b28637-5c5f-4c80-839d-63189f459309,0.1314319023451449,0.1164317379674171,0.6123099764415197
31c3311e-f335-444b-8ea5-f645a45ad03d,0.1119348745595965,0.1624357012257634,0.4629350222846364
31c52980-de21-4b9c-81ed-4aa9fff5a930,0.0578646064517065,0.0907548381924807,0.4032774874052326
31ddcef6-ae4f-47bc-a503-2d535b292190,0.0662739306276139,0.0102186144331154,0.3019388400135709
31e65a08-e183-4e70-935d-56f2000937e8,0.0736355373914509,0.0512687345684527,0.3440515976435105
31fd3a0f-d328-44e2-86df-6a9fb6cfe487,0.0535848754313672,0.0735861724155805,0.4971193765200102
3223d3a6-7454-470f-aceb-d29b6f74bc4b,0.018000857018086,0.0832505179174121,0.3909577108667834
326cc2d8-99f5-495f-bc0a-e34e1711978e,0.0303602464276063,0.0385111566937272,0.3487632558753195
3270a598-3f23-45ba-be2e-253d5d736e27,0.1042907496326201,0.1204175401793292,0.4701867927244954
32766910-f924-4e0f-acb3-846059958611,0.0279836494807988,0.0664609005553073,0.3777294111916587
3282aaec-364e-4699-880a-eea30fb45de0,0.007379729923581,0.0165988372278467,0.3237956426335459
32947493-9284-4a5e-a75d-4223b4261f45,0.0948873176195447,0.1594884282621253,0.4708872988196292
32b17934-6eb9-4fed-bd04-73ab62f7e836,0.1458577681996525,0.1571614108044808,0.614398424508329
32cda5e2-38e6-43e8-b644-77495cc3827a,0.0449368172873487,0.0910814326067561,0.3975199493315721
32d486c8-b375-4c14-9799-9a7d1a770787,0.1077953767614419,0.1224279917810292,0.5658943564639555
32e9924e-c2d8-490c-90f3-437efbc81002,0.1505047169954873,0.0087304919990216,0.3671660565987383
32fefae5-c692-477f-80a0-6d20ef3b6ba1,0.0807098199261785,0.1610417473828722,0.5209344053300718
3322ac47-8304-4ecb-914e-eb8a14d19de4,0.0341648413807384,0.075984912106462,0.3780473589272769
3323fe40-0ab4-482e-98fc-d0614369fb37,0.0487250806768884,0.0669915566535847,0.3763058878011229
33345d06-3484-4e39-adda-bcee6c89dbda,0.1046164133663265,0.0569559372735327,0.5851654872116092
3382dccd-b822-4337-9507-d6e378c418d8,0.1318658454092315,0.1618495624504812,0.5169051115626965
338586d7-e3e4-4ed9-aeff-55de67840493,0.1004133463601661,0.0265205196029055,0.3208519293358429
33937022-badc-427f-9c5d-070b30967867,0.0784512707246903,0.0980338714196461,0.4115900767796325
3398282e-90e9-44b8-a3d4-51929f5874fe,0.0659690733956784,0.0765298648093397,0.3830497863488669
339a795c-f911-46e2-8b01-9fa973f22bb2,0.108945562227603,0.0909648621885465,0.4364776510948021
33a2ed86-d1db-48f6-82db-dbd7cd672189,0.1378101178058317,0.0782129668611198,0.3889778482863478
33ee7156-9255-46b4-80e4-0e15da6d1339,0.0808175003167897,0.0891826738976036,0.3912368831971753
33fb38fd-22b6-40a0-977b-4c16babb912f,0.0364985920362996,0.0654893715499911,0.3486977456023979
34078d53-a899-4610-a894-a6d22ccb5eb1,0.0708244055565933,0.0343033480367032,0.3361872456269482
340c3238-a790-4396-9e91-fdbdc2dddb94,0.031437493396318,0.0204041099221643,0.3314056786093248
340e660a-ceee-4fe0-b642-cb96b52049c6,0.1191259784947036,0.1176097046561518,0.4083538324367767
3411a1e4-6d9c-48da-a53e-54076f07b2b3,0.0987134926972146,0.1104916100786898,0.4212609993284749
341795b6-ea7c-4fc1-acbf-c2b7a24d7af2,0.0282179574133451,0.0240542729684647,0.3368206656068825
344a7478-b6d9-4257-891e-a7ac7a10bd9c,0.0402179831383798,0.0208545236244392,0.3295631224047397
344b5984-4bca-4fdf-99bd-559816254503,0.0356591573249283,0.0240521653337936,0.3369323576627204
34649689-b504-470d-8495-cf7d4e3f4bd7,0.1377064053945943,0.0641044716566662,0.4361397659105379
34705ac1-6110-4f4e-8a6d-8a723bb2ebc2,0.0172188771542439,0.0962739479957652,0.4073235356369691
34b0ba7e-7619-4bab-84d6-5799b796ffbb,0.037372821405985,0.0452595446061565,0.4341366971913563
34b0fdd6-e680-4879-a5e6-4616469c5c00,0.1549676927434533,0.1555713068144821,0.591643052543442
34b2e9b9-b600-40f0-b675-9eb5cbcbc994,0.1501789025154985,0.0199605609099427,0.3701830349559181
34bc7f8d-0a1a-4396-a540-b1b9e19b7f61,0.1466348992003085,0.161165461951206,0.5257070224321428
34f2934e-4fcf-4d02-94eb-9255358f8c2a,0.0875669308767495,0.136070991218634,0.4453468411540845
34fc6f9d-040d-446d-9b93-aa3d0da00951,0.0429953623972663,0.0177799565965351,0.3294760799710117
350ff94b-4bce-4b8d-aa39-860288885315,0.0821570182554614,0.094388643475987,0.4827112496550619
3536f7df-da23-4d50-a3ff-e70e14f8bc28,0.0190996338689163,0.0266277323412135,0.3311847503187993
3557f8ea-acb9-4a7c-b9d3-8353f57d536e,0.1387385790413277,0.0674777969066785,0.41972446789811
3569cbc6-55ce-4ada-adc4-ff8a9d804b97,0.0424164678507262,0.1628841137995049,0.4755697215259726
35742bfa-73c8-4fd1-a46a-8a6a62048b68,0.073657528050019,0.0867190133940918,0.6082809743312767
3575c7b4-704c-44c2-8ab2-ef85e31a74cf,0.0123644120296762,0.0247988098317356,0.3312697082562056
35ba8ce5-dc5d-432b-a540-db9a98d88ce5,0.0368532183648144,0.0753957798201099,0.3875262783810899
35cff779-7468-4919-96fe-6996803d3ccc,0.0479679483154017,0.0789367800084796,0.3354277432195106
35e379d2-ca77-42c8-a2d1-b410c5999973,0.0220313762338892,0.1046253205368607,0.410539805291191
35e8f252-9468-49e6-b406-ffa0934532d9,0.1136491148695108,0.0866175967292376,0.3892640091420727
35ed2126-ab79-4450-8d6f-4b6cff8cbe6d,0.1041859646522746,0.1521052691370564,0.4736565907667143
35f40404-9129-468b-be08-5bf003464017,0.1342997246611861,0.1253943631065554,0.5803543500583374
35f6a2b6-8fae-4bfd-a4a1-eaa3adf2cd5b,0.0549006760571942,0.1108616087142672,0.4198975597232024
361abbcf-630d-4070-aed0-4edb336d9957,0.0237257211892898,0.0732450457318555,0.3749210839385914
361e8857-7b8a-432e-8f4c-396bdd288ba0,0.0374742369054441,0.0947739203718816,0.3722064462014705
3628b84b-85eb-4513-b806-329166c29699,0.0444235876153205,0.0875700737551906,0.3957390343269779
3634257d-40d2-484d-8069-7c4c85baf1a2,0.1517719752498317,0.1375910574579913,0.4344372779166433
363ca810-fa7d-476d-8d3a-26091df4fd64,0.0848401852670776,0.039580457745239,0.4092190472729893
364705ab-5b92-480c-91e6-0eae87611b1d,0.1556404043947486,0.0607447291624178,0.3723468649361857
364e54db-5298-4330-869c-13a55cf7a4c6,0.0927990031534955,0.0570439504307328,0.3631749948510328
364edea8-2fa6-4db9-b9cc-f5ec8b47b659,0.1311925589989178,0.1083038644163482,0.4095022748870927
36521439-0e0b-41ba-88a8-0874af2a7fbc,0.0463509756876169,0.0519007218730313,0.3880436656219827
367e4ea4-e0e3-4c87-912f-47fe5e5a0356,0.0831324737403164,0.1381549615966817,0.5153505503636789
368172c5-78fe-450e-9577-e9efc3e7836b,0.1401022427816335,0.1486330675318593,0.5330096100870332
36a11417-5a13-49eb-96df-aefb69e7f891,0.1018513200075393,0.0670261334990509,0.3702953222191822
36a97980-b7bb-46e8-9146-978bc10f244f,0.1297303809245975,0.1086926963523797,0.5090939479113553
36ad6d3c-2094-44d8-b95f-b6880f88d95f,0.0069732495503658,0.0096067428425643,0.3210083535637658
36cd0ce4-78dd-4056-9531-0e05c7cefe0f,0.1242274601202917,0.1517003445998741,0.5053686544039219
36da0235-d12d-4b9e-87f2-f1d540b2e5e2,0.0127964160777062,0.0051737543848786,0.3142740050079152
36fae426-ef96-408c-a4fd-85fbd1b44ba7,0.0251862955321934,0.0680173400410406,0.3822731877145464
370728f5-01c2-4a26-8924-1d0fa21d34ad,0.1390041868634387,0.034110356661476,0.3402062064851192
370ef9b0-2d67-43f4-8947-8e182bcb4d19,0.0501767135303829,0.0688025956183824,0.3754951366707
37142a0c-b173-48bf-a39b-d915a74e3256,0.018752462155273,0.0297754874580474,0.3352390455694021
3722cf9d-3578-40f6-a42b-a0e6b7e7080f,0.0075377273899588,0.0234485428808049,0.3304037477102559
37259387-0b60-4abf-9830-ba9ba1106c69,0.007584425249985,0.0083559440474791,0.3402827236132763
37280db7-c7ab-4df0-8b6f-2f260455b43b,0.1335850381502985,0.1473634192069367,0.5464370165056615
372eb737-9263-44b6-b0d6-b5cbbd6d4aa0,0.0573672697706462,0.0616865300881018,0.3682394907497641
376dd389-6e50-4fb3-a9f4-d7d053c4f198,0.0991857193388678,0.0670505069805522,0.3728917178408691
376eac84-1a4d-4b52-a1e2-f4ced632d827,0.0564607136018962,0.0544028231194358,0.3668118974493627
378233c1-d20b-4172-87a3-fedc4c891948,0.0875943317143506,0.0784308967412858,0.5924312842535473
37ad23ec-2041-4842-a4c7-1c71faaf26f4,0.0248600820213224,0.019285337789286,0.321792055512422
37c38372-d77a-4bbb-baba-34785971b22f,0.0244880556281099,0.0458685573229798,0.3786216407933703
37c749f0-cc1d-491f-8198-d6725c6032ec,0.1424499878942008,0.1035643595767237,0.4432411752131617
37ebb104-8027-4af9-8a34-4a987a47706c,0.1290826608782174,0.0338967096358318,0.5430520708218044
37f29f81-193b-4089-a459-96e1ec427eee,0.0760011832123639,0.0803491163743755,0.3882977625786123
37fbeba0-c018-4980-a94c-f0be1fde668f,0.0380035255636125,0.0631938419865298,0.3747631207089805
37fe6ccd-618f-4e44-9f01-5a739786bb66,0.0558894128549225,0.0837419201927911,0.5193145810557852
382c8f81-031f-48ad-a14f-606a03471a51,0.0101840363469775,0.0038216909531719,0.3189617950350776
383b083d-d4f2-4329-a891-e0159cc1c376,0.1139472608549709,0.154766293381857,0.4613872613941666
384aca6f-68fe-4053-af93-e661fb0d42a6,0.1106116299511779,0.1609520076508524,0.4711154082592845
384ca149-420c-4f23-89e1-77a7edf6d26b,0.0930504669186626,0.1201506634351769,0.5397128320123221
38595b7a-1184-4172-b500-8622cfa80d96,0.0413831204644421,0.0754823088460279,0.3544386686251853
3881223e-d4c4-4690-b162-0d98b6962886,0.0884542624471452,0.0288657932086246,0.3384825247325057
388da7b7-d557-4613-8f48-2f6432e31455,0.1476881432849504,0.0291875774333054,0.6038775129737496
388faba7-786e-4c65-9c37-7db3fe6105b9,0.1470385855310842,0.0103075130509035,0.5911081466126061
38c47220-cc8b-4797-8342-7f3014ed2b81,0.0986534362336384,0.1396836774531465,0.4454715351567326
38f10161-e135-4697-b462-95dd58e6943f,0.0310649242336362,0.0379197859693265,0.3627982724013773
391ef151-75e5-4acd-b047-bf4cc999e024,0.1319046474552542,0.0531739150948982,0.3946191231237586
392182c1-3308-4897-9d54-9dac708ee7da,0.0599158107300276,0.1362002066817716,0.4389390068879412
39362403-5a5b-42c8-a8ae-399edfee871a,0.1400832648151128,0.1473266349970388,0.4680440706438397
393ce344-1f54-4804-9ec9-ee94b4e86adf,0.1329743943614632,0.0754958670544208,0.3803827410289483
393d94cc-cdba-45c5-a9e3-237b05bc4d66,0.0610235577513763,0.055421835100609,0.595045052305507
3942d813-4097-4cdb-9bf8-35a54fba4fbc,0.0393565709213508,0.0359942713887599,0.3412534851610593
39531c08-5399-443c-b7dc-777961b65bf8,0.0614046625850828,0.0901550658332474,0.4385943030644414
3954536d-af1b-4aec-8d08-fbea846dabcc,0.1143558306532608,0.1617667227429559,0.5963710768408115
396887fb-58b4-4510-8a23-64991147b190,0.1128997908229523,0.0253526878191648,0.5935720798967774
3970412a-8ccd-40cc-bac0-bed8e6e1a894,0.0234927965593409,0.022495085312356,0.3343652347616668
398c15cc-b9aa-4b66-be52-46ff1223d15a,0.1138780110983521,0.1063407714903915,0.4456781475712356
39b2a8d2-11fc-497c-89d8-484e0b7fecc8,0.0687537772391533,0.0624375176659768,0.372200695647552
39c23c49-ed9c-433b-88ab-f132a3082b4e,0.0836618563235181,0.07499012280345,0.3896995152148393
39d40da9-bb1d-4e66-b6ae-98c4edb4509c,0.1355306018654893,0.0658512843945277,0.5148277408766747
39db90c2-d3cb-4c36-98e6-05d51337dae1,0.1451508966184443,0.1003479803415128,0.4038395104779486
39fc44a0-87e9-40a8-aa0e-ec1b93f2dc2f,0.0560519293755723,0.0475237911228898,0.3585614930655538
3a537233-f9d1-46bd-8fd1-fe6197c1b352,0.1120959685694592,0.140123261789119,0.4484557900510742
3a53bcea-1eb7-4888-89fa-b4b2c69abda8,0.1190063871562987,0.0344677556696331,0.3617215617546762
3a60e224-bc7b-4e9e-92b9-918a1684e87f,0.1032960878604625,0.1361083648296975,0.6029004680880499
3a6db0d7-27b3-4c55-ac5a-88ba76fe2140,0.0143673679418889,0.0272714501474891,0.3355829018813688
3a781617-33a6-4458-951e-98acd2e3d741,0.0905752399532635,0.0431371517272813,0.5018243720085969
3a8a0297-c33c-4a29-a521-879d4af68441,0.0404381433726088,0.0359242252253423,0.3397263052543355
3a938020-2652-4120-a07c-e5701c27336e,0.0817982996147777,0.1023492363914269,0.5690262142161806
3aaebf9d-c99c-4ec2-8630-9713c9dcadf4,0.1133624817059093,0.1470937204320079,0.6048117524739962
3acd76b0-c88c-4203-8d22-e5e04b472552,0.0954734245180919,0.0663069096206116,0.363945130871004
3ad144e3-17bd-4cbf-a895-fa8c56a80837,0.0101928376397383,0.0067868775341327,0.3098106764588811
3ae2403f-74e8-4544-a760-ffd972a6177f,0.1536437665001587,0.1631320565033843,0.6224090403465503
3ae4bb5e-b667-497f-a8b9-e3520b37beaf,0.1054599082652479,0.063303480909554,0.4579994411022926
3af95ce5-be70-40a7-b6e2-749172b088d6,0.139962890754153,0.1268076562243187,0.5521600947703211
3afb0b96-cea6-4b08-abf3-ba79601cc94d,0.0381582528112859,0.0415512141462526,0.3499095026876768
3b07670c-5b6d-4de8-bde4-3e72d0a92778,0.0625250274516129,0.1607830784456175,0.5119481159921667
3b35a903-a0be-49b0-83c3-705f404cc61d,0.0160097891758239,0.0316547699479743,0.3440305587707347
3b41afa3-dece-43f1-85a8-65c51b347b13,0.0778027626076026,0.0937048816385245,0.4036594816645281
3b509b54-7588-4cc6-a946-fb273887ba52,0.008484342587765,0.0210481381491325,0.3203024115387445
3b8e04e1-651b-476c-a109-bd792803d132,0.0234347615617657,0.0317539285977019,0.3455869393377687
3b9973dc-a94f-413e-9128-9e5c68577be7,0.1485819505535236,0.1600206455818585,0.4739051691304266
3b9a0120-7b3a-412d-abbb-5a8c057e2bd8,0.1357558185000388,0.0439892956521335,0.5835814897061018
3bb91ec7-f8da-4b36-8363-30b1a4fcad14,0.0583277650265962,0.0859093007931479,0.3930362896427455
3bcf0ba3-129a-44ec-9d2d-dc3f6947197e,0.1069198064504831,0.1384837192991809,0.4540915528778073
3bf697da-33b5-4b02-82b3-753181c93b90,0.1435277008064996,0.103300188623268,0.5833161857819668
3bfa9fa3-e839-4ac2-a0fc-f851325e0e76,0.0374728454848869,0.061736862842081,0.3727444258337401
3c162f46-a071-469c-a5b6-a81c564e6ab9,0.0778891256853709,0.0748589660071248,0.5131035507295887
3c3320b3-320c-4aa4-91ea-901f9163bf9f,0.1248346537767747,0.0762390842462139,0.3812546186228855
3c66b19d-9dbd-4ca8-83c1-3141de1c383f,0.1446232257804486,0.1441606918990581,0.6358895556975515
3c6cb152-bc2f-498a-a478-a0f2236839a7,0.1101070430020781,0.1061807346675223,0.6159741450732269
3c6db812-f767-4fa1-9ac0-4549f6664d8c,0.1502974953550447,0.1218155899219612,0.4317222000145192
3c70684d-3115-43d0-9288-4ffef63445bd,0.04732050402807,0.061806050422891,0.3694935472624247
3c708c77-16af-40d4-87db-d9da1c7348ef,0.1306998933561078,0.0366628495161205,0.3455656054679015
3c745148-d647-4bba-86d0-b162bcb9d4f9,0.120106066230341,0.1153369978709823,0.5934232656208502
3c76f5a1-82b7-4e10-b32d-8b4ec2e4323c,0.0222599164792037,0.0691346620039508,0.3776977990846221
3c79279c-2d55-4916-99a4-6beca80ac046,0.0144671014813374,0.0299694185225194,0.3447023827462745
3c8e2b65-07fb-463b-bd6c-7e275debf66e,0.0227403301948537,0.0331826179386061,0.3431990339254964
3cb50429-2bc6-4a92-a9f9-07171227e3e3,0.0116664236278366,0.024041826977893,0.3304724263670012
3cb64e53-22b6-435b-8d23-445f010e82e0,0.1077194414809984,0.1629474909490491,0.4667297007012018
3cc09ce9-76fd-4099-9b30-f8ef49fd489c,0.0203561996872955,0.0199872761256407,0.3427200341637712
3cc63283-59de-4e79-a4d3-938a64feca30,0.0441013964820165,0.0640666016143837,0.3724632677811879
3ce9277a-2fdb-4d90-b78a-1dee702579c9,0.0233900655132517,0.0635323459910878,0.3681988785712912
3d288080-a407-44cb-a056-bb53abcae4b5,0.0326388745254484,0.0464667577114765,0.3508378226242756
3d34989c-3996-432e-b0a4-e3b68321d445,0.140198354619603,0.0590949952374466,0.3974396109902383
3d488a51-3f94-4fc9-8df9-e2c7cc076572,0.0533224903884209,0.0270261118553662,0.3454511081747315
3d508de8-0674-4cda-b1d0-eac58ac863e0,0.0075789591739064,0.0042403008984777,0.3096388357596298
3d52c7f4-c15f-403f-b292-91ef6daab4e4,0.1445408782593588,0.0729092376535741,0.3800410842398344
3d7b3dfa-2f32-4800-b886-6e7474efe368,0.0191399757259336,0.0251037258860337,0.3071764460637638
3d8afba4-fbb2-4213-a761-d94b32daab08,0.1512806933328308,0.133669407057706,0.4800869082212573
3da2b683-57e7-4804-aa46-8d475050455c,0.0720009949343192,0.102342509191497,0.4166252244883409
3dbf50f5-3dd6-45f5-925c-e009254ebedf,0.1430367682803211,0.0855207103257428,0.6141048682214452
3df5c152-674e-45e5-9234-b54fcea07d3c,0.0243053988454706,0.0417307854471919,0.3511841563224834
3dff4441-d0e1-4d73-9767-761a4be28443,0.1011345821058843,0.0307568859417391,0.3516877327336011
3e2e435e-5745-4cb1-b2c2-d6a93f340ff4,0.0656353793692925,0.1084604242456453,0.4101948377803495
3e391484-4926-46ac-ac00-528b29bd7254,0.135468164965712,0.0223557513306317,0.3200203745807934
3e451d1d-5cec-4555-af77-e558bcdf8bc7,0.0343650015744423,0.104813995411001,0.398256639457843
3e68a757-6c29-4a39-8d56-3fe0d5eefb17,0.0827260046082739,0.1109469299432265,0.4219178034168965
3e72dfe2-3867-4224-a7b7-82cdc6087d30,0.0377465221155805,0.0664238554436672,0.3718585859851721
3e87aa67-b15f-487b-851d-4778e40331ad,0.0280484642164831,0.049510056018364,0.3574764967501395
3ebc2285-865d-445b-b2de-061e89a42fa1,0.1392159411024555,0.1107413573872799,0.4161831938359354
3ebf00f6-1fea-40ae-8a9b-ba2b3200a72e,0.1211970670913363,0.1400944751862489,0.4472638330229268
3ec02ab8-a242-4211-bba5-e5934c3ed4fa,0.1062532690996256,0.1350079769838458,0.5857501352994668
3edf9f38-63a1-4fd6-9d25-ae19db3351e6,0.1313874253475278,0.1172359539492574,0.6150669516971469
3ee24a56-9ac7-49d1-94bb-1193b9d7be16,0.1076717240645229,0.1450661137831774,0.5323914396402057
3ee8afdb-6b43-4211-8d41-5ebf9161bb9c,0.0305630237952786,0.0386286145373566,0.346242425643298
3ef816a1-618d-4c88-8eba-bc59d3141f66,0.0276720780245283,0.043276882867727,0.3654103229611232
3f04aa1f-6c5a-4a9b-872d-5a615457e8ae,0.0428626334757218,0.1053465308748067,0.4041091418699177
3f248cbe-017f-425e-8ae7-c62469575d25,0.0947572754161612,0.0832529774702322,0.3994810977426273
3f25e187-d5b8-4627-a468-9a7e939f4283,0.1468512777201076,0.1093905548816038,0.3893400477136777
3f361deb-946e-48d7-974b-8893d72efcc0,0.1306528624144433,0.1312903133143652,0.4412932325820696
3f3cc9f6-dbf1-4b4c-8053-f49153ae7faa,0.0822628533650417,0.1212476089028133,0.5618727478212246
3f4a7596-6a5a-48a9-9f1c-fb24541b2634,0.1522395062368291,0.1475698397470228,0.5792146813893737
3f4b54bf-ea0e-4532-a6e6-9b7174c0b5e7,0.1249466772645995,0.1500417373183123,0.459898454319354
3f75e80f-1cd8-4de8-b56e-ef3f0221d8d1,0.0720490288670967,0.0776428787267602,0.3844599248682943
3f8005ae-3dc9-43cd-854a-ca7a51422186,0.0163846981635125,0.0210160677126038,0.3239652506978267
3f894be2-9cb2-424e-a074-e9e52a9888ae,0.1117757255497467,0.1145184448169846,0.4241159492639343
3f8f1fcf-6d66-44a4-9784-5fb717aa8de9,0.1274892907550538,0.0495165488668989,0.5975528950532037
3fc3acee-613f-43c7-ab95-e6c62b0231aa,0.0249698449415479,0.0515326216851291,0.3601562916750416
3fd090ac-3b0e-4d9c-8758-6ff93e538839,0.1492956150542889,0.1530491349644883,0.4771082223858184
3fe590c8-83db-40dd-8194-16502f946717,0.060325646622714,0.1162574868582759,0.5509715070367902
3fefc4b3-04f4-4a58-aa2e-24d0e07fc975,0.0289058188994115,0.0397150877005284,0.3415294829714959
3ff052b5-f3d9-460b-b2b5-60af4680776b,0.066648319697946,0.0199411663241003,0.3108038091921115
3fff319f-20bf-4502-8638-bdb3dd8fb32e,0.0964181905517606,0.1017045835834644,0.5713874123980295
4035d1e6-682d-4f60-85d4-3659b50a783a,0.0688390617953137,0.1049140835878124,0.4052691247299406
403914f8-8b0b-40dd-b3d7-fa92e10cb439,0.1206388064068989,0.1320278176424895,0.4979317109568998
4039935d-7718-47fb-b4d3-1ab9d70c4e4a,0.0315247488923845,0.0284931437973134,0.3201979903712333
40522c53-a6c3-4c5b-843d-fe8060a4fafb,0.0816980146331573,0.0946365807440463,0.5909441094292561
407e7fba-5a39-49a3-b965-69a28efddd22,0.0731400285628347,0.0638221394541192,0.5562228870164494
408097d4-893f-4ffb-9340-a68ee121866e,0.0301583512670123,0.0396950526271542,0.3428091907557152
40854441-d4dd-4d1b-bbf1-c702654f1ccf,0.0334229424398633,0.0504486526334031,0.3573835396004796
4086507f-89ee-4642-9b09-3bd30019a2ba,0.051614673905857,0.0420100932678795,0.3471006861503983
409aa878-2377-41fe-bde7-cbc8ecb0997e,0.0190387467962146,0.0107977653658471,0.3064804038682142
40a3a299-0e01-4cd7-93d2-4c907e72da18,0.052067367219077,0.1457048710704129,0.5665874071987314
40b13cc3-7580-46a2-a892-a79e114d1cc8,0.1389972756377041,0.1062839442477372,0.5773962105191215
40b59d18-f8fe-4454-85c7-844c4f99c3d4,0.0448293457286877,0.1026876480418974,0.4098183122086376
40c5c4be-59d1-4606-b267-6f601ba0c4f7,0.1028692774837576,0.1615222449743663,0.4796619826609579
40ed3f8f-a6ed-4e4a-957f-76245e41a2ff,0.0696316610510751,0.097736871466096,0.4541120753907508
40f8c585-b89b-4d1f-ac1c-4c1678d06f68,0.0680748913632024,0.1150329449873947,0.4300026234463389
41044b1c-7152-49ff-8a4f-b2fc3d1bf3cb,0.0153021257971292,0.0346441830486072,0.3352415588649258
4105e788-9be7-4727-b454-d71674060ee2,0.0175301782527622,0.0319597133783529,0.3410068159989011
410962c8-4b0b-4b71-bb18-c2d4946c350e,0.0668751323125216,0.1544610897826025,0.4619510676004851
41107993-7a33-44f4-a78a-9259c4f7c79b,0.0765911407834368,0.1131203940614629,0.4955297050920315
4125f17c-7205-416c-bb34-6cea73c580dd,0.1402595855866016,0.129093096638586,0.5953808443927474
412670b0-f5cb-4f2a-b189-079aa20aba69,0.0758394975696439,0.1497030994086999,0.4900311571924173
41312889-754f-4176-a4c4-05c9b0dd3565,0.0397604346390078,0.0701627126375485,0.3767539384661733
4147c132-f861-4d51-ba06-69363a376a7f,0.0212200446556158,0.0195195349982141,0.3417074241590321
414e74f1-64e3-45eb-8235-13a2ff31c810,0.1226903679326979,0.0617296708562817,0.3592990268475826
4151a054-4910-4429-9b57-4b86d8ecdbe4,0.0821036852099993,0.0396256945879411,0.6171290700061685
41731c19-a45d-447c-9ae9-e7a83879ac45,0.0216993552117872,0.0067548106739035,0.313485162197564
41749234-3ca3-4119-96d2-5c1da9590645,0.0097654876289684,0.0171869254306156,0.3273699035680477
4184141a-0f3c-4e09-a3fb-347403ec79f9,0.041631257562593,0.0489313065172367,0.3681770747415022
41af161c-6d74-4024-89fd-db93f56bced6,0.0308930877406187,0.0544012689550491,0.5857896186557399
41af9243-9585-4914-abd8-46a810353df9,0.1256270379272845,0.1417092125046282,0.4795165700550983
41dc4002-7b2c-43a2-889c-6ec11390cb04,0.0812560610570586,0.153365330941347,0.4505208929093642
41e0ed69-2171-48b7-a191-2a60d05478a9,0.0614046625850828,0.0901550658332474,0.4385943030644414
41e27ca8-8002-45e8-bb1a-6222f3d469a1,0.0114484976514925,0.0061172316645653,0.3090181793341248
41ea68e3-7b97-4d37-94b3-96f61fb65a08,0.1377878195921557,0.1106529945533657,0.3992407055906617
4214828c-66b6-4aed-acef-8214aa3fb84c,0.0593353812061408,0.0920127054343376,0.3957531932834208
422561bf-27f2-4971-b9fb-e930ceb5714f,0.0351775499826238,0.0097702925440988,0.3209913460443476
427a4771-1253-4b9c-94bb-134d69e00652,0.0439887000779907,0.0359121224086099,0.3428959330529323
427dc54f-84cb-49d6-9462-fd66bdc8766b,0.0258119527402565,0.0269780689559998,0.3350666753020889
4293dee9-615c-4841-8463-1cd41ed907fa,0.131970581118024,0.0914402826707146,0.5893586484134865
429884c8-b43c-40d3-bcd2-70cfa83978e3,0.1035308617119064,0.1217714905124174,0.6159375616708355
429af8d2-eafc-4eaa-9e18-dc33be55613a,0.0909389596839183,0.1283269120851708,0.4432267524032816
42b9c474-e0ac-4b46-af4b-961d2bf4a45a,0.0294886878924787,0.0140178310414953,0.3175021527032277
42c01ea9-68fe-4d9e-b4d2-ce1ade255b56,0.1104810459968374,0.1445947866503386,0.4354969125080939
42c51d54-9a0b-4290-ae25-c8c974a79a36,0.0779211213104292,0.1216457467640436,0.4136941043005684
42ca9064-bfcf-4a64-916d-d19846cb780b,0.070406538013203,0.0808909594265987,0.3937657320567236
42fd4550-26f6-4ded-9d82-b430528134e3,0.037372821405985,0.0452595446061565,0.4341366971913563
4317d417-e342-4bd6-b2f0-4c4cb07b3eaa,0.0971661683851716,0.1281317445105163,0.5041826210121185
43286349-0f3a-44bb-b782-c0ab96b8075c,0.0816235711384545,0.0962118406508346,0.3902846233592941
43358920-511c-493a-b1bc-f4c24f1c176a,0.0098574943019761,0.0255808104215753,0.3311327766198673
43384688-e9b0-442d-ae9c-ddc48c7e3785,0.0116781894320962,0.0236633103010719,0.3236849619215221
433e39c3-bd56-4487-b292-ae8308c4d99e,0.0469797723369381,0.102723920517304,0.4043433319328442
4344edae-112e-4320-b240-a584531510af,0.0896442108091342,0.1437670362171369,0.4511331053568206
4350f5d8-8f53-40c3-bc09-1c330039283c,0.0570281827232554,0.0243735127429527,0.3429224437734773
4376bd4a-1309-401e-b56b-14d1e1636bcc,0.0301463098684222,0.0331337493763276,0.3366944463872395
4396cc04-66fe-44bd-8379-4fccc1d1d074,0.1089037675743198,0.0977168217500788,0.5583599049954148
43b02dd4-c234-438e-9dd3-dd8f6685dd37,0.0657661299531187,0.0235648177443984,0.3247400806473599
43b3cb76-4bd2-4d40-8d6e-e6515541a327,0.0199214803169272,0.0576010616556229,0.3616571860281521
43cc6a7a-60dc-4765-8680-58aacc90a075,0.0282468842854438,0.1070180041386372,0.4344532706581437
43d1dcb3-ccec-4a83-9b94-3839f92f2a29,0.0211407406344622,0.0571373084579204,0.3675287193922055
440950f9-17db-480b-ba3e-a28a93cfe192,0.1158343456664419,0.0688631982497954,0.6089595519626445
4415e84e-e92d-45ed-9ad3-10f8bc425e62,0.1049412769730448,0.1270875271025395,0.5971307039633222
4422cdc4-5790-4f72-9edb-29c896e923b9,0.1074759237638166,0.0792210044965941,0.5906096618368452
4438f542-2ef9-42af-a63c-ca39a5e8576c,0.1051282409458035,0.088218362121965,0.5969501391448033
446e4790-2798-4c34-839b-633762988b0a,0.0660265326344083,0.134001365538115,0.6208947651915139
44891bfa-b44a-4b43-a608-8202f6bd3d7f,0.0680488723522128,0.0215652078513199,0.3414263287072911
448b6568-cd0c-49cc-9166-370465dafa98,0.0846017968361096,0.1003613526086201,0.5808343504386592
44980a0b-2e81-4449-b77e-1b8018afac6c,0.1192282716697423,0.1505994377232081,0.4418037991861926
44a72d50-1721-44f5-98b1-5a75b780dff5,0.0365468982274029,0.0468332674062683,0.3581990868482108
44c2f6ae-6ddb-4e6a-bfb8-75d933e5140c,0.0878008520456371,0.1478095983768483,0.4713297094971508
44c88eee-8919-4204-a1c3-4fa312ba7a64,0.0286867618123846,0.046199163960802,0.348405956319989
44e7614d-fbf4-4769-8d12-f3d3707601a9,0.0551673710857527,0.1366531794920999,0.4870650029762112
44f963fb-827a-498d-ba15-f7e7e471ae7f,0.0346730442209272,0.0222802376677667,0.3270388160103685
450139b4-96f1-4310-84af-97497dfdb408,0.0466501196571551,0.0404494968178861,0.3551277239617619
4545c413-31dd-490c-afec-5580bd9b5e52,0.0184970988163651,0.021551910120147,0.3268988090262208
455309b7-a9a2-48be-bb77-166b5f037468,0.0750970370818016,0.141802018205931,0.4446314612728472
4554eec8-5cde-4a20-8dd1-92d8bee5330e,0.0910203209675182,0.0321003365283772,0.3433276888813853
45810468-5869-45e9-82d8-57bb5a7d007e,0.1575072096968874,0.1622512112114345,0.564448399246164
458f8280-b026-48f6-8a01-34fd39f18f9f,0.1103548363655554,0.0882849829980044,0.378126110364489
45973a5f-edbe-49a3-a60c-2191401c0935,0.0470017672831401,0.0117276535964735,0.3140324958116907
45df8a06-bfd2-480c-8b40-2b292636f538,0.0959557685358973,0.0685510298520347,0.3591678291289996
45e1a509-85ee-4ecd-aac1-249739a4912d,0.0835451908390816,0.1027212167637527,0.3615175211388824
45e59b7f-ac95-4906-aefb-f1bd787ed0b9,0.152587879134425,0.0744698865545752,0.4325630594600326
45fa4b88-49d9-48da-9e72-09e29c7e23e5,0.0466227680529863,0.0393804486122571,0.3571056902978065
45fc3f81-a0b2-40cf-88b2-911597caef4e,0.0676561888980284,0.1142864639998247,0.5244659431380742
45fd2893-2829-43f7-88ad-18b98f5ebf8b,0.0952257776425403,0.1202905096931266,0.4829412644005845
460029f0-ecb9-4149-8c98-06a9c4572560,0.1250763299369052,0.0106620473629886,0.3140616845352562
46247f92-8f20-4690-9bc8-0803ef050070,0.0197633449578874,0.0283387228650202,0.3413843674900548
4635109f-3ae6-42db-b1ee-a41d1a67abae,0.11291880277864,0.076081739764286,0.3969696923568042
464574a4-0949-4dea-ad44-5d1c68d7b0a5,0.0754623187557997,0.0681918871262972,0.4097067004744942
46707e4a-43a2-478d-8f68-c4a8755014b3,0.0769338247054591,0.0737974302231539,0.4807810800567198
468b71c2-801a-4f15-8ba6-2555b5414704,0.057501459494361,0.1025723784109026,0.413479851501641
46973082-60ed-4f9f-8253-dafc7cb12615,0.0665395274106147,0.1108555654570925,0.4845705378254479
46a84acc-91d8-44d2-aa3f-ba98aa9beb7e,0.0964378150029449,0.1079932044753923,0.4185272587411699
46c3cfbf-494a-4232-a963-04b3cfe702a4,0.0318588373396977,0.0393304676097275,0.3446540506952847
46cabc14-a89f-4ef6-9cf6-cb1faebce622,0.054344252764277,0.1064537230744438,0.4077503871714083
46ceb27f-859f-43ae-a2f3-eb8a38284224,0.0709880023014946,0.0686907512581682,0.6338423022629986
46dfe361-bbfd-421a-afa3-f1c85fb30f53,0.1103288804080714,0.1527477656880538,0.458095010482023
46f3ccd5-9080-446d-9813-20022c33e96b,0.1290803520093918,0.0597151772665899,0.3888909698775731
46f4c312-4bf6-471a-86f1-41571844beb9,0.1039259698041938,0.1458949019784791,0.520674088431173
4702c3f3-2954-4ce4-82b9-632c5d7cbdbf,0.0852296784474249,0.0743418691232104,0.4025902376455605
470e659d-7d90-4ded-88de-861e64b8537c,0.0810552315659585,0.1452163524843005,0.4530336675738728
470eda69-7dbf-491f-9213-5d7e7d7778d0,0.069054760647143,0.0311867148029943,0.5212671793113095
4712c403-12e3-4535-92cc-c4a004a91a13,0.032380091574424,0.0322740517617727,0.3539886944444621
4721a6f2-cbe3-45c5-a078-3a7603710c16,0.0565784511772388,0.0451115890560487,0.3595956868279897
4726c198-86db-4edd-ad46-9de56bb774e2,0.1141479944822239,0.1440951835302153,0.4380221118088345
4731d2d7-0478-4941-b9fb-c4a804a27ce4,0.0641251927732152,0.0317229201569027,0.4098125628941348
473ee40d-5df0-4f8c-a877-b5909c029f0e,0.146940861877066,0.0676573590636273,0.5444156180250912
47442e11-608c-4636-98aa-ede584efb060,0.0490517164400012,0.0248857477552143,0.3304671937556068
474bf563-e813-4f95-adaa-d0692effd4cc,0.0273298111948824,0.0377825562617579,0.3509369588380762
475829a0-3d65-4280-ac10-351e61d9d66d,0.1103007746884906,0.1573790205986647,0.4945925491747389
476c27c8-43c1-4924-880d-dd360b7e4cf8,0.0803897665121874,0.1608459134163192,0.5210644079435744
4770c7b9-aa88-41d7-afc3-94f51859be22,0.1434577763459331,0.1050860596083165,0.4080228951023414
47752e15-856c-4819-bb8b-b11272965cc1,0.0182924188757946,0.0238862808611673,0.3306819764607378
47799c81-3fd2-4f0e-93b8-602396d5142e,0.0540403072739797,0.134046487741113,0.4281318934828375
477c0c91-e8f5-4629-8970-9df05675522c,0.1129881659203909,0.08722394552548,0.3890065675671597
478837ee-bfda-4d13-a4b2-5fb16f163705,0.0193185657986752,0.0193294157086379,0.3219625208311183
47894427-43af-432a-8fdd-cda2955d9998,0.0362333171563522,0.0820783164906367,0.3901528683914483
47904198-805b-4a33-adc8-4711bc4d908a,0.0592116786947851,0.0594009459245388,0.3695932466324563
47938980-51ac-458b-a203-9f0b5839e321,0.1475471273483592,0.024356826345823,0.4417109117770535
47a020ae-f740-4984-98a2-bb5711b22a40,0.0762592394664763,0.0669452379724182,0.4540401120231175
47b73db6-3e81-4177-9b3d-acd2418f1f3a,0.0607485162808464,0.0286993747698489,0.3333064095820487
47b9c67f-8d22-4352-8b27-385dbb1cdc6d,0.1232011875231142,0.1116989784362785,0.5479866230528788
47c9a0d4-f0d5-4757-b88a-481a6229abe7,0.130296256855449,0.146779632358828,0.4506580996814687
47dfaa13-b386-455f-ba39-fe5e19aec217,0.0437774286317168,0.0515885383735429,0.3737099279777169
47e0e4b1-16fc-4bef-947d-0ef5f2b91960,0.1547581554373014,0.130820557072164,0.4306202525613011
47edbc1e-33cc-4cdb-930d-e8237b7df3b7,0.0968140761655154,0.0515301076244257,0.4099376392402212
48060fba-dbf9-4703-a5c3-40b3aaaa64e4,0.1232511843554256,0.1516591028844303,0.5892229668677642
4810a149-e0a5-4f18-b3fe-67a4ab03b17e,0.0534954586390308,0.0812129535131875,0.5708937412992664
481b5e8c-781b-4e6c-807b-2cca1d24951d,0.1350703354212794,0.1319792879832046,0.5289406677406351
483ac544-1a64-4060-9152-33dd9e488549,0.040774666018437,0.0452253759291732,0.3656814437615849
48511c74-9310-4c5d-b330-d05533b9483f,0.0174281152036058,0.0367050553536555,0.3462904721410682
485fabcb-2e21-47cb-b420-a2aa2dc5da14,0.0184288389950908,0.016463597347401,0.3103609552469097
488269f6-16f1-485a-9491-d879cbec402a,0.0608282354793336,0.1315790347467371,0.4626122162836362
4887f9d4-3cab-49bc-891b-54b069a590a6,0.0536187082429458,0.0244848920536867,0.2884336465627731
48b4e327-31c7-47bc-93ca-7c93bd4ea46c,0.0758394975696439,0.1497030994086999,0.4900311571924173
48ca00ee-5de9-4dd5-b33d-3b1ef3be3bae,0.0730377928707381,0.070367791973228,0.3802930388207571
48cdb32c-036b-4815-9038-8c2496d4dbe0,0.0579511605671059,0.1001947762803144,0.412363255443699
48e9666c-59c6-4967-acac-b21969688d14,0.1280882645666272,0.1172099357827444,0.4295613326644405
48ea115d-d947-4a7b-a5c7-90a46f5fb391,0.0596127217927108,0.1197753674885729,0.4300217840202166
48f4a051-4858-4996-a03e-7a13327582d5,0.0253333133554331,0.022133501805149,0.3264095632218752
494c1e39-0285-41da-990e-e5ea919c64a2,0.0420867525093393,0.0826884504435241,0.3767813045557709
49863a5b-8a53-4b15-baad-0f35a6bd7887,0.0700301941843209,0.0520720526532592,0.3584454774231119
49e5df09-730a-4fc2-897f-f369c7bbe2e5,0.028848724787834,0.1013702815893878,0.4073471233965996
49ed2d59-b432-4d25-9505-3e2b0e4b3cfd,0.0413014223833691,0.0723571796875082,0.3849399817774698
49f04980-5028-4eaf-8c4e-69201671697a,0.0188909920807834,0.0212858293589142,0.3297466575577069
4a082fab-a799-4d57-9139-95ce8595a4c7,0.1352781354169482,0.1237505405033528,0.6345359952937881
4a1325c0-1a83-4f93-83b1-c0800bd6805c,0.0701564908977574,0.0815299053139089,0.3905949055551818
4a1f8448-9d39-4582-bdc5-71c16a507b89,0.052789901659492,0.1113208913328741,0.417373156053784
4a27d521-db70-415d-b021-31f1bacace3d,0.1266479738534553,0.0607324105303794,0.6186600821043688
4a2b2222-15f2-4b07-9dec-57bc6cf4baec,0.0359453081476292,0.0484325864257198,0.3569451855798655
4a38ee66-9763-4a08-9364-952173207039,0.094708943503933,0.128577783739418,0.4360416834571432
4a402bb4-0822-4a96-b730-7a8e4dcc2d5c,0.0911484877407129,0.0737565893580774,0.3814965530518699
4ab48be4-5e36-4690-92a2-4cd5672672c6,0.1330102631408342,0.0351344982866149,0.5201143347197875
4ac771f3-ee6e-483b-b2d7-bf054b298825,0.1127184645836902,0.1156005589397423,0.4389362773670274
4ac830dc-165e-4218-be27-472eea739b44,0.0476928323675592,0.0580746297122858,0.3600483527188162
4ae133d1-edf5-498b-9e3c-e4ec4cd42397,0.0936040693300223,0.1081828121019698,0.4213282750493888
4aeb4fec-7037-4f1c-8487-5563874ef467,0.1360128450318132,0.1623660364523002,0.4738529068229187
4aef4a7f-0eca-4d82-8184-278396a6fa51,0.1247429573366426,0.1570049638044021,0.6336927429030201
4b018192-fced-4712-b3b9-d78a7094b6c9,0.1064891445472333,0.1630005421953013,0.4687765627779638
4b388c38-1850-4507-ade1-480c267d7041,0.0208388956348156,0.020518672576062,0.3255841551785759
4b3bc1b5-ba95-47e7-9363-fcd53aeca223,0.0339419297284935,0.0520734567635317,0.3625228904021861
4b53e9f8-0eda-4183-b6fb-21e1e6a65486,0.1256982952734439,0.1525824508747686,0.6154377383797396
4b5aa5c0-0ef2-4d12-9f4b-e0d4cff4b4f5,0.0368789103332103,0.0700291328659205,0.3807526465685131
4b78854e-3e0f-41f2-80fb-a3cb3b59547a,0.0301295185226231,0.0544903147139013,0.3656169119380111
4ba78ac0-6bc2-45f8-9b39-b63d1c6c38a9,0.0979010536407794,0.0630761523483248,0.4938489446126963
4bc5443b-1384-492a-8a3e-90d5f97d2532,0.141206213409701,0.0398718327634105,0.3371978649954886
4bc65961-3737-4cb2-8c99-83f9f66a68f6,0.0471107248780773,0.1457735890072402,0.455422417864939
4bd703a5-1045-4266-9890-8c6db1dc2ab1,0.1131410499724984,0.0571780195255301,0.5988916908448416
4bd7c264-7e80-406f-9372-56a238568295,0.0679293948010014,0.1019104279011954,0.4127495241050342
4bdeb50b-d38d-4e66-b7c1-b5a2d7c32e10,0.0496806073000089,0.0375743297128666,0.3419075030684011
4bf28230-78b9-43d0-83fb-1cf91f5e70bd,0.1295028442123645,0.0552287707262031,0.4633173454268985
4bf5157f-67b8-4b8c-84fd-8258644a04d1,0.070727383635755,0.0686461397927351,0.6037793849603993
4c20c435-9ddb-47e7-9fc3-337d00169f94,0.1251759481281128,0.0411310317396441,0.5339348506592546
4c27d2bb-bd48-470f-869b-db88d3876aa1,0.1320347452149786,0.0518387479612138,0.6321540351053204
4c2ee4f6-4beb-455b-9109-063f8c9e790c,0.1223410421649781,0.0856219640194,0.3790481232338165
4c33a7dd-7683-4cc1-a1b0-a03e2cb5bc56,0.0751736509794722,0.0191557637636753,0.3193850498929811
4c3bdad2-b89e-44b9-ad5e-e231b4fc559d,0.0575340025936696,0.1091631917252358,0.4189699592275527
4c3d7894-ce20-4122-96bd-2dd0d5d95b64,0.0601404475380299,0.1001040100640545,0.4125305818773569
4c4e5f1f-4350-4e72-a8e4-ae1feadfc665,0.0359716493431386,0.0514649206494361,0.3600320660376981
4c92e010-c6a5-4548-b9f5-f6238dd9bfe1,0.0156870674939753,0.0258723446052161,0.3354704121446618
4cacb613-788e-4f19-97ba-c6973e0b5660,0.1397892279099422,0.1253513390041409,0.43280694163558
4cb1a562-468f-42a1-a470-575ddbb68d40,0.0975494958211403,0.0996799211786215,0.4294905433493513
4ccc5a87-3206-4e9d-8bc3-b0f950aa2e93,0.1150720007784148,0.1311163345911559,0.6063319143572052
4cf9de64-75d0-4939-b163-789442ee4ba6,0.0107918208690858,0.017887202195455,0.3237422516370858
4d170013-7126-4def-98dc-e86b555c1106,0.0654194653304946,0.1262745373839098,0.4351600654985067
4d25b816-cda6-49ed-a1c8-f9eef273d133,0.156119643300375,0.0170018000924742,0.4105812020185629
4d2c7df9-c568-4d2a-b85c-286719e43b3d,0.0229705507218038,0.0331074161912395,0.3371882652021696
4d374b41-bdf0-43c4-a3ef-ca387c19f239,0.0115560616446385,0.020475772812744,0.3651630552199331
4d3841fe-96cf-46e4-ab13-de283683193f,0.0843904639141517,0.1313340720986245,0.4243179616190851
4d397cdd-5c78-4650-afe9-4b8bb29269f3,0.1253140314800592,0.1574784260750044,0.4783874843933043
4d4256c3-681a-4837-9904-89d70ca64358,0.0957983836077527,0.1249049699351705,0.4459506117136542
4d46d785-fb98-4a94-994f-36e2b07ef2fb,0.0796262602993318,0.1426192991305756,0.4452302289579015
4d63cf4d-e7f7-42a9-b253-cc3641ccf8ad,0.1247539675897513,0.0247421730256827,0.3235559984511116
4d70eb46-39f7-4da9-b1fc-01a6a0e112dd,0.1232284372072501,0.1556826440067298,0.4677748570883547
4d74d17a-4c4a-4e5a-90e9-c2693f607301,0.0825869368388241,0.1410555944958003,0.4486017803369488
4d7d09dc-e84c-490c-9ee0-fb647026c7da,0.0189293034825775,0.0160626887520508,0.3351624342965285
4d95547f-d874-49cd-8141-d1e5809a932e,0.1189581234581148,0.07249274126129,0.4586617291408665
4dbb6be6-eca4-4d67-867c-5de126060a78,0.0956286071852249,0.0221188821895036,0.3549909031498103
4dcb3787-f855-4c10-8c5e-3510db5c61c1,0.0989659397835916,0.1491575806909703,0.4917017729528526
4de3213f-a9f3-4cfe-99ee-afc5720bfa88,0.059847664946783,0.0739974693519175,0.3850614074065868
4decac11-f77a-4410-a659-52b2ab7b4c45,0.0275823018106164,0.0539265514413072,0.3670211704744624
4dfc126c-7e54-4226-aa05-d2133330ac29,0.0125251969176541,0.0398712839700437,0.3437023972334814
4e01cacb-ac8d-4069-a609-2c2e1d516cd5,0.1272116480244737,0.0572833692447401,0.6280686817942384
4e1847a1-846d-4b6f-b8e2-73783b42d452,0.0536091559691696,0.1514868429520676,0.4446951411997263
4e24aac0-6ecc-4296-895e-c829f6e25640,0.0564616101088051,0.117672940190749,0.4611443880048106
4e26fd5f-d9a0-40a0-acbb-7c668d0fe752,0.13696583936778,0.0763821815932537,0.4781543776980994
4e2c1979-da9c-4a12-bdd9-dfdd9dae9212,0.078334066179795,0.1314281547442331,0.4280580626881508
4e333bc1-47e4-4e75-a07a-a8a0937a082a,0.1449858536700949,0.1538025214212702,0.5041200039680405
4e36bcfa-d9f5-4b76-bc3d-e89708d4ad8a,0.1169479118980232,0.0960828352596538,0.4072774832589416
4e3a0a8e-68d4-4897-91d0-550100f9b663,0.0197782269530571,0.028592785908351,0.3420697994798917
4e604c38-4a12-40c0-bfa8-e36b21d49d26,0.0633097085461151,0.0554134435557154,0.3567122677264714
4e67723c-07f8-4aca-a63a-4503bad8b594,0.0899986710548042,0.123559065117952,0.426688503450873
4e81ff9b-d685-4245-bef3-669c21a595b0,0.0145137543660853,0.0228521460665297,0.3225526457829817
4e8fd18f-d6ea-4914-89ea-a08d482acbbc,0.1566917207711287,0.079437799583884,0.5438104477375904
4ec1f895-c52a-4fec-b01a-579b39d6a1e1,0.1196481376245701,0.0740971289368221,0.3844944543406974
4eec8d35-156c-4b09-b390-7afd8480e405,0.1347220207744921,0.1504288169121166,0.4581496834948577
4f186d91-dee8-49ec-bab8-7467681aea1f,0.0575587529939062,0.1381569468413923,0.4466710511102638
4f30f17f-05bd-44e9-bd28-8f00207cad4f,0.124139689485943,0.1311851370821438,0.4321461325784254
4f57ad12-0a73-46c4-a252-c143c2f00ab1,0.0336602508520725,0.0398246585994028,0.3432703529671387
4f5aaf10-f3ca-431a-b780-4f1c8da32ed5,0.0809464677082003,0.1169081003730928,0.4260535632124805
4f6aa5db-4c6b-4fa6-a20d-1f35aa9ab22c,0.1339470911668518,0.0738630737646075,0.4766165045730237
4f72660e-d53a-403a-8899-86167bda3646,0.099891046532046,0.0481613734926069,0.5779245811734406
4f8297bc-2013-44cc-b91d-97f448ee973d,0.0938896204794571,0.1259155440358527,0.4390328965898245
4f93dec0-7edb-4333-be23-16441e5b6d59,0.1540990433535378,0.1303249322749647,0.5682065021965294
4fa177db-a2a3-4f45-ba5d-7fbd7b3d18b5,0.0807717624491714,0.0524677469344159,0.3899609040752718
4fa4f24e-89d3-4726-8b4e-d92ce227c5b6,0.0959017400705023,0.081501035766552,0.5284068274424149
4fa87dbe-112c-4d0e-93db-b166ff648c62,0.0532694864526914,0.0702181473721213,0.3373821427468824
4fb82d11-033a-4e91-aaa4-3fb77d9bebf8,0.0537415612846679,0.0670094250690579,0.3793683426438992
4fdfe699-e832-4722-89c0-9314af66db1c,0.1010780624887581,0.0694132422112397,0.3982457254115146
4feca90a-2002-4d16-8658-8dc1c9547888,0.0602921965448208,0.1120555296064136,0.4023268271026648
4ff06495-a868-4b1f-b741-4c789450a9b7,0.0381777054062448,0.1499600931739698,0.463490093718945
4ff70c29-345c-45c0-9711-076ad09415ce,0.0147876651388022,0.0072297369635096,0.3154667383631895
4fff17a5-6188-4355-beee-3f3ce4c041fa,0.1009434503784271,0.1343727574381082,0.4366013416940862
500ee89d-6706-4084-bb13-586f39650770,0.1031111802550588,0.1255420108804463,0.4293407636591187
5015283b-5a5f-43bf-abe1-6f3a513d2136,0.0618747028177576,0.0246178899655247,0.3246888746360634
5026999d-3ba0-43f3-b83d-4d1a028b4aab,0.0657625135238386,0.1232240077327316,0.625022487438238
503583d9-ba26-406a-af01-cbe15162be8f,0.0275165383245637,0.0492115659003098,0.3605729248928573
5036f224-ec29-45ae-b1c9-6b0a9bf73b31,0.0220958102833164,0.0357353600990185,0.3488211014775544
505db537-47f1-41f1-b605-ec006bc2daf1,0.0910280693200389,0.135466254167216,0.4359286376094139
505eb492-38d2-49b2-b208-875c0697ca17,0.1205466513866952,0.1032373353199355,0.4194871727428938
506ea962-252e-425e-9e4d-81d90a0174ac,0.0171877317425648,0.0314939369734507,0.3277135548795565
5081ae69-3413-45ed-ad22-aeaf1a6db4f0,0.0803304297375683,0.0524775691267154,0.5522731750667944
50be20b0-7a1f-4899-a913-fd1a151f9914,0.1319098460652913,0.1212644120767503,0.5531284729658313
50c6e422-eb22-4ff1-a484-eede795933a7,0.0980526738948349,0.1113397907843842,0.5101197535878554
50c72053-4221-4c09-9056-39841fdfd47f,0.0885983449905763,0.1594104250247082,0.4505909121532332
50d79843-1d17-4b1a-8a7f-b283e41facf7,0.1585883147629586,0.1218692483929367,0.4322580051541329
50e3edc0-3876-4e4c-af98-5f30e8e5468a,0.1285365685429607,0.0986768054060942,0.3959054792165544
50e4e438-24bf-4f0a-abde-8925a81fca2b,0.0296777553977106,0.0475906736009867,0.3599928546012533
50f4a0b8-38a3-431f-a17a-f9e7ea78fd00,0.0256221376284307,0.0211465208228501,0.3306771481292297
5107c120-8c3e-4249-b55f-5c1b6bb7e0ee,0.079657024042056,0.1444217100790726,0.5188190273595941
510d3ec4-664d-4c6b-aaf2-1ef78555464d,0.0910109205380492,0.0555635624410872,0.3974527642401158
5119fd1c-85d2-4836-9ecc-82d234944fb0,0.1496277963117536,0.0992240055123784,0.4097736848194106
511f277f-44e2-4073-bf3e-fb9343913ff3,0.0818542162808568,0.1486888590636486,0.442841206230134
51489a50-88ba-4f8f-9cfb-f53686c60e61,0.1427547271863043,0.0963763612238822,0.5487909601067743
51621d34-a82e-4c9e-b402-dd29e1b6d42c,0.0934411865083569,0.1287507925364681,0.4433587387728954
5177299a-d874-40f3-ba38-c087a67d3b82,0.1286933552269317,0.1478232496172757,0.6371018647677144
51ac3735-437c-4479-99f5-cdb9698aa0b0,0.0481399394638821,0.120914894263727,0.4414029122530359
51b8b275-4cf8-4886-9373-b7f0dcfe2d7a,0.0156646917233648,0.021669390927821,0.3341118948544236
51be3cba-9984-48fa-a4b0-983d0ad566a6,0.039294527714931,0.0520629707498283,0.3499218192693488
51d28e0c-4222-42cd-8348-75909a0b5773,0.1565712627515891,0.0480594601850733,0.5473552030390969
51d39faf-3fda-4147-8be5-862e51ece1dc,0.0197224640856461,0.0298451380299233,0.3092142179183081
51eec19e-d2c6-46d8-979c-e387dc584ff2,0.0441172372251241,0.0583889410103569,0.3640976269468608
52118d3f-576b-453c-a245-3588cb6ea35b,0.0289389728592176,0.037043349233452,0.3497164607540025
52146cb3-4ca4-4366-a02c-047caee7b511,0.0968644603989016,0.1437998979949492,0.4984864998028734
52308733-8c83-4990-a220-f9d36754e8a5,0.0340789824886717,0.0201693153505394,0.3290172601383919
52358879-0b9d-4ce4-8419-c1bfcf3070ac,0.0402218517789427,0.0383132772949098,0.345129935694593
52597c61-0e42-46ca-bb80-3e54ef53c239,0.1351618454983822,0.0955528877396992,0.3887204319383374
52607d52-a830-49df-a69d-cca505dddc46,0.1172906705751167,0.0419073113196394,0.4695542219912474
5274d931-8fc6-463c-9ad3-63aa8d062d2e,0.1251448391989651,0.1276939740915621,0.4442456522891615
5282b78a-6f4a-4783-8fda-84cbef470459,0.1100776228820958,0.0996361877066185,0.5164965876602442
5287dabc-99e9-4444-b406-c9e892fa7f62,0.0609999705232233,0.1510026177829434,0.4602950996148127
529f0327-cb0c-4201-96f1-55833b67a0c9,0.1183990599525203,0.1632177933179882,0.470694320131006
52aa70c1-1776-499e-8183-24b29579c3f2,0.1503802457456729,0.0773705907459507,0.6257158419222391
52bc2d03-6977-4ff5-8e9e-e6a8ae594905,0.1281091771366523,0.1097592287870605,0.5761443735479199
52cd57bf-7e11-47c7-a369-cd7bd4138211,0.1268592624374173,0.0783360627443563,0.5337827846601215
52e3caaf-a89e-4e2c-8764-a9d8d526a908,0.1272511651072402,0.063317167486358,0.6270888981354653
52f11b58-ccb6-4273-a994-005f206302e2,0.0801936939936453,0.0678417150733614,0.3770528637782461
52fc8c07-1616-4e45-96ec-613ea9e28efd,0.0510712476654477,0.0520873351747564,0.5225603962509985
532ad334-8acb-4867-809c-3e171a6d8c3c,0.1201399045567248,0.1191504509298601,0.4804602075459727
533f7e11-944a-4381-9855-85811b66c2d2,0.0274979437015033,0.0356969186826242,0.3379124284153351
534c5453-5e74-4bfe-b919-4ea1ab81860f,0.0483751397182635,0.0701820710338421,0.369661883644488
5359980d-cb62-4353-a258-788108cc24b2,0.0601404791788419,0.1086622264835697,0.4101066552422715
53683047-475c-49be-8d8e-7cd573f1fe32,0.1353507258225811,0.1419372200147063,0.4413851964974684
53699e28-4520-42e4-8367-57b9840197b8,0.0636531938790802,0.0643796979482252,0.3632534788610583
5377bc90-94e1-4a3f-8b6a-19cccbe31908,0.1297029278463756,0.1367786596543658,0.579611118354167
5383c49f-7bda-41cf-b2a3-ec6d14bf194c,0.0849172607005406,0.0326890611716576,0.4452647875686461
53ac8731-016e-4b2f-adf6-ec1908ad982a,0.0693337916983947,0.0677016990942934,0.369188523724528
53ca99b6-bb13-4071-838d-8f2195f15fec,0.1036585008448193,0.1029018530996764,0.5797866696041368
53cdaef9-a0b1-4ca3-82b1-dc3b90a6d088,0.0461147044081685,0.0710021648224934,0.3756951967791816
53d0bf4c-4c42-4594-96dd-6a3a068b4833,0.0098020297751798,0.0144065584910499,0.327432449944796
53d86a3d-2439-49d5-b39a-7e143521d2a7,0.0929142631519208,0.088666826236811,0.3910285905507126
53df5e43-a981-44fd-b338-6a50159a026b,0.0099015565881101,0.0332991403920928,0.3391344804894756
53e3b636-ad66-4db1-bc50-c9b93ea9f0ae,0.0455599025730354,0.0833110939611632,0.388339536761954
541465bb-3470-4b13-9f59-55afc0c5f51b,0.0920835384401804,0.0969199692219466,0.3967988232911423
54277eba-60e3-426f-985b-829582e60cfb,0.0837444071515038,0.0746963694016213,0.6346334576525138
543be925-5f02-4d60-b8d3-4c073af3ed63,0.0874018770316098,0.0826400798125426,0.3921690700731905
5478cb21-46f6-4f1b-810d-b561aa6d5bfd,0.0430220263144591,0.0235135936139847,0.3344798826675333
548f9eb1-4322-4794-97a8-659d1f14644b,0.1524838119592538,0.1146924766147853,0.5954449525942425
549d3bc1-1be6-47f0-9bb8-bb233014d302,0.1486729470673007,0.1415875913865815,0.4460413844109858
54a24149-e898-463f-91c9-4987cce8f241,0.0283005961411727,0.0322538835924276,0.3356001649063586
54c91772-2e27-4e1c-a2c4-fc27f8f45bbb,0.0790089801491347,0.0541924188526786,0.3617554071872177
54d48595-70e2-4144-ba20-4fa1bec898fc,0.0693683590862436,0.053425734721449,0.3469050911011949
54d663c1-f0b2-42cb-8110-b8c70d4c93f4,0.0476632422376487,0.0606406690823149,0.4804854395472393
5500d037-dd7f-47dc-bf2f-bed165f7e425,0.0310805473257343,0.0515643245206539,0.3628226506646024
550bba1e-3177-4584-a513-c37d525b5c2a,0.0288682788295798,0.0249139170915042,0.3325151854232836
550e0c36-c699-41b7-8241-c2ac3faa74ba,0.0961830573565209,0.080878263682709,0.5729296793371714
55174a48-2f1a-46a1-b800-05f5c0aa5345,0.0326724907762042,0.0494140210418094,0.3716306077379934
5531846b-8971-4927-9283-90249461f7dc,0.0912803932231026,0.1633053387747343,0.4703137934586124
553e37a1-393b-4f23-84a1-1086a9beabb7,0.0461737555263154,0.0339610661587543,0.3313019814902931
55401ffd-775d-486a-8945-e10357c9df8a,0.085533194962901,0.1374786947761087,0.6076923781819022
5559b2ba-578d-46fe-9d5e-d4cba0a8c346,0.0795737351773993,0.0507384843656305,0.5579531684306182
5561cd25-a1b7-431b-a47f-89f928267769,0.1502590135925976,0.1300371432775149,0.575165239238953
5567e454-e046-44ae-9121-8067ab3caf55,0.1592361609183674,0.0225425245507201,0.4993390015480826
556dcf76-f1a0-4ebe-83b3-c273bb96af51,0.1140887849785687,0.1240409154892668,0.436253207860944
55875aa5-4d4a-46c6-9266-66d6db394f64,0.0978909118967945,0.0986444343958396,0.3824644114007641
5588bf78-cd2f-4e64-a8d4-c279579023dc,0.12695686145663,0.1127053799252088,0.419416389109469
5595b60b-8235-402d-a16a-6d6d51d44ce5,0.1034518692369352,0.0325861126695017,0.3440702592982289
55d01fae-d961-4031-9eb1-3af00fbfbca4,0.1587053451863873,0.1349322143970429,0.5772785507053342
55d369e1-690b-463c-a217-9fb5f3ac12c6,0.0631396019892537,0.0470581093884194,0.3515736029811144
55fb7381-b2bf-478f-a086-69c3ae40da3e,0.0867058868825593,0.0379360485657891,0.5136932382720362
55ffb751-2a30-4b0f-9ceb-e3aa7ccb481c,0.0811111906054477,0.0730424445713771,0.6074100290017822
562128f0-94b6-40b8-82c2-c2c1ee16cdeb,0.0334555766522431,0.0977057745460678,0.4707448310454235
56452799-7ead-4f79-b199-66d4e0411839,0.0845217062902985,0.1020107453000888,0.4894119729424547
565334c1-82cf-47cd-9a81-f46cdf05bf5d,0.1379422526762605,0.1294827310326361,0.6007141440155777
567ea611-eefd-4920-856a-c4ac9e87c3ab,0.1478564423280926,0.1024153107380339,0.5700532478461635
56828014-cd7d-4ce1-8327-1bb004d062cc,0.021492130330019,0.0273527855322197,0.3403669407392641
568cbafe-d968-49d7-8900-481fd41b8638,0.0207254776247508,0.0169124436352861,0.3299424781581863
5698db09-d8ec-4eef-b115-8c488b6bd608,0.1051519607473306,0.1038836092695692,0.394077158351047
56bba398-0f4c-42e7-88ff-37ae7e4e2102,0.02474030694376,0.0227579911090726,0.3279969035374256
56dccc0d-c907-4d9d-8948-4bca2e21c637,0.1441599931419074,0.0265517608319747,0.3202225283997339
56ed6db1-5569-4e59-b048-11c9c5614c16,0.1248967372409609,0.1145098902600153,0.6351346834185895
56f795e3-a456-4b8e-83d9-d7574604bd67,0.0584818892222433,0.0448823107166241,0.3238073303396644
56ff360d-3ce5-425a-a319-472a3462234a,0.1088766771804623,0.0556934133340783,0.6044571975251702
5709daec-f5f7-4203-8bf0-a75ca4f21c78,0.068768262606283,0.1565169533587649,0.4615699688036379
573289b4-27ff-4037-bcec-ed3857d78294,0.0802032424371013,0.1059945776256715,0.412234903146381
573d07f9-675a-48a2-ac06-cb7497a965f6,0.0882870193785594,0.1340521731728775,0.429973216512712
57472f9c-d582-4365-aeb2-cd2535e41687,0.1026119329217688,0.1090905336290081,0.3997239873881142
5768c789-ab0f-419a-961c-97235fbd3b7c,0.0579602229641277,0.0417859245302136,0.3821243462009708
57824be2-01ac-4834-b0f3-aff578a6b9fa,0.0567846307311078,0.0775610912859384,0.3895523768089019
57d359f3-1bd0-4afd-aa28-2a6f9cad89f0,0.1115606666985087,0.1160223026146232,0.5413447584239682
57e4654e-43d4-4ec0-abe9-834d75ad989d,0.117382267025698,0.1234648974606918,0.4323862842992053
57ed6d5d-83e1-4def-b1bd-6f56f82cfc66,0.0185634405597583,0.0304051276179425,0.3392226826636457
57f06a49-84b4-4524-a363-756ed04bda22,0.0859218278426513,0.0999839156103172,0.4100854118820379
5823f1cd-8fcb-47e5-aafc-944535ed6bb1,0.0839968810544061,0.1103105185568434,0.4153026231341323
5856c38a-9c9f-4932-8308-f03803dec3f5,0.0630336781750832,0.0393538366700005,0.3446569720227033
58638ea6-4bd4-4e39-8b89-f2d3c5eb4f40,0.1226353146912091,0.1265086455043195,0.4973635748873724
58654ecf-67a2-4b13-8755-fef65ffb4c71,0.0231454172474086,0.0352697977829643,0.3371139316878654
587a6403-0d61-4d13-9c08-4beea76e8f2d,0.0199251005821396,0.0297200287023923,0.3400557795278286
58ab0f49-6234-43ab-a731-666bd7d986bd,0.0278233599809248,0.0384090855709343,0.3488292167787759
58c198a0-cc34-489f-a0d8-6b6cb93f24fe,0.0165368077936742,0.0070050094828427,0.3114903479883105
58e1849e-b213-41c7-bd82-5a7e6ca778a0,0.0767727167497439,0.092160726392111,0.4062817795747353
58fd9b19-7dfd-4c37-b0ed-007ab0f910bd,0.1448637218759525,0.0842260046888977,0.5324747895468209
58fe25df-0bdc-49bc-a965-ab2ae93078d9,0.082762320223541,0.0751808608253927,0.377739100464559
590f808f-ecc5-45c9-9e85-c571e95cb7db,0.1229328103232128,0.0474294258079857,0.3465446562857883
592bc824-55ae-4708-adf4-d52860e5afc8,0.1351571516690203,0.1505217609213472,0.4523382926411556
593d39b2-580c-4146-b3a8-db981c620f64,0.1100537554267911,0.1267268855424072,0.4516868908205981
5942f7d3-072c-4024-90d7-616d245a9088,0.1167373197280335,0.1350955783521077,0.5670586342790984
5954b775-2f70-4c78-966c-389db299678c,0.108090971021743,0.0815411117193917,0.4632582838048875
5980405c-3a95-4bfe-b9c2-1c98dbac5e8f,0.0661749088927555,0.0212407766348418,0.3254617465979639
5985f333-44c2-4609-8e17-5d695b4b8dfd,0.044613286202232,0.0568481095470047,0.3711963255439565
5998ffda-d0e4-49ad-8b71-a82bd12d1fd2,0.0947994899574918,0.0438883262183055,0.3505537170835214
59b7cdc0-ab0c-4fff-9223-dbeecd09bfce,0.0461849976126262,0.0705466124763915,0.3711291878339779
59c188c2-bfca-4b85-8e78-3f43356f608b,0.0863333028179849,0.1084566316876485,0.4061416001481125
59c7f1b3-640d-4461-9426-000e7327f7a5,0.0993642270608819,0.0987004706003691,0.4261457235655309
59d21aaa-9857-4c65-abae-17d7ef139e8c,0.0586562249004287,0.0909351556686164,0.3964979242569804
59f4acd4-2ab1-48d0-af7a-083ae0846d2b,0.0136041373880378,0.0298537341719253,0.3489238751939548
5a1a82a6-f854-488b-b0d7-2a11d106b710,0.0372756305981871,0.0390038449535959,0.3519305891486097
5a26a14d-b34c-418b-b555-5ad1fd2e4e80,0.0094159756331397,0.0399910078583254,0.3495086316176315
5a2d596d-5608-4c75-aab5-e75fcb51bfc5,0.1162440810812642,0.0424907555473321,0.5547563088695211
5a313bbf-cfb5-41a1-b38e-de719e3130ad,0.0461791625463369,0.0451527602718451,0.3499161946331214
5a4e2622-9c58-461c-be40-eada6f090bb9,0.0244257100445756,0.0331592286248782,0.3403857336323229
5a857550-36d6-4a64-9d59-7a15b7ba9ca1,0.0057598578410733,0.0175638906872434,0.3257703900508689
5a8bce34-78b8-4586-981a-da85e9ecd532,0.0954163859522836,0.1041526802335875,0.41021699112785
5a94482f-c59b-4d15-bf53-e157d8df6519,0.005103909949606,0.0144115060729034,0.3171505703703579
5a9d7cef-68da-431f-8fad-a552bc0e6dd1,0.1256872870247583,0.1627245447549225,0.5611734422383959
5ab08ac6-52e9-484b-8bf7-1c78b5923420,0.1253213371917736,0.1341322380436348,0.4677257711948963
5ab21b8c-9973-4940-b80c-2eb14354fcf5,0.032921723162127,0.0805632819583443,0.3858234628449091
5ab3206c-d275-4ded-bcb3-38a6c88fd413,0.1060121643204679,0.0911903655626996,0.4034849418468836
5ac26266-fbc3-4204-8063-6a11184239db,0.1517612968012124,0.035219945955619,0.5481727337230519
5ad9bc8a-80a3-423a-ab7a-031cdac759bc,0.1125507522793431,0.1389854127232192,0.5411526952627822
5adfbe00-7d1e-40c2-8a80-eed384db6aa4,0.1316188557047492,0.0617340286543323,0.6314176498567714
5ae273b2-8824-4ddf-b8a3-3f47ae3750ed,0.1385991258679277,0.1632610242865762,0.5127588917922089
5af61a3a-40dc-4be2-b0a7-ad9b83df64fa,0.0345543544413788,0.0784639544348774,0.3887695222298847
5b34d6cc-726f-4d9d-bf2f-432f8397d4ea,0.057501459494361,0.1025723784109026,0.413479851501641
5b4a96f2-e837-4b63-a220-a88df2cb8d8e,0.0178864209741526,0.0423112850887612,0.3482712337905332
5b604362-8219-4421-9552-5d8e68360600,0.1340998436532654,0.0801704771158063,0.4193554229848967
5b82259f-4c49-4acf-9185-ab660e2e4ffd,0.0533501682300595,0.0960416918705338,0.4076804867097437
5b9d3d6b-b61f-474e-bfa9-4fae1e715109,0.15524854969423,0.1170433472775952,0.4196704097793229
5b9ddad9-1197-424d-b041-2cacec42e6e7,0.054289476531744,0.0834062683289267,0.3925338179397184
5ba24649-eb78-41c5-92ae-c0f9df946408,0.0900847405502192,0.1165889252457052,0.4234037968767968
5bc785c9-bc38-4b8d-9e51-c42dc7a2c116,0.0525875676052116,0.0829394971485298,0.507654902427612
5bd3363f-6afd-49ba-b38b-84cee72ba27e,0.0808138269555028,0.1432388804788459,0.4370652669324451
5bd82cb0-6f23-4257-95bf-8c903ae05916,0.0611408434459119,0.0567478165796803,0.3691226652420988
5bf2c94e-c844-45b0-b2e6-47db159e3346,0.0555975045299855,0.1030786456459986,0.3868327692349886
5bf8c4fc-c62d-4317-adab-d5ad2a5104f4,0.13578959151564,0.0932184681958083,0.4374380968413203
5bf9168a-10df-417f-a6c6-74098a1f64d3,0.1403985611351796,0.1598947606017478,0.5144212401530673
5c02947a-070d-4fc9-95b3-7d327b72d813,0.0192847075277528,0.0249612635370527,0.332425888972359
5c3b5f2b-303c-4b0a-bd57-3913cc688d4a,0.0800829718891735,0.0867899706817329,0.4041646113438107
5c3e6dd3-8292-42e3-8f3a-a3339ffdf93c,0.1528402751896685,0.1211323215221005,0.4648520452319379
5c61f6ed-1eb3-4cde-9fd6-3a9e98858636,0.0834472357976749,0.1253093445380465,0.4320991430106406
5c62da15-fb5d-4058-9a8f-a026336cd126,0.1266701289966068,0.0933017263486937,0.4025918914528928
5c63ce92-061c-4180-93f6-4f13b1efb800,0.0293527625701199,0.0414592982595798,0.3453421943770467
5c7308dc-78d3-4588-ad0b-19fd4d5d4c80,0.086650676257122,0.0798970860809801,0.3819743447923248
5c76cfd6-0353-4759-a682-db9361df2c1c,0.1055929325007149,0.037478899988995,0.4809957382796066
5c7b8b4e-7810-4fb5-b682-7babfb4bc976,0.0664005905808767,0.072960324819936,0.3790628107163559
5c89af97-7e7b-4be8-b4e0-1929673c1f51,0.1530357499786111,0.0721317351780758,0.5369881635076551
5c8de6cd-ae59-45f6-beef-22a02cae8f46,0.0858276230760893,0.1398219124676006,0.4416531767481522
5c955185-8978-48a6-8813-301dbf60fecc,0.0166680437090999,0.0274013728986182,0.3473691178955386
5c98578e-b462-46ac-9c6a-7707abf0807d,0.0469461118169838,0.1182168064216798,0.4459450077832262
5ca7ef5b-d88d-4809-a015-f28e47fd9204,0.0938799160419144,0.1069679324654699,0.5766953764488822
5caf002b-1923-4205-97db-663bd71f9ca4,0.0779211213104292,0.1216457467640436,0.4136941043005684
5cb29714-6b3d-427b-87b8-59bfa8a8bc4f,0.0979534011735694,0.0992809187823277,0.4084825636394844
5cd7aa85-8a9e-4a6b-a41d-01fcdb0330b1,0.1443298778566716,0.0945321539691742,0.4031531961507662
5cdd40a9-ad07-4bb7-8256-bfde752720ba,0.1095733205882359,0.1064590806285683,0.5740088981030212
5cf11c2d-0e56-40bd-939b-12e86fc0de81,0.1174008706990425,0.1409486872221065,0.4552852409882733
5d2d23ac-ad28-4aae-a176-dc03a8d370c2,0.0689235115603237,0.0523203354138319,0.358139999077712
5d378941-111a-44f5-bc0b-a796711fd9ca,0.1205416232571018,0.1570008916982338,0.4555005359957184
5d45ac53-dcf0-4742-b464-f096b50cf7ea,0.0913251822008141,0.1517817631542516,0.4604850644983586
5d59a7b7-2459-490d-a3ca-32d486be05dc,0.1519760578210017,0.1433224637321199,0.5150761490236752
5d5ad378-2c3a-4cef-ada7-44d97705cafc,0.0675470800172133,0.1003082730346402,0.4910110662066443
5d720b9c-b5dd-4500-89ff-01d3105e398b,0.0772949674315362,0.0941088326613269,0.4738541779680266
5d7616fd-af6c-4a17-bb92-0ce1c93f4352,0.155830756501817,0.1058413093586914,0.4483220873905609
5d777103-a979-4c4a-9e9d-c65c61e02eeb,0.112481854745103,0.0533230012865642,0.3588083117615808
5d7c104a-2e67-41a0-b0f1-969acdd95331,0.1044490259709075,0.0433953630690418,0.4726346550364771
5d8ed88b-d703-442e-b8e9-9255d3ad8ea9,0.0332550002280096,0.0469260924880766,0.357236956793409
5d946715-4ac6-4faf-8c4e-aab468e5ec20,0.0372337628572356,0.0497922483975251,0.3529248069596037
5db8bb9e-ea3d-462d-a9b8-fdced39464a5,0.0640077629133221,0.1383814499418027,0.4443829409277064
5dbea165-b91e-4cbf-b709-cf8e52736b1a,0.0719359632160635,0.1513828353362193,0.5234360694881479
5dc614a1-4fbb-489a-bacb-61a91e897693,0.0190225681136039,0.025790347391384,0.3321491443388712
5dc772ed-fb1e-4f21-8710-922271bf2186,0.0521478862463655,0.1290248035637141,0.5559659357266753
5dd5bbd6-787e-47b1-8741-d548e914230f,0.1135822512003715,0.0562127412774614,0.6370598192076793
5df025e3-4b95-41ba-9c09-d19e0de65b5f,0.0363524793173948,0.0403776670586571,0.3453192179817585
5df5531c-db2e-4d69-a706-9693e7c58af7,0.0470513970466524,0.0660670351789313,0.3744900589909972
5e0fcb2f-f299-4a11-b940-cd177d75f417,0.032179433007886,0.0433829088991741,0.350137208377163
5e1b321e-20a4-4b37-a8ed-b9ff22e55a7f,0.0718098114464246,0.1374755801923391,0.5494431778703988
5e27b16a-7577-42e2-8291-e7790e9b2217,0.0286538588911667,0.0565305120645087,0.3689962611347633
5e3d80e9-fc31-4a5e-a5e0-1a16fa9c8e35,0.0864876910982488,0.1408884577353996,0.4831843789402534
5e3e9042-efcc-4fda-991f-37c789057346,0.0738493828401311,0.1328401544289437,0.4333948774562626
5e4b3965-c006-456c-b734-b6253371d1f3,0.0336805005563874,0.056019347899512,0.356961702109012
5e5033e5-d5cf-48ea-89a8-368ec436db80,0.0691053750028262,0.1215741838490259,0.4388015872163529
5e54581f-17a0-418a-b5d3-00e050ad5ce2,0.1193829735772912,0.0761284821388503,0.3908583834030464
5e5a9e02-f772-40b8-a330-1d9ae722d4ef,0.1235834221947228,0.1492866697097578,0.4773376950642863
5e63bf2f-3138-451e-8edb-5ee86ae356ce,0.1146834685186661,0.1419130870834618,0.4466835159840785
5e641003-a5ad-4c77-b795-f4a0d23a8807,0.0137374258987399,0.0198049578411654,0.3265182950233642
5e674083-04b9-4ab2-9da0-bb4d958892d2,0.0877108404957565,0.1057663159567178,0.4624289739036029
5e6d0d1c-d21f-4c0f-9607-241a76f00b53,0.0307738734871724,0.0673767762596569,0.3662735659544858
5e6dfdc3-b50c-4c11-a64e-58b744673f77,0.0699332417937938,0.1144786293247107,0.423370642316566
5e6eabf1-b7e5-44ba-808f-4e8e7963fea9,0.1098375483523874,0.1001084763167524,0.5636972416501508
5e73be10-bdd1-4a83-b094-04d949e6d649,0.0658476347745919,0.1259981759218851,0.4936548871736076
5eae5508-988a-4636-b2d6-d6f39086d048,0.0854845185512593,0.0786809560378789,0.3980742897302917
5eb7341c-588f-4a1e-813c-09a9021bdde5,0.0674682735347306,0.0663800898284371,0.3475737122669169
5eb751fe-f572-4d21-9450-150126296b62,0.0940434692864218,0.1182814637964807,0.4297985729464183
5ed7fde6-f907-43f8-a13c-1a502e6ba412,0.0351079900952068,0.0744927778631643,0.4928461223257897
5ee4ab60-d13d-4f66-98df-18c2997b18b8,0.1321646531125956,0.0558847010861979,0.3632590809932484
5f0e0390-b05c-4104-b7d7-f1e5b908712b,0.1574601953175415,0.1134056150396961,0.5764833593996875
5f137860-5157-4587-90f4-808a093a053e,0.0902683273432834,0.0640984673924284,0.3579933745194911
5f1a8163-4a7d-495b-ab1e-bac6d4259657,0.0809611189393259,0.1100164856690353,0.4166972188098912
5f4a124b-7281-4f58-bce1-e7910c47bbc0,0.1290147255236035,0.131405478883743,0.5338051898256102
5f4f8f1b-da51-4e66-9a46-bb443c93dc9f,0.0467831200374933,0.0561330113052275,0.3493976540444246
5f5ced49-9788-4519-853e-c9dbf091990f,0.0393825890931328,0.0617769412983378,0.3729879593733807
5f701c99-3d63-424e-b9a9-a32d499b0590,0.0568269354977167,0.0730047794687433,0.3841968480343944
5f707367-be3d-43c0-a92d-59e8a833c8da,0.1512031697100151,0.1426628406888283,0.516266482944667
5f902e89-0cf5-42b2-87bf-4ac0ed045381,0.0297029694124074,0.0185787974850031,0.3305104561933802
5fa5e54f-3f3a-4b06-902a-a9540f1316f1,0.0779487743990399,0.0706800627710056,0.3633242159901175
5faa5143-cf53-4a6c-bfe1-602263952857,0.0508190651691193,0.05728631472067,0.3585962519708441
5fb2bef4-2242-4ff3-a2cb-3712a71929dd,0.0925499757533447,0.1483438190157534,0.4604147761199161
5fbc6b3a-8ecd-477f-8d56-417ed3cdab84,0.0532667948432193,0.059857607086768,0.3639166229005565
5fbce813-8be2-4bdf-b31f-42c0bdabf03e,0.0707422210475864,0.0488861148739707,0.357547126260003
5fbec99f-27c0-49bc-b2a4-7d236934e91f,0.0320122157683884,0.0479591554083867,0.3411588309918988
5ffd1de9-8578-48bd-892f-58d8f3e5c540,0.0256421313834126,0.0100354978646624,0.3172073616001601
60016160-d6ad-448e-a30b-30e6c1fcad38,0.0271955447378137,0.0251272605081786,0.3369187019563579
60059cf0-dd1f-41c7-a810-4f96a4fa58f9,0.0203596355501138,0.0272539237739053,0.3353477938285034
600ca6cc-f0da-4b6c-974f-2832f01d1f75,0.125017827216382,0.0716463698542858,0.4653255160858495
601cf5d7-445a-4f20-8252-ec1f7c9692f1,0.1453306617683382,0.0801192308038396,0.4070502055708899
601d6f4e-a143-4aed-8acb-8dddf70226d1,0.0672658385810107,0.118832088302871,0.4180945236632196
60573fea-968e-4859-a7d3-0e42086ed9fa,0.0521127987619274,0.0492863429196769,0.3592339574079883
60594a61-bb27-468a-aa8d-bbfb93c9543c,0.0155117503440138,0.0212415784537553,0.3303814771942219
60702efa-5808-48e9-8233-5cd455e94551,0.0327638489403726,0.034561508042996,0.3607183837479925
607c66a7-b640-4ca5-9791-21425022f0e7,0.0801859947796893,0.1321757995221304,0.4272508991095849
607e7c8f-a120-4205-9849-b7eb8184e5c8,0.0542767891665984,0.0234995817206208,0.3328000493749404
6093f42d-578d-4cb4-a109-fc60ac7f3cc7,0.0219628257841608,0.0496957194488454,0.3559198531982631
60a23df6-0311-45ec-b95f-d580379c264f,0.1278838855656106,0.0922124855915214,0.5121873466013788
60a96d5e-3213-4c6c-8418-b3904ca3d074,0.1080798898677578,0.1180867062540091,0.4616271106965031
60ae2e3a-ca3c-4c12-bc24-565f0c19730b,0.0759414603390178,0.1188825602638624,0.4292060740220023
60b27b18-3e83-47c6-9c3f-4224be462fd0,0.0535886616414999,0.0419181975078303,0.3434198858274493
60be243d-8fff-4303-a678-71f12a636eee,0.0221366265257167,0.0396052191228488,0.350009667731828
60c293f2-932c-45e6-be45-5dbc92472e49,0.15692540266864,0.1456647070772689,0.4624775996345088
60d3e3c0-7c84-45ae-9328-c62b10fc8d1c,0.0647745382944835,0.094393309631696,0.4009553964812643
60e97186-83a4-4c80-863c-fa4d337f3e73,0.1448738447294582,0.1090441411887195,0.3949022861733356
60f9762f-8512-4fe4-882a-b873ad648ac2,0.1055222263770222,0.1027056717249933,0.6240541517415368
6102d59e-37a7-4fc9-a890-1de58dc5a8c2,0.062618232184312,0.0932158648699031,0.4016685010762937
6112136a-2c15-4f43-b683-377d39cee835,0.0326023280342364,0.0586780108373633,0.3681652656556531
611594c5-bdde-4794-8812-2c8f9bf8cb54,0.0227302926089136,0.1639290033351376,0.4840634943134669
613602ee-f907-48c5-ba5a-ac7b9716f427,0.0664487063653465,0.0696583864092273,0.3798791935164168
6137e169-b465-4b04-aaa9-d65bab1da9ef,0.1045695149672782,0.0768428169683989,0.5762931435647463
614d0904-6c2c-4023-9e6f-8d242b0d6b0d,0.066917249050358,0.0385272453986159,0.4511490403547539
6165499c-9674-49a0-a530-6b64ab31149b,0.0852306101953745,0.0842230863897071,0.3956478516077597
6185bdcf-c7a8-45b0-ae53-30ea22e47314,0.0344509370234619,0.051828895323776,0.3632685824704991
618dad46-d26d-46c9-94c9-ca3055735f5c,0.11583680462982,0.112904114451439,0.4252186205444452
61bcb875-3fdf-4d5e-9fec-9548656e387f,0.0961061239479008,0.1317646413190739,0.4525160004104411
61c07b2f-c93c-4ecc-a4fb-4fcb1071b2a2,0.0841594574608039,0.1129277118453361,0.4282108960258331
61cfdff5-1bf9-4e4e-89c1-8be45e03889f,0.0147248168294903,0.0255752310981818,0.3227077093250268
61e5e99b-2d98-4794-aaa5-c9bb94976ee9,0.0752235471741146,0.1551163442139989,0.4859761370856945
61edb588-a83d-43e2-9f97-ccdce7168113,0.1175645600273551,0.0885154953217261,0.4155410709931162
62000aa2-676c-4835-9fd5-104273a49610,0.0673529063505301,0.1098084617081803,0.4249777705795263
6218fd6e-ff86-44f6-b564-48fe36af66eb,0.0545041427514149,0.0373602210439544,0.3344441757873917
62209b1c-03cf-4000-b4ed-e95e72215e59,0.1050392913221519,0.1327890111816924,0.435167913499369
62270bdd-77c5-45b9-b0c4-0aa3a9863338,0.0841146699493819,0.1312032431796999,0.5057735952995455
622c2d3d-ab73-4904-8c7f-4173949d15fb,0.1130215484549797,0.1468426648738071,0.5948746026095457
6253c82c-471f-45f2-b1e2-fe328ef0dac8,0.0662866363581538,0.0593005969926894,0.3658017523184558
62567004-d4d4-4b03-876b-14b62b36bbc5,0.0466486551194041,0.1121368212483949,0.4163936773674322
62619c5f-d09f-4525-aaea-163c540337dd,0.0410139493584468,0.0472124793057451,0.3516218976463061
6275c049-934c-4cbb-949f-9b689ddcdd61,0.0295835723862738,0.0038990508854583,0.3137517322034845
627c98e7-69f0-485f-b1b4-f4e0823a325d,0.0610425308822297,0.0552359362694892,0.3609101408944436
6280173b-7631-4a22-9ce6-dad868064348,0.0660589377141797,0.0528192702229047,0.3626018286206667
6290c33b-b795-41bf-a54d-ef58f48de0c1,0.0414480847920189,0.0426094109060486,0.3484802981848649
6291cb6e-aa8a-4bd0-956f-de3b32b77ace,0.0404006678353192,0.0921832793073607,0.404522735043868
62a890ef-df4e-4d49-9b7b-a31b9c1168dd,0.0909627107308737,0.1199584216722664,0.4799690903482182
62d58dab-09e6-4163-9802-5317c9053525,0.0841675034746479,0.136179085581224,0.4504600431499205
62e3190d-c79a-499e-82c0-02db1c33b2a5,0.0637534336634532,0.1243933435959694,0.4368700898121788
62fa7faf-108a-464b-81cb-ee750ec6084d,0.1552153236626627,0.068545717141974,0.3650010410555367
62fc02ad-4fdd-4fd3-ade0-c4ad7cfb66d7,0.0872023888991395,0.0913873108784965,0.38375578210282
63115eca-4aad-4b92-bab7-d933e90d0eef,0.0615405044521873,0.1543907556057682,0.4701472657578143
63166453-9e1c-4d86-9e7e-dc5fa491f5b0,0.0116241169297061,0.047886789450442,0.3666121083683036
6322f698-9530-40c9-a63d-77500d777f00,0.0055440420502597,0.0091815624076662,0.3152430012298163
632502da-0aed-4844-bde4-a0b10f2e53b4,0.1254628859902302,0.1022010350551277,0.6151695238172888
632dc3d0-2371-484a-ab37-d3be2f583f35,0.1013390789094668,0.1163186188865262,0.6141330656514725
633854b8-7d5e-41dd-bed6-070666ead526,0.1130343932832698,0.0799568052748389,0.3884346160138557
633bb571-3496-496c-8876-50b53e04ef0e,0.1233861394231772,0.1474098332171732,0.4612915807944305
633c9bcb-1bcf-4ad6-bb5a-53c7e050d6e6,0.0260008888359367,0.0595028454800525,0.3709833416895496
634e9c1a-26a5-4b5e-97f3-142ba6a9feb5,0.0103685570245884,0.0114133234620145,0.3172120554706958
634f1efa-59cc-4f7f-90f0-13b177a0ab4a,0.0863427010773408,0.1484504438703116,0.6065731900821795
636d228c-73f3-4f76-8a59-a3caf030efcd,0.1378461823202961,0.1594779387777124,0.521554477777475
63a871bd-0821-43f7-8949-20373fd1eb98,0.0781976713979601,0.0922147995970844,0.4203329675342865
63c63a3d-8d3c-40be-bdd2-f94093bb24b3,0.0121938063305301,0.0081492823247138,0.3109907889248
63cb2328-0121-4711-b71a-e9abd13e20de,0.0184478536144399,0.0285327847699095,0.337742095678727
63d331b0-f3de-4770-ac68-4e56da8c0038,0.0131717961463109,0.0315016587703046,0.3415310527550657
63d9aaf6-4708-4e48-9bd6-cb16ccbac89c,0.0178141211214128,0.0245431120430603,0.3289202701108354
63e4c7a2-237a-47d3-89de-e144654bc202,0.1402845143133603,0.0436252526932264,0.3916642319290128
63fb8956-8b67-45b5-b514-51c062a21d22,0.0559376485122122,0.0842252977889716,0.3787896981981711
641393cc-3dcb-474d-a04b-59030e083023,0.060025358831043,0.066655561815655,0.3757018892743474
64399db1-ac75-4212-aa14-d58a0f612f01,0.04467961309807,0.0674502908479797,0.4032638674767865
64645724-3072-4fa4-ac25-fcbfecf98e72,0.0933579065445919,0.1123668397774526,0.5744478424503217
646dabe6-65c1-498c-81e6-f7ee2edff7ae,0.1562854347341936,0.1141048450636942,0.4983191949923743
6470a42c-e424-4911-bb54-985800f636d9,0.0441656181241003,0.0424676685627654,0.344503386198354
6480b5a7-2616-4cd2-9756-ccb905cda314,0.1126579219502918,0.1552878122148422,0.6253339460294278
6491f13c-b4f4-41b3-ac3f-fd79ff05494b,0.0800199367377502,0.0501880389370718,0.3623015716291116
64aa3a37-bfbd-4092-92af-b8ffc674cb57,0.1144297683191181,0.1597025833786175,0.4616304773692902
64c1a0e1-2996-4659-9429-4c43a87e8141,0.0179487463523374,0.0184188904372655,0.314073813868738
64d6086d-200e-462e-85c2-cb183c2bf933,0.1350502514423247,0.162703184984423,0.6197124807581705
64deee3b-f2e6-4070-9de8-278d78b97edc,0.0315559633440779,0.0312074818031705,0.3317036312196311
65152793-ed98-44bd-86ec-42e4c4d5be38,0.0953251855928119,0.0855270944298497,0.5193558291703878
652a1c7f-9311-4e08-856a-79ff4752707c,0.0224750724175611,0.0173814956567495,0.3342421968841823
65350b9a-ac9c-458b-9077-2a0566d945bd,0.0628186978101349,0.0900189554287697,0.3991066462214461
65496bd5-f78e-463e-8506-9b1833d0b69c,0.106038790282353,0.1507059361496042,0.4571787211658326
654e915d-5f51-4eb9-b7e0-ca762bdbbb4e,0.031939034217164,0.0162289870697874,0.3223021531894697
655e452d-87d2-42fa-9a4a-dd084fdca877,0.0344191761414496,0.0629709459632544,0.3790181155142875
656cd440-b9da-4180-9ed8-76e17a658c10,0.012014733751644,0.0203276707948034,0.3214770615853481
6596ccb1-b1f8-4794-945b-a118c737cf3f,0.1588961916531268,0.1391844795867552,0.595249460093065
65b3709a-dd67-4f77-bddd-8931a442f1a0,0.1370270268520752,0.1302696096650654,0.4752619582077924
65bff97c-eafb-4937-970d-517a8d1be639,0.0906388558694224,0.1272156712704077,0.4317732167465342
65ced9e9-328f-4fee-8b65-ae7445d5aa12,0.0187491121502824,0.0208449293947795,0.332704619045819
65cffb80-79bb-4e22-a663-3061abb411d2,0.1080331184866506,0.1547844395375196,0.4048700547331061
65e8902c-3ca4-4a4a-be81-b77768f54b3f,0.0423172985120583,0.0666313349347817,0.362633801027586
65f57442-8b39-4182-b25a-bfc6ea7e5eef,0.0996081609993833,0.1162514963767173,0.6046991605398628
66089c41-b548-4dbd-b02e-90a7750c47ff,0.045601305192179,0.0516388466823235,0.3601026571784443
661d03ff-0996-4a6d-8467-4c1c27e192c4,0.0612065102868503,0.0622342642242554,0.3783403762230236
663e949d-16dc-4f35-8a00-ab768db171c4,0.1319680293608421,0.0688778842319982,0.4457537351219777
664a9924-6f4b-4717-9046-dabc91d65848,0.0917985880528573,0.05709322131556,0.3869918258691275
667aa822-99d5-4a75-b41c-06f4a7210555,0.0976659647934793,0.0439107970465849,0.3277950314946338
667c2780-4b67-4ab7-85a8-56977b450215,0.1109250511617734,0.117605716393545,0.5529989499833757
6685ffab-bdc5-4dfe-85d8-51e8e7bbbcc6,0.0155638666615496,0.0150965602834493,0.3252734823193671
6692bacb-113e-4138-a409-e1d9a1779323,0.1267758977239149,0.0551855626451864,0.5081922439846573
66d0f721-9c3d-435f-b0a4-970a4916c600,0.0415595874683869,0.0318054328350901,0.3283102059641909
66d54815-236b-4f21-a8c1-aa274094b95b,0.1155585316751505,0.084396220187846,0.3862665892417202
66ec419e-8131-4e3c-8d59-243645c8b6a3,0.1098774806872665,0.1282137113703361,0.5574906886377167
66fca084-2912-4773-a9ad-73016559a2e9,0.1323226158634786,0.1541042085603849,0.4595387398658241
6702a02b-4254-4e01-a9b0-1c14d1d704a4,0.0660029829901431,0.1155787140601391,0.4233871297885568
670ac0dc-bbca-44ba-adaf-46c8fd03e2f3,0.0064507317492412,0.0063145337135274,0.3158395602542979
670c34b0-9401-4ae7-b371-2c84239220f7,0.0161345494971955,0.0185868085776385,0.3305116584109071
67326187-3533-4608-83ee-8a679c48f090,0.148418701681593,0.0354378404931461,0.5137591795087084
6733eb1f-6012-4f9d-8537-56edeff9af25,0.02916937352447,0.0282929921194642,0.3374922147210707
673f2c03-e1b6-41dd-8886-4c2d8b99791b,0.0289882334005796,0.0478418634147888,0.3607813984264655
67450c7d-6f13-4d2c-a179-ba36d996eecc,0.1033137358070653,0.0923261989240387,0.5696871741778129
674e4710-46d4-45eb-8412-2c5c4bfd7950,0.0513875946345167,0.1541048920490546,0.4572889149463762
674fa068-9db8-4cd1-b67a-309838c0e097,0.0483718773165723,0.0990704652570584,0.4169913239749214
675d443f-dd18-47c4-8f54-faa32f6dad30,0.029147607843981,0.0163677401768447,0.3263403017890695
676ca9ca-7165-42e7-8f46-1d1ea877f0d9,0.1583389349396297,0.1352751915079226,0.5833784472593337
677f6938-984c-4095-a005-577df02811b6,0.0526283008313474,0.0865119167505701,0.3869972427015146
6780324f-4622-4743-a2a3-0d698715db99,0.1364275943691006,0.1590507524213971,0.4506683399730462
678e147e-3e41-461d-8882-705933099578,0.0093461089263801,0.0202812773309603,0.3374724492253219
678e43af-c1fc-4c21-9d78-35a977ed6019,0.0405125203930726,0.0861971792563279,0.3951269149882155
679dbfbb-252e-4a47-af40-25a4954d4a53,0.0934018701194603,0.0627855608071903,0.4576673195345032
67a61297-4213-4930-9ca6-ae1f6010f628,0.0162560674447525,0.0435601407717138,0.3514078911044157
67b18d3a-00ee-4831-8d3b-b6e8a31d5193,0.0599606264166657,0.0332491373813456,0.3826428557331631
67bfeec5-3899-4983-8ac3-9dc4e38aa252,0.1307217549308617,0.0711004643444268,0.3711506532317398
67c9596a-347d-4508-b344-409d6417f4fb,0.0572453919855539,0.1363666133136856,0.4382832933337796
67d57082-febc-4a8c-b1ba-d29a39bc5fac,0.0211300378394932,0.0148711511798498,0.3104569392697091
67d90f4d-44ba-4e74-87db-52749ca0bf23,0.0877582120533861,0.1258434460775503,0.4383917964944143
67e613c8-1c0d-456a-b764-034eefe753f9,0.0179657580164019,0.0313008363787268,0.3373978836071439
67ee5886-c091-4431-b592-5efbe4844bc3,0.0128720699442485,0.0837720356840265,0.390224835158681
67ef1cab-2702-4c5b-a515-f3667f2b9f31,0.0981391173177206,0.1456964672918151,0.5105290095489539
67f8e7c2-b3bb-4c6e-948c-0af80bf1d15b,0.1401767756144815,0.1325756254599445,0.437474133880493
67ffa330-8da8-4a0a-b4ad-80b16fac2416,0.0517360760253471,0.083345128116878,0.3861846817016752
6816e1ce-081f-42d8-a772-1e027a09867c,0.1413946451998517,0.094868691700927,0.6266939841569152
681a1ed8-6afb-4c3b-a292-1154530b91ac,0.0414886052692661,0.0845529063464067,0.3909543944399365
684f1e97-3a34-4fa8-b299-c1c4907bafd4,0.0773144192730612,0.050243585736538,0.3864197278586208
6859b3d1-f11e-4677-a0ac-ff79b5b70051,0.0834188308545934,0.039224130535382,0.3408473404260042
6867e043-236e-4384-b5ee-f57e4ea85e34,0.034637505316265,0.0101849967630282,0.3470489421776991
688a8ab5-4577-4992-b201-91ed721e4c7a,0.0823150232740052,0.1459004761960975,0.4415768593318978
68a32d5f-6a1e-4a6e-9128-43fa750c5c5a,0.0357283853639205,0.0357286028433331,0.3220076929579254
68d6bbaf-29dd-4e5e-938b-b5ab1b1bb66c,0.0187241647290819,0.0403433542709329,0.35140018788084
68e55e87-9409-411a-b960-f56e947e607f,0.0376797875155611,0.0507252442593771,0.3503612397964695
68e69572-34ea-4326-81b4-c6cea6cf45f4,0.1265954873103009,0.0385327140086941,0.567532657485335
68fa430f-47c6-4005-9add-00e010dfd9c7,0.1083607410121347,0.1533335469850587,0.5447767184409473
6905555e-432a-4222-a018-0877f83ab853,0.0669509609399184,0.1142418957017436,0.4616470527410473
69075828-60d0-494d-90a4-eafbe5fa5227,0.0465173632855466,0.0332839380537508,0.3226012984495473
690e586c-b7f1-4e83-a6eb-04026d9dbce1,0.0590528678287536,0.1347506625139528,0.4264374226316505
691c5292-bd2d-4860-9242-97f93a1c0a18,0.0550712358452846,0.0669534666292139,0.3944599143199796
692dcd6c-112c-4500-9b88-6f05f3df0557,0.1249989733237878,0.1545708779869771,0.5399781047422787
6946a791-eca4-4d9f-b12a-22e09b351b17,0.09420357612448,0.1430267397055711,0.4439384125997862
694b250b-a677-4951-bbef-60d07cd151dd,0.0218171431344345,0.0418024361772162,0.3569143744795394
697ac43a-f351-4327-8ed4-5d6ad2fd0d1b,0.1316742488243109,0.1086482099437577,0.5480892176161938
697c6b6a-aa93-4282-82f7-91a0a01836c8,0.0282179574133451,0.0240542729684647,0.3368206656068825
698e8696-512b-4dfa-9e91-773dc2206e40,0.0526909527603783,0.0972567521828617,0.4021584514683768
69cdc980-1f50-4105-8e87-fda3f30d7751,0.0209146321040924,0.0109939055911285,0.3453549526877543
69d7ce7e-0bf0-4974-988e-ab3e8baf18b1,0.0461687938542375,0.0612746070742468,0.366154254568783
69dd8392-ab23-410b-b7b1-96ae19c2a31d,0.0582404764563561,0.1167239431137201,0.4239943630890317
6a00524e-9c20-47d3-86c9-abf9e398c986,0.1046085076790868,0.0771366042169314,0.4969987908908285
6a458c3c-fa0c-4410-a9b8-91658f86f8d9,0.1051694447602945,0.1608635101577817,0.4797676243739496
6a5f285b-5357-44db-b84e-b3e850bbffc9,0.0448220830906225,0.0429088477582229,0.3506937606327869
6a76cdc5-16fb-4cf6-8d2c-d6b96c42be8f,0.0855598290430973,0.1453913088072317,0.4981227418872893
6a82a159-5b46-4169-b75e-65aaa6838d3a,0.074022503550816,0.1368356426286169,0.4472757056431797
6a878f4b-6dfa-4325-9e2e-394cd485dad1,0.0526907282260049,0.0627233823302116,0.3786194548542231
6a897d16-6e44-40fd-b8a4-8a9704b260d0,0.0853236224086526,0.0569267780664334,0.3540601480936834
6a8a6b89-4afb-46cc-b16a-77c9c996b59f,0.1578789103538455,0.0644688588015032,0.4893789994633115
6a8edc95-8761-466b-9bef-541c40a24b30,0.0327200618820172,0.0305463390776374,0.335310219316649
6aa33cf3-0bd1-465c-9025-c5c0a42e4904,0.1290362114192411,0.1577485076844105,0.4491087266290943
6aa54594-12d1-41de-a37f-a4599b3dad64,0.1106020683357845,0.1110977129894475,0.469497249510145
6aae33c5-9050-4c27-b995-12e7ca80cc02,0.0106056223373315,0.0173018184129547,0.3269987035503315
6aae911c-4334-479d-8468-559bddfe38af,0.1005445164498942,0.0973833783339984,0.4055515998516902
6ab481df-01ca-42c1-8f1c-4278f2ff9fec,0.0697610531944449,0.100053293445193,0.3757914221761558
6ac1d51e-ee73-4976-bc03-14038ceba94b,0.0205470064812034,0.0328154021281059,0.3317865924175263
6aca4a11-01ce-4727-81ac-21ea0ab60de9,0.0625360435123106,0.0536245466684666,0.367464714599756
6ae21483-b3ed-43b5-a212-55946b9657d8,0.1508012725600944,0.1497246914960942,0.535015289029341
6b082fc4-5430-42bc-a214-a27e04a5cb63,0.012662238837494,0.0232931457355972,0.3230042471441499
6b11a7ef-ed9a-48fe-848c-79aba7b49f2b,0.0246331958936028,0.037406334402935,0.3442636594360224
6b17ffe7-fe87-4e5c-b979-cfb769264966,0.0843474493196406,0.1135886632931903,0.4137981775259758
6b1c043a-e46c-4f73-828a-da03f9f904f1,0.1442460343414312,0.0741295523837802,0.3580434312081799
6b1de3a2-0f5b-44ed-be88-1e9c5753a725,0.1347880992712156,0.1400972066089306,0.4445611186984118
6b25b014-1ef3-4da0-9342-e50e404ed61f,0.1103204363990761,0.1449533070992839,0.45426376582767
6b2830b9-1392-4480-955e-223618a71726,0.1125595924284114,0.052730171731567,0.3574275014585124
6b2a8d11-6e03-4224-847f-d1e3cd7e6db6,0.0565506200915295,0.0815184067050792,0.3907399273545025
6b2b1ef7-c73c-4920-bb66-a66cdd02e680,0.1243099002726053,0.1256383730262067,0.4367182746317706
6b2ec024-d09b-4a09-ada6-217df972081d,0.0423839828615544,0.0876522659264794,0.398865567445242
6b362cb9-d181-4fae-a1d9-9b43feec97cb,0.0709320792161864,0.0809545258540975,0.3930121451921162
6b4da959-88b0-488e-aad8-02b3ae0c595e,0.05678336950692,0.1117189828364972,0.6271022540764428
6b4f57f9-ea39-4f78-9dfb-9f86b0996b02,0.0464701683608071,0.0187450786842143,0.315824624870137
6b618991-7f2f-48ae-bb6a-8ab8b6057f11,0.0504385332736884,0.0810918438814507,0.392220340999346
6b710331-3767-40af-8e85-ef2010dd8d37,0.040414335496139,0.1134982587423437,0.4126568500362733
6b836f9e-bfb9-4de1-b4c2-b043bf19d33a,0.0089178740586794,0.0152564742921429,0.3370658376605817
6b8517a8-598e-4c0f-a8e7-e246271d708d,0.0112290589168145,0.0115881514309539,0.3195720036085542
6b89e05b-a44e-4810-bde1-db83f5e0e2e5,0.1420669664232368,0.1594531649423065,0.4675829094028019
6b943a9a-769c-4ee7-88cb-a5829404d47c,0.0712992268838459,0.1057689490500872,0.415539712302821
6b9a6c24-1a16-4baf-8fb8-cc53199c3231,0.0235958484165607,0.0825397744863965,0.3955468314271107
6ba99e8e-0a38-419f-ba70-34a115386e11,0.1536388593841746,0.0918694948785567,0.4423202698442759
6bb28f3e-9219-4a14-875b-068189ae9652,0.0762360966938134,0.0789359219669434,0.3856982829654294
6bbe996c-c5c1-421d-9103-96a4c2338d97,0.1220315382548847,0.0757247833082619,0.497634417372516
6bf13b8c-449f-4ead-945e-27d2461b2503,0.083696528464549,0.0851794167020394,0.419786067969298
6bfb344c-ac13-46d8-b068-a410786f93e0,0.0247858264156741,0.0870571108206904,0.3869660751422493
6c19d61f-0333-408d-8e0d-27d7f5ab601d,0.0530408711880718,0.1316053650923463,0.441748415353755
6c23e000-caee-4657-8501-091410eaa3e7,0.0350036423845926,0.0463915893647077,0.3465320403300116
6c39f229-b042-4fe1-bf7c-f6bf7670a97a,0.1555773116850639,0.1406059804250354,0.4397126951401054
6c3a7a12-796f-47f3-af7e-e7c7f9f4edec,0.153508140474757,0.1491705692834923,0.3839903175056459
6c3eeaad-40aa-44cf-8102-6aaccb444910,0.0590473314430805,0.0725074374392262,0.3784733006276832
6c463537-97a5-4701-969f-4ce0208a11a0,0.0140385338919276,0.0170524402360698,0.3199057172534283
6c51c318-a04a-4336-b787-2afb10a7f2bf,0.1281382835627933,0.120128205336726,0.4132871879487978
6c527dc6-2a50-49d0-be35-46ec34a5aa28,0.079480083647834,0.1398458077976966,0.5803224813700183
6c7279a9-99c6-4807-aa02-8c0a05e9b6a4,0.0764535252373925,0.080802947557057,0.5379492466700526
6c7b62bb-7a14-43fc-ae6a-d2d59a789559,0.0947899224158312,0.1372229759421864,0.4420775865389872
6c9cc84c-12f6-46da-a189-d479d7a52b90,0.1135561334429091,0.1135275711499101,0.5560844789400597
6cbc3a98-0064-4068-83d8-626a2ee5e472,0.0415995349657535,0.0849012069381733,0.3914566115449747
6ce7ca8d-9e8f-4551-a90d-e549a0eb4cf3,0.0563076303082991,0.061884782530646,0.4062996443108854
6cf13a6e-d79b-4a4f-ba5d-88fb80eceb03,0.118395450095341,0.1563802896304466,0.4545280670760996
6cf80682-c4e1-4afb-9597-26458993103f,0.0462035839375837,0.065718575858666,0.3795170471761392
6cfc27bb-a552-4fee-844f-1fad47f0ce0e,0.0094102085655158,0.0265017165796443,0.332823336244162
6d200c16-ed66-4a30-9d4e-530cbdbe43b8,0.0119346523034279,0.0149866044084309,0.3250863607234015
6d2d5a2c-02e7-4980-b30c-784bb1825c9c,0.0622854471639457,0.053373499582409,0.3602359264682345
6d5038e2-7404-4339-93b8-84fbecfef5e0,0.035385816975745,0.0588486302175911,0.3702100403060462
6d62a1a5-9ca5-4280-8677-e80302426dab,0.0322086481480983,0.0522578853762839,0.3749099206368496
6d7d0129-4243-41c1-af56-a5e7de97f5e6,0.0999317766695835,0.1263626355250623,0.6213185206857658
6d86d6b3-4e22-490f-9f52-98f014995547,0.1383414800557628,0.0527437217122313,0.4078049353955562
6da5bed1-9a46-4ba6-ae6e-f08b2ee2d957,0.0470378317378729,0.0104143002837779,0.3168516887183087
6da60022-3e8b-45f7-9b80-814bca256828,0.0488981675552564,0.1046989930155906,0.4249258444109379
6da9db94-6249-446c-ac47-dbb87f191509,0.0282149361755776,0.0185743497896301,0.3319314080198912
6dbafd37-2bfb-402b-955a-fce21cf2177d,0.1207861671417241,0.0454584990243694,0.3457278235065272
6dcdf924-a873-4f79-ac3b-6194e9cb8e42,0.0089397381427694,0.0206058723646862,0.3323139807015755
6ddaaf92-a571-45f0-b6be-f14cbe4846a4,0.0766279154405531,0.1419218665703807,0.4373393764636819
6e04c3e4-ba1e-4532-a27a-549ab2783048,0.013838087769802,0.0143079523042152,0.3244255450662564
6e30bf69-6655-49f8-8327-d2b30c40cfc4,0.0670625714045073,0.0990621518506366,0.4084171330525991
6e3ffeb5-fb4f-424a-a836-c320ef0c35c2,0.0436334383059284,0.0457925103537956,0.351458187465239
6e4e0737-87de-449d-806b-ffaa438b5afe,0.0634612900381661,0.1160478825507288,0.4132978628900507
6e53bd9b-fae0-4a5e-9749-127cdafea0d0,0.1374716636553327,0.0273648786419768,0.299591919162874
6e7783b6-387d-4ed2-9488-7dbae69b8667,0.0691682473140574,0.119177615559089,0.4227581636994686
6e888a80-a61f-4a3b-8a0b-5d57e2f0cd11,0.0336502156364224,0.103229529842083,0.4161548047251345
6e8e5572-d454-4b8c-99a9-7228d1a43ca5,0.0924123246736094,0.0716976515452063,0.4477782894148013
6e92759a-0ece-4814-abc8-3a609c99b519,0.0153488679632283,0.0149333594732263,0.3132944427177151
6ea3f015-659c-4a84-91af-800e1360ee6a,0.1504310828845239,0.1085196609876165,0.5424794763863766
6ed81ebc-7dc8-494b-a4bf-b80e7e06e308,0.1191686724277784,0.0380259722634802,0.3553258869950741
6ee247b6-85f9-47fe-9081-c4af870b2206,0.0994174192481445,0.0932949908773773,0.4914804386978978
6ef1722d-9a81-4fc3-8b96-4bac2e220455,0.1003568451850629,0.1065519156057148,0.4811041919451719
6f15aa1e-17e2-494c-a7ab-7f86abbc9144,0.027763792041829,0.0376833404551834,0.3467531377507302
6f403ab7-9d5c-4cb3-9c63-9f127da8303f,0.0190025885534905,0.0166109198618814,0.3267627563108495
6f4fc841-3dc7-4f42-9d10-0a84cfa305c7,0.0881008760184908,0.0976113042218286,0.4088546427405644
6f5706b7-29da-4b73-8ad0-07cfd76181c0,0.0579967690875227,0.0569028060868077,0.3679281025665954
6f7daf24-ce99-470d-9b55-378740388015,0.0624925042299329,0.0955601235646116,0.4069244539345885
6f7f248d-412d-4ef9-b8b3-3d0fe89268eb,0.1350839642062641,0.0981157552966884,0.3987033924883308
6f8bb2fb-3c67-43b3-b98a-15f145227095,0.0939968029595376,0.0870856210140004,0.3950246903011768
6f8e9e21-6cf8-4375-9cf0-31ed68847a1a,0.0347999031067854,0.0484654248602257,0.3516955418903716
6f9efc77-fae3-4ee4-a7e0-8725d76f0155,0.0435765313404052,0.0493749044086685,0.3628167893498032
6fc1e3a3-93ef-4ac6-a32e-61ef9286c41d,0.145499498742914,0.0256102225773952,0.3522347801064606
6fceb4c6-2724-432a-b90f-f03333f2c0fb,0.0825877545113061,0.109992980315023,0.4241631340549834
6feb6eb7-6cb0-438a-afd1-b9cf89957bee,0.0436011427841183,0.1013461295587935,0.4039866252542397
6fffea96-3c2b-4297-ae24-3ffc705d9f89,0.1159402023132698,0.0834641888798134,0.547797092111287
700d084a-3197-4032-a690-62c9238446c4,0.0336217353667489,0.0304792021297044,0.3480331247566595
701a15e4-465a-41a3-816b-09ff251676fd,0.1438637991861656,0.0703245271640978,0.3563101824652304
701a41b8-f6aa-4707-8b73-39cee0df2f61,0.0267385609918298,0.1010738729160109,0.4110411167678531
7029ddf2-dffb-4a2b-aacf-3c0ddaa4c105,0.0199691269380488,0.0301572350244779,0.3349315101285741
70382146-92d1-4d5a-a08b-93f2529b71c8,0.1471991508725664,0.0604584082661042,0.6318542970572751
703a5760-8a13-4161-ac13-b4c87dff3bcd,0.0761754130792622,0.1314572357528368,0.4389179234952041
70532986-27f8-48d4-80a1-a6650bcc3e43,0.1156734504008167,0.116949051664114,0.4064297777570865
706d557e-cdb5-4248-a9c3-eb86d16c262b,0.1044239275914,0.0141168415739788,0.3195419132023349
7097d4fc-6501-432d-a85e-d32828489e15,0.0576772092461977,0.1105084572203354,0.4181897503790132
70adb4ea-01a7-4007-9dec-83b5ce005a85,0.0721995790622347,0.1492861749825362,0.4657104564845172
70afb094-7230-4191-8b7a-24ee7060ad9d,0.0228363479444471,0.0232227509564075,0.3268384987967495
70c1fbd5-5e90-478b-92f7-54ce00039e53,0.1358145273114649,0.1314044814977712,0.6203688246138509
70d17aa8-67b5-413e-8c2a-41609f821a6b,0.0683336693953153,0.0283788237061612,0.5771440637376998
7126ca28-2ac1-44b7-bcee-c9de075e6a26,0.0579315563786869,0.0650914950165097,0.3761517033906986
712b4438-85e1-4086-b962-d08a052ff1a0,0.131631534742819,0.1437801680855117,0.4572174417154636
712cdb39-4256-4250-aa9d-248443696cbe,0.0388889813027046,0.0804468483941572,0.3741946928318344
715d9f9e-5750-496e-8bda-eb630d9ae71d,0.0504202274664834,0.0812666483331148,0.3916629243138986
715f1d28-8da9-480a-a03f-2618a3bdca8b,0.079050511889281,0.005929622085634,0.4517122182993509
7163572f-9a39-4fe0-82a7-50459c270848,0.1040717524444378,0.0647286016135276,0.3635852172304812
717aa65b-3fa9-479d-81e8-28519c54b55f,0.0915907088336267,0.0241490194343812,0.5201066818141851
7195e1d4-4aa5-4d43-acc7-2c03d021a300,0.0598786453188893,0.0623797842702474,0.3717142311310724
71aabc8e-6650-4454-bfb9-5850c4f91309,0.0544457190899077,0.082871111547698,0.4157115873772047
71c26db6-abe2-484e-84dc-97d774d04f44,0.0738202504011617,0.0867171693057081,0.3917914192624385
7214d082-0039-4dde-aa40-f953b7c397a7,0.0857258736609592,0.163048969366464,0.5216576115756658
722a530f-a891-4b08-9b98-61977dd37576,0.0895825425704894,0.1367278500009895,0.6183279772095673
72314282-08b6-4658-be17-544b0ef739ff,0.1122784716272367,0.1495169258443585,0.4625429705140181
72368a05-d064-4ffb-800d-d72484a677e8,0.0872203164395847,0.040868483803677,0.6151062537619374
723c0cd2-7d72-471c-b388-0078594f7c2f,0.1423225058957997,0.1149762375827183,0.4849138037474984
725e2442-406e-4aed-9d66-0e68a33f4792,0.1070768413389573,0.1315318343385263,0.4388598817246572
7267fe7f-4fe5-476e-b8dd-6fb00dc3f32a,0.1160299628173794,0.0964842738855833,0.4077030767003258
72869cb8-9b9b-4b7d-ae3f-98d930ac7c22,0.021534067252058,0.0314299962603746,0.3466597798802435
72ae4164-a764-47ad-b3d0-528d1517368c,0.1145262503608448,0.1140992276577614,0.6295982365376543
72b20de7-3472-4ba1-97d1-d0edf9192ddb,0.0329544683663943,0.0533557430356249,0.3559788007432623
72ba7c65-7bda-43e1-bc0b-132cc5f6fc82,0.155212694474437,0.1422161113148312,0.5949905877117901
72c9bb74-6635-45e2-8029-4dbb701eeae6,0.1559444892376685,0.1074107232166533,0.4154113414740729
72d1d314-564d-4861-868e-954c54e8fc54,0.0662384987464669,0.0702946360885844,0.372625150550788
72f4c98e-f828-48bb-af78-ce0d0cf379a1,0.1192137483625772,0.1614180157773308,0.584680582949502
731786e7-6d39-49d1-88f0-dbdd96e15ad3,0.0730516968381863,0.059803912465002,0.3462050747304482
73355ece-f291-4af8-a213-951e28bbf297,0.0958016267607533,0.1030057029215162,0.4009157675411648
733be1e8-7d95-4547-b410-6745d015db48,0.0652160397455974,0.0839373554451254,0.3923505311763624
734c427c-0dc3-4667-b31e-906b21e51c2e,0.0819928387404135,0.1621714178298724,0.628779615915118
73766646-deb0-4ce0-957d-f7ea612e7a0b,0.0350729498760628,0.0379979622519264,0.342703408515306
737b3faf-531c-40d8-b5b5-ff49e824903d,0.0055261007913923,0.0066480237134582,0.3148019584071072
738eaf1f-4db0-4b75-8105-d002fb5ce651,0.0114852764268462,0.0292209186026673,0.3365613189618002
73a9812c-7c8e-4c0a-96e7-02820e7e8c98,0.0872741711899436,0.0737182635247808,0.4747399973609565
73b7b3f4-18b5-4d69-8cb8-4998484cbb9c,0.1421018687497313,0.0662098005368998,0.5657663321831505
73ba46db-6684-4e19-bc1a-e8ccbf42ccca,0.0975128278457928,0.0742321210650999,0.3761405731487569
73bce5e8-9c5a-4312-b94a-e12cb6637763,0.0419757295991572,0.0155079587910142,0.5782783747907906
73bfbea4-cc6d-42ce-9bad-08e14c475f9a,0.1339281770683957,0.1103501418335383,0.5658156806664429
73cb029f-60d1-4a49-a044-dc0796267fee,0.1146630120747545,0.1454341970884488,0.6408898629331824
73dfc67e-da5d-4af5-b2fa-7864cd4b7c46,0.1280992361237333,0.1027529325043482,0.5223656250827057
73e74c37-339e-463e-92f3-dd4dd4974669,0.0121593932187808,0.020641396398301,0.3289799990837761
73f4ee30-c5ab-4beb-a302-cf2526775f20,0.0527177136310664,0.0335514349487068,0.3375102192516397
73f578c2-e13d-41fc-be11-a5bc858b3d6b,0.05329973830133,0.0594905902113881,0.3592890578206378
73f5c060-2fe0-4284-98c0-97657d1f070b,0.0461778455505675,0.0857784501894996,0.3933068308368644
73f8a3aa-3feb-4586-b537-1a27d0c5461c,0.0058921484702434,0.0147620307857197,0.2973451372919824
7401b2da-3ab3-4ea5-a31c-540ada667d1e,0.0538919121712826,0.0731256169025408,0.382221804400161
74027b45-feb8-433a-b19c-3a7996d3676d,0.0218490070848098,0.0267169215817412,0.3391356570822765
74082b60-5e16-424f-9cab-0b6305ca163d,0.0244194721962336,0.045461473616259,0.3538260347302674
740fb3f0-b4fb-4e31-b091-c287848b47d9,0.1533172958812053,0.0293296480801064,0.4555292131036981
7414aa34-e54d-4ac9-bcbc-28764e0a59ef,0.0775961723439427,0.116148702413723,0.5507920605442347
742b0dbb-9eeb-435d-9d33-05a7e6d32ba3,0.0549961696804253,0.080076390494757,0.3859195754851079
742bc899-470c-4478-94e2-d4f00b68b29d,0.0248491042836581,0.0389378672493384,0.3431568648699886
743cf4b1-3de1-4236-8525-8a61de920565,0.1246987597435247,0.0674437728535498,0.368436879031161
7457292e-5038-4068-ba1b-911eec70f512,0.11758298746384,0.1413493385611499,0.6242596803214141
7463c658-0141-449c-86ae-03064a34752b,0.0384547462134674,0.0703707822272098,0.3811700483733398
74907a32-f30a-4f3c-bc9b-69764648c882,0.050382023399949,0.0223093028289704,0.3386422221065354
74b046d6-de8a-45e6-8591-d05c0e510079,0.1278633698837188,0.1041054720468894,0.4208667820497418
74d59a5c-69a1-4cc2-983d-d0f9d6d8377c,0.0337902253073023,0.0283032380685708,0.3318684298508793
74d733c5-1f80-4e09-a8c3-e99f6836d04c,0.1247614212155656,0.1457230226993335,0.5441657340511653
74f2905c-3596-416d-8936-b7f860fe6d64,0.0704345746419698,0.1094365811873447,0.4199738688371404
7533613b-9538-4364-b079-a547f8615a93,0.0984744631691105,0.1481409318392896,0.4470861225109418
75437b52-5a97-48ca-86ba-55661d423032,0.074001924011005,0.1269615473854471,0.4421547122298568
7548477a-3d1d-44e4-834f-42a0795ed86d,0.0577873862931254,0.1051379694364766,0.4163757575516147
754a47a2-4647-40fe-b091-6a7c48178223,0.0532483985793043,0.1371080677130481,0.5079569008906932
75592fac-445d-4610-b64a-389244158008,0.0639054942780102,0.0493118378399977,0.3564088201777268
75833150-f0b5-456d-a983-00a4a2e6ac8b,0.0116342943322197,0.0166112246810244,0.3215776765545021
75ab8d0f-7863-4f62-86e9-1cf6e1e13c3e,0.1427337914700004,0.0975023118641528,0.3820332558880164
75abf6d0-b967-43fb-bf1a-f21be05d9e3d,0.0603707936825311,0.0174689178961688,0.3228644983977603
75bfd464-327f-4780-9754-8993df2b67a6,0.0699409197948408,0.135075642948531,0.4838563900590921
75c1e3dd-1442-49fc-8689-1b3ebaed45b2,0.1190252372388964,0.1507840294707266,0.4639946948859963
75c4182d-f17b-4120-9c39-0a3f9a2e7bbe,0.1231387665864134,0.1582335039962324,0.5182694697946867
75d3b2d6-5c7d-42f7-bd50-7669dff46486,0.1181018769904497,0.0780700215994607,0.3728039009496283
75d7d874-af45-4d8d-8617-c5e043b303fe,0.0994892720444175,0.0758488477527887,0.4655611715278883
75d87d38-b99b-4d17-a06e-83dd33e4b9b4,0.0492642464778615,0.0679017849434244,0.4066391156242153
75e237a6-5ad2-47e2-9946-1587bd566891,0.0753544079764235,0.0929907177882398,0.3885258919676716
75eda912-0b08-41f6-ba1b-53bdfcad607f,0.0431249753523384,0.0722856643755104,0.3817210473229906
75edcb7a-c8c0-4fbb-8f8e-b75f1698bca0,0.0746891025423395,0.0572135221708441,0.4036848373917344
75f49bc7-3b80-41bc-8699-15018e413930,0.0429099325407374,0.0651082894628418,0.3761341935127894
75f88706-b1fa-4ddd-83af-248d8b6c4de6,0.0084881153536203,0.016209306571934,0.313061519520517
75fb280f-ccbb-41bf-98d4-3a55c8a5f8dc,0.0310566053581788,0.0348173414713431,0.3467023809838447
75fec981-6e14-45b1-984d-9dd3406c58e9,0.0827384637202602,0.0891122050973976,0.6364794571329992
7604096d-6234-4465-9f1c-bdfa4e41dd65,0.0364759571786669,0.0361672664655219,0.3360051844444857
761b19bd-00be-4714-a535-67d89e1a4b1b,0.0341676935224799,0.0263635676241013,0.3298209495187702
76463866-88fb-4b84-bea6-de13906c5b03,0.0956842519451196,0.1286952333845511,0.4392709264266098
764fb564-4a07-4b50-b00e-af7215485611,0.1392898489062087,0.0927445039198792,0.4442289987460041
7654e47f-20f7-4bc0-9a5a-e83ffbd7d545,0.0662162614604672,0.085821483882851,0.4672886745377568
76862dca-a498-44ec-aa93-5a9121af3001,0.0541382540624788,0.1015680044697159,0.4717811525130174
769a6f4f-e09b-4049-84ff-5495ea661040,0.0233244679804104,0.0283161264038692,0.3412397531646062
769c0c51-82ce-4541-b317-bdcfcb85aa9a,0.123605654212428,0.0877931671765857,0.5595336123880222
76a961cf-df52-4122-803f-0e6444a7ae93,0.0454009428794951,0.0666382792864456,0.5849515522914512
76c7f39f-6a7b-43de-9b14-33dcc78f4399,0.063810749131965,0.0120367017651256,0.617423655946737
76dba9b8-5f51-4ee9-aee3-f8095036394e,0.0142075237621496,0.0333509282688811,0.344200298057954
76f66223-ec01-48ee-8b0e-dabc21e6faa2,0.114382903349967,0.1158185263730558,0.6114350350651627
770e509d-754b-4dda-a039-71171ffb9e75,0.1404280938259282,0.1090355043491762,0.5502053668546731
77128a93-df3e-4a70-9e47-03e9360e6b02,0.0385885328948004,0.0473504072767453,0.3592625039840837
771314bb-4480-4f57-bfe8-3698319fb827,0.0772889839706338,0.1105908972953605,0.4131753684671666
7716da40-934d-46b8-9e94-938be601ef97,0.0903100801899519,0.1276034117402976,0.4293749577392788
77172025-65f6-4c7c-b769-3753d09cb7a7,0.0756753872247377,0.0938834307513719,0.448114920032861
7722b98a-3f79-4ae7-abd9-4ebfbd4f0433,0.1106448299029899,0.0885456034914644,0.4585557993575999
7733139a-0eed-454e-b790-33bfbe7ba281,0.1051519607473306,0.1038836092695692,0.394077158351047
7734d2f4-8a9c-47a3-bf27-ee728780c5a0,0.0425608630049915,0.0639495908045447,0.3732560390540258
774ac85e-8a01-4c72-a47e-1f0004c2b57c,0.0598084368495594,0.0795367486129227,0.3779140315516042
7755ea24-8c62-4bb6-8f64-c340843651f8,0.158210666384077,0.017606503318479,0.5605093309709525
775608f0-a63e-4353-8eb0-f41fb23835f3,0.043755172497125,0.0557601868557588,0.3668075805579953
775926b7-70aa-48e0-b57a-bd5d91778533,0.1440964131711057,0.0593956382420803,0.5877501893956797
77718df5-117f-4d9c-8a70-6470d9875e85,0.0721410513013247,0.102938341603033,0.4135836759295256
7778f7db-1678-428f-ac80-9ca068f18544,0.0442480290876884,0.1150158087999589,0.4174426466074759
778659ec-3a70-4114-9c29-13035dd4235a,0.1506196851759567,0.149285653934305,0.4451765877673996
778b15f8-5e51-4f35-a1fd-b24d8d4d72d6,0.0127101015352396,0.0633653829500337,0.3765905379612831
778b70da-1c11-4e4a-b4bf-6f341a27371c,0.0139939032703101,0.0180814144298331,0.3285448589429134
779625b3-b8aa-4dad-bc06-7fdf1437db04,0.0408974640758647,0.0428690429310129,0.3820566737239917
77b2e781-790b-40ea-826f-4ad52409fef2,0.0604081418848654,0.1458608746615513,0.455941757128061
77b98959-24da-4f81-a425-8143b7d698fb,0.0627514865808499,0.1511646272558397,0.4620182322437142
77cff1dd-3531-4947-9b3f-792668f02b60,0.1274889682945901,0.1585438172697373,0.4637313916161985
77d355db-0eea-49f0-a639-02bdb70955e9,0.11144556326667,0.1233308160283936,0.4220005041063601
77d6599f-d033-42cb-9787-259638ced36a,0.0981777175779628,0.134725863127869,0.4463527976349366
77da8009-3f84-4b7b-87f2-87b0638d85b7,0.1448881811072585,0.0427105950936733,0.326757171463624
78031f27-d964-4bcb-a018-fdd558d43609,0.0984744631691105,0.1481409318392896,0.4470861225109418
782f3c3b-f357-42ef-a557-9a3a14ba8a4f,0.0975825920107341,0.0981779282755708,0.4064486582873331
78376ab3-236a-4ad1-97cc-675f469d6bde,0.0854793655931073,0.1161600016092311,0.4266990061591905
7863b5d3-c4fd-4c58-98da-22da64e59e91,0.0685185811028791,0.0784465104866867,0.3900977121582824
7866727d-819c-4f16-a0a9-9fe6862d3a7e,0.1373706326791442,0.0472050489734346,0.6246364607854269
787bc9b6-19bb-4ad7-80dc-85af929c318a,0.0769252573634544,0.0317047001412967,0.5647525520332101
78834d09-2603-4573-9315-4b2cfb328a39,0.0594943543758925,0.0839955111687581,0.3801958064883557
788dcfc7-06ff-4815-a46f-b09ddc9ff270,0.0808227071279002,0.1315520049812445,0.4568431095853652
78b4f9bb-a317-4f6b-9055-6c3ce90a9d10,0.0262231510626443,0.0327525093289135,0.3426004637165006
78c53aa8-27a7-4ec2-9a76-835195c0751b,0.0326989222024123,0.0407865783191076,0.353068962226586
78d41cbd-612b-4651-812e-b59519db1f7b,0.0425650725730335,0.036217281808387,0.3437296628930447
78db0765-2e62-4195-8416-525355bbb840,0.0881239415839392,0.1379788581519761,0.4533183879746345
78f7f4eb-ead5-4c35-b076-c7f0408c5eab,0.00708175869773,0.0182380377950783,0.3289649386403572
78f81f42-bab0-414c-bff1-c60ddc83297d,0.094725595451047,0.1618966387610081,0.4529209703498636
792246b8-af3f-4526-9cfa-c7e0040bd148,0.0107034986533118,0.0188971469585898,0.3317336941928515
792cdc3e-c142-4fb9-b9ef-9b16ca117bf4,0.0858155858301664,0.1552539965245373,0.4679228776644055
793145e9-6309-4189-ba19-bbb377ced9c7,0.0720033834244273,0.1444381460125245,0.5584441896631568
79352d31-88ec-4c00-b51d-f20338afee8a,0.0157773846797233,0.0229623061400544,0.3293214588360648
795f5d0f-98c7-4dc6-8321-461f46125358,0.0880113907405171,0.1538282101441641,0.4720664049925025
796502cd-3868-477b-8afb-5b44d27fa39d,0.0680670203994598,0.0898396987466095,0.4018473140034965
79a86865-7af7-4456-9885-2dd953e8543a,0.0688763624929717,0.1546857876460563,0.4832932706057049
79ae5195-f93a-4762-9981-6f752aa51e91,0.0721410513013247,0.102938341603033,0.4135836759295256
79b7ed7c-eadb-4303-8f50-fa02cce51c5f,0.0196258022341396,0.0172885021723911,0.3267510826608132
79c1a260-21cd-4a52-8763-c38abf9e365e,0.0662689160678292,0.0914441256419541,0.4054446887306768
79e04423-1768-4f62-bdf9-ec7a41936d2b,0.0878906561255455,0.1089282966965782,0.4185585601909168
79e6b6c7-282f-43c2-8e8f-f53e8c629bec,0.028858329968591,0.0396084951955064,0.3463022289354308
79ea2844-9a9f-474a-a2e3-b7417a2a197e,0.0719713159163539,0.0848623174069904,0.3776551760236158
79f0a431-ec14-43c4-bc23-c9a62fb2b618,0.0559798550126345,0.0757940346364226,0.4138799554764436
7a39d823-79e1-4aa0-883a-8486d116083e,0.106053487110192,0.039679459374701,0.3515910015811888
7a4501e8-2f18-4f62-9517-6b83c6b2584f,0.1346455559296505,0.1245371822914147,0.4302012694840039
7a4c66ef-1f23-487c-8bb9-a8301bab4e04,0.0245466098137987,0.0409445399189176,0.3844222460220419
7a5ecc73-ed78-4c8b-b622-da676a932947,0.1107294221418628,0.1638443265684203,0.6210137143412269
7a616877-0fc0-4612-92e8-03fa192e0173,0.0758762629964497,0.1516746734834456,0.4637296509454832
7a7e3935-b2ae-4406-ad62-8315169e8c61,0.1230741197701462,0.1569558664230347,0.6301175631731972
7a7e5151-0aa5-4e33-8913-4c3e3bb46deb,0.0760816782271229,0.1291434133818701,0.4372507935379416
7a7fce4e-c3dc-48e9-9c09-211587a361a5,0.0980269811556011,0.0859661155640224,0.4614142276515921
7a93c9f4-80dc-40f9-9806-16d0abf07ff4,0.05617335691964,0.1458844434705812,0.4433955915428302
7a9d4c58-d2dd-4b79-bf97-2021e2e0c5ce,0.0778442646110777,0.1417048290036684,0.4655639850752333
7ac1f9ed-e58d-4abf-90b0-6681bf7921a4,0.1533799998030047,0.1127730229196568,0.4177275741812731
7acb9258-a60b-4b43-ac61-63218c6f891b,0.094416977490138,0.1157311080089017,0.639571762060343
7ad7b8e4-553d-4491-8e8d-bd77c387158e,0.0878351510164053,0.1577204108075298,0.443227311234592
7ae0998f-ce0e-4b0d-9c62-262248377e8b,0.143790068591817,0.1524072405589741,0.5844116271312824
7af80ed0-b029-4c7a-b453-205880479144,0.1512095514741287,0.1332876354979115,0.4362000483697874
7b0045b2-5164-4e4f-bedc-b5aa857c35ae,0.1170054375755606,0.0926631407260997,0.3697522659775883
7b016b12-3348-4c7f-8cb5-a63e9c3394c0,0.1563896547913755,0.0176043847687783,0.3507926158898433
7b066199-da41-4ab4-85a1-f5169d1f0669,0.1501110713462943,0.1365294642890725,0.4550729719371185
7b107639-ae1d-4f9f-8414-ec0441ef523a,0.0823126790150717,0.0764024303870764,0.3906758605335265
7b19e13a-9b1b-4dd5-98b9-3b6b225c3a14,0.0827384637202602,0.0891122050973976,0.6364794571329992
7b23120f-cc03-4b5d-8f7d-a70e37c18e5e,0.053405214119324,0.0553741676395209,0.366752134307013
7b2f0b9c-eb6e-48b0-b280-d6ad34d3c290,0.0366960684126958,0.0428108545989334,0.3477298181560131
7b7664d4-fc8f-4e69-8c25-df055a003b14,0.1024577923185103,0.117212726529482,0.4082014261390507
7b7c27ae-75f0-4072-a684-b288c1999b5a,0.0100758596981855,0.0141592333439049,0.3186874465200534
7bb6b35f-5931-4b8e-9016-c87391ffa4c9,0.025300760029993,0.0414629715081593,0.3440089931098594
7bb76c65-ad04-4247-b321-767c3ab06b60,0.0447733008410668,0.0911341265048785,0.5580708978078474
7bd03e2c-b1ef-4b91-8bb7-4169039aa8fc,0.0665421268460933,0.088722440189117,0.4006569733409704
7bdd5f6c-9a2f-409c-be33-c1f748bd12f7,0.0745737662866325,0.1163595081391162,0.4208112926652543
7bebb27e-31c9-4a61-82a1-098ee0dc7e36,0.0353728136321243,0.0391762579255716,0.3526807498167627
7c151136-ef92-4507-8ce7-b4cb5afb2765,0.0572358666288177,0.0378851496590198,0.3410693186731519
7c16c444-05dd-4276-9cc4-b9fb59786542,0.0369076434517819,0.0321153078651457,0.3390337334116293
7c4c531d-7626-4a55-af4c-0ba6b0c0eba7,0.1159687815744146,0.0471808749601669,0.476197188270046
7c58bc4a-4c82-4691-be74-9b1bfc772211,0.1097720285343545,0.1550362929304271,0.4505683335542575
7c61d053-115f-47c0-9cc4-4503cd47d08f,0.152504806218171,0.0963786224442089,0.4011290870209781
7c652118-7d4c-48c1-8e16-d712d8b6f987,0.1288851252473961,0.1504122192463503,0.502395255690599
7c6ff1e3-2f00-4189-89f0-3ec2ab8889de,0.0484041268696561,0.1430823479679733,0.4349272766963354
7c707a08-b18d-40c3-ba26-86e1891f9426,0.0767747085344019,0.0148906717280818,0.3151564084902924
7cc20069-d3cf-49d9-a633-0963a6f80da3,0.0309288003539234,0.0473459158395351,0.3604667854205072
7ccf4d7f-7175-45bc-91b1-a942e50a3808,0.1276928329569621,0.135954092139667,0.4251480182718078
7cf5431e-7fe0-4b7f-88ac-027aed7c44be,0.1060627499491793,0.1266414599388074,0.6054398597151189
7cf764f8-afc8-442d-a3df-37d3130b5036,0.0187992036237609,0.0142868248263888,0.321846227814639
7cfb1a7e-17bc-4ce9-bf2c-6c3163f2d080,0.0251005525304954,0.0429400593338474,0.3437944044916699
7d0368f8-e12d-43bb-8747-662330fbfaa7,0.014629147781512,0.0255759448140177,0.3351076854749677
7d1c158d-d01f-4e48-a5b2-21f22465c6be,0.0302935092284565,0.0409697823815697,0.34990471548183
7d1d8cec-bfd3-4309-bb05-c37e6062441a,0.0598031790601342,0.0825062082624165,0.3869078373674158
7d2bca54-8f7c-4cc7-afc4-580e2de2dc01,0.034461946590025,0.0467407986869427,0.357021940713098
7d69873a-6724-4984-b006-eb76dd63f42e,0.0971085659081167,0.1433830189081222,0.4493358566118793
7d6b9d75-5def-4038-82d3-511b12e1cf2f,0.0414736934019465,0.0328941007508245,0.3412248054834649
7d75753a-088e-42e6-9244-5d1dffbc96d2,0.1005172241970077,0.0345138504625637,0.54647127666167
7d8cb6e4-6281-4bc6-a525-5ec6f704cd5a,0.1170944718010034,0.1129052770269962,0.5581722748527311
7d95a16e-1f61-4e60-851b-ab67e57d3add,0.1016101474499986,0.0558901080329922,0.3978167696531801
7da25f70-3d7e-451a-8892-bba301e90f31,0.036292668780801,0.0130526115514644,0.3112428473218561
7da96064-c372-4c33-bef3-9f0dbf3723f8,0.1117209810446896,0.1253392123050034,0.4266646899120138
7de00784-7086-4bad-ab08-90d3f2db4d33,0.0962872779572816,0.1567622920274185,0.4479783673480214
7df20f4c-8c0e-4b4e-9083-2d43eb71d928,0.0621772443196353,0.1082877686799812,0.3954326693657544
7e02be81-2d70-433a-a7ed-b3755d9410ca,0.1174629718111769,0.1366113851255982,0.4690927989040581
7e112ff9-4bad-4c6b-8ce1-bd5c80482fa8,0.1500914530007468,0.1585130032600554,0.6321194607667907
7e1ff34f-6957-4e7c-99e4-a0d103041484,0.0574557000582955,0.0682133988289944,0.3761326464067955
7e2cd657-4fa9-44d9-b64c-295ec66c72fb,0.0817468985678792,0.1567270486638879,0.4838616611813338
7e5ad147-fe87-46fc-ac7f-04492a1b1d27,0.0438375719647299,0.0371985964249958,0.3469118215407131
7e71cb77-8582-4430-8382-6b4859cd5258,0.0590802118614911,0.1148685674645624,0.4203625572392989
7e8fcdf6-253a-4556-8863-a9d9adc30cba,0.1145333626435863,0.0224117387614266,0.3277772686481311
7ec683b4-db4c-41df-a0a6-56936d34848b,0.0530321802255209,0.1239387590814321,0.4564421977340837
7ec93bca-a657-4711-8a7a-09a014431e7b,0.0298883634843876,0.0350208150824119,0.3659014616784277
7ed2009d-ecf8-4092-93bb-36ad1268cbde,0.0337172485651205,0.03816491610175,0.3377426768109069
7ed66c01-3ac3-4d0b-af46-fbab5436b90b,0.0903561670632348,0.0893395786557609,0.3905533744640906
7ef7817d-f7ed-4d3c-bac9-62d5ac90e8c2,0.053605861452074,0.0539849822945594,0.361335923438347
7f1adb6b-04a2-4b13-b5ae-0e99090fedaf,0.0713890480073382,0.0869498698272882,0.3836919722531702
7f1ed7a4-2e24-44f3-9e77-967ddbf81b36,0.1468110684828739,0.1366729444063119,0.6306055476395201
7f1f0835-f368-4ae1-81bc-81d2f283850c,0.05649303498579,0.0682619007297689,0.3801613915543762
7f41e44a-cb09-43f6-91e3-2103ffdcfdf1,0.0735191660140342,0.088380054114422,0.3964236938000406
7f48b730-46f3-4f0e-9b00-36685bc00461,0.0544578022489678,0.0446304292856384,0.3537420955551517
7f4cce3e-5624-4b23-8618-8b81406ad00b,0.146153755845503,0.1602597459362641,0.4643467498850862
7f66b3fb-46d7-4c2b-a71e-dfd1b698c133,0.1259925139253029,0.1486733216731767,0.4559230514900931
7f79d963-a723-4813-9733-bc634186ac01,0.1345121968830575,0.062753430832772,0.611477299414942
7f7da435-4e78-4334-b2c2-1739ac6f2c4a,0.0497441643619684,0.0621123510276541,0.3566161518117751
7f814a84-0ebd-4d27-a8ff-4c6953364537,0.1146701719330983,0.0826100932320091,0.4409837683867186
7f82c956-566c-40a1-a1a0-b7d2b649c46e,0.0170569203076881,0.0349967693901675,0.3452107012222395
7f993101-6b97-4617-a8f7-aeb4f54f7999,0.1079249648641447,0.0700799104024802,0.5229771492703211
7f9bd35e-e33f-4134-a511-f2788078eb43,0.0172580078614227,0.0191957642410873,0.3344218836159787
7fc82962-f714-4b1a-8a7f-79b18dc1589d,0.0601961739134394,0.106056467556978,0.4219651668985058
7fce03ee-64a2-438b-8c4e-b30325ac938c,0.0669034137199817,0.0215567905317532,0.3303012598189325
7ff4f5ad-d50f-40c8-9fc6-288c5cf29583,0.1085794946998168,0.145279187987577,0.4138735146080789
800f4054-10d9-4b1e-8599-6cf05946b152,0.0369497109257101,0.0324447558748598,0.3433506901569862
80136434-ec17-445a-88cf-9a1ec9682cdc,0.0136636132205249,0.0241087293051375,0.3270377240564996
801dfefe-99c0-481f-8ca8-84c652e0beb7,0.1382999577575006,0.1412363437638974,0.558655263265469
8023fea5-6ef0-42ae-9e8f-a4cc4e279af6,0.0460620725880738,0.1054578293174847,0.4145937483121195
802e723d-1689-4054-866d-cac1c1cb08c4,0.0314356476896106,0.0489889457393567,0.3567718435000969
80335e6a-6ce7-4e78-a9fc-268160905100,0.0418108884198479,0.0649589740669671,0.3775037113938542
80391ebe-cc07-4f22-a960-c97a802d0985,0.1527136241910922,0.1324880600554208,0.619757415609631
804661fa-2bd0-4995-a3ca-9fce6598e34a,0.1004033714776324,0.105349207207112,0.4207787103769875
804c7c1b-1bf0-4af6-97ba-2bb3566366df,0.0766103573484659,0.1189703513265979,0.4266335330312846
8052e6b2-302c-4527-971f-aac85487a8e2,0.1019392020972682,0.0668558335041308,0.4071281098503932
8055aab9-01c6-4a4a-8b75-57ffcdd7b4ad,0.0141355863674135,0.0194345092029613,0.3288141871100409
8074db28-db05-41e8-ac7e-74ed076b3fb6,0.0579188274266623,0.1444528735303023,0.5729694451705473
8079823d-96e8-4059-8e80-6af7a1fbf0d4,0.0472891816005081,0.0500394728625013,0.338481475477276
807cacc2-8b34-472c-9144-4fdafe712776,0.0540620134912862,0.1192039099904058,0.4080766616520039
80907c48-8813-4634-9fc7-729b137acf7d,0.0339720626993436,0.0333528158618028,0.3405112895680801
80a21cff-f178-475c-89f5-0e3814fcb987,0.0289911593373195,0.0519713212702259,0.3620324909703245
80a83462-2cf7-43ae-9bee-7f362fb20a82,0.0364703192759524,0.0252252113525863,0.3239380469926296
80c2b010-89d5-4ecc-b472-e799963e63ff,0.1247095972933537,0.1177128492666597,0.4555113960445286
80d041de-ee18-4d80-a246-8f0255103cd7,0.0035111812267223,0.0090876986404687,0.3004209811826943
80ef3c1b-a628-4141-8a39-79a0f01b4d68,0.0203103928726323,0.0929183962946276,0.4044032606720644
81057b46-5f3f-4ced-8aba-f9a0adad04fd,0.1444513629145651,0.134378590844477,0.459642130006738
81093d18-b1fd-41ee-9dd3-296f4e394f47,0.0132112455940684,0.0560098781928275,0.3719006976048102
81147cee-51b3-4a92-9b45-a7c326d7d2ab,0.0975494958211403,0.0996799211786215,0.4294905433493513
811e6d13-67a9-410f-b85b-1260389a0f99,0.0982806204369981,0.1246199406668861,0.5546973319290694
81245d01-a07b-4174-a2ce-5414a4a67be3,0.1535642015753772,0.0916318849328434,0.4752631215613697
8126103e-d1ba-499f-9a1e-d4656804f7fa,0.154931515985882,0.0829731346181361,0.4959978200425594
81324e31-6ee4-49aa-a16d-bc657fc4bca1,0.1143780715691187,0.1492637878651983,0.5672510564008679
8132e13a-346b-4034-8039-1ecb491283ba,0.1001786220926807,0.0217467502321304,0.5461348849023047
8136a661-753f-4898-8e75-5532741233ed,0.0546791441235329,0.0441546584478043,0.3779853103362446
814355a8-d66e-445b-83a4-115210542797,0.1307632783089984,0.0642917579037265,0.362210874070146
81471947-9829-46c1-906e-b005da3673cd,0.0849369316797319,0.0741545726020514,0.3775482115986971
814f36dc-2c2a-4712-bc26-855e854ab55f,0.1495459790309512,0.1549488387218743,0.5815842172982428
814fe6ab-abe0-4056-8182-c4b5225aaa01,0.0390548713616279,0.048159320063159,0.3528240580414686
816136a8-a255-4081-9cd0-af07ceef891e,0.1525036513486757,0.0935156695497004,0.6003584855831939
816673d3-cdcf-43ea-8afa-8b01a3bd2e44,0.0717516688081127,0.0959066933802458,0.412565171320538
81759920-d496-4858-a166-1aa34113b026,0.11891026595562,0.1037168345428434,0.5856872117576746
817c1dc6-8406-410f-9590-c8cfe80947bd,0.0384765169082729,0.0825606134481009,0.4092387840410964
8185569e-0906-4fe0-aa88-6d1a1b22cc97,0.0885396286828396,0.0503738389307908,0.3547298405287785
818b5120-5168-4c34-84cd-78d891efaffc,0.1034518692369352,0.0325861126695017,0.3440702592982289
81a803ef-5c3e-41cd-a5bb-032b72d094ac,0.0283888451867576,0.0368191782828829,0.3490778221158754
81aae088-8d68-4478-80ca-108d51ab0c00,0.126796590951824,0.0809294585936444,0.4021448362416839
81c1468f-6d68-41ac-bb19-349348072059,0.0899986710548042,0.123559065117952,0.426688503450873
822a1e6d-205e-43bf-bbce-5c41060a108f,0.1190122169613143,0.1466893795123177,0.4545591750433483
82348ee9-a350-49c5-a096-2677f59073b9,0.0396811837617276,0.0891179446629441,0.3873486535961172
82441c88-ad3d-48bc-b5c3-af39321b1ddd,0.0717322067213271,0.0677519681630354,0.3830136383271776
8268e891-05ef-4373-a454-5cd11113580b,0.0152249395741666,0.0284227907830709,0.3710676242436799
827180a2-27cd-40bd-b7c0-16e711ba8154,0.0267976510167334,0.0426651801673205,0.3402407418373861
827e292d-dd60-4c14-8e82-241917686ff7,0.0226373332674238,0.0139273839271954,0.324784695096436
828e4dd4-719d-4d9d-afd0-b249416e4ced,0.1150948618345416,0.0464185689821548,0.5482932740339844
82a20291-baa5-4c5d-a7a4-fcb47f11a06f,0.0050667794724772,0.0088328233601423,0.2688864517865504
82bb91b7-42d6-45fb-86a9-d6518741b50a,0.1065615205391612,0.0223433545044074,0.3198796838026134
82c0fadd-90ec-4f2f-befd-62568403d7b5,0.0399252617314201,0.0629756242310136,0.463334787843767
82c1aa92-7351-4324-a19c-3ff44cc9a25d,0.01370714277639,0.0679803866034771,0.3876076314417848
82c2a9ce-1f5b-49f5-a4d7-e1b62c4d295f,0.0415098857961834,0.1400852793939006,0.4523161111384048
82c4e562-be22-4bd0-8e7d-1f24f08dcc7e,0.0626639379295784,0.057783724835765,0.446679528628421
82d3a187-48ba-4c1f-9aae-16adec4fd557,0.0364798182888112,0.0673076433154567,0.3696522446029082
82d7df9c-2570-4057-be06-c93101947716,0.0279032201736123,0.0277660416479068,0.3352916269996745
82d88bd1-40b5-4eea-8bea-e9ff1fc64fe3,0.1577276432608454,0.133533037074195,0.633415115466414
82e3156b-4e93-4548-bf93-29eb74e81441,0.0932229082749587,0.0510628697533074,0.3213954908623039
82eeb9e6-6dcf-44f8-bc38-fbd7af372c6e,0.0835663819641681,0.0459766722782734,0.3364397846740908
8300c56d-8fc7-46b1-a975-1d34c975e5d9,0.0226301511189678,0.0312902164296458,0.3441159553006822
83182c63-53e7-452f-8e31-dacf8c96a082,0.1581407983236686,0.0380996341142474,0.6354746687553794
8334726d-b48e-4ed7-9646-d407c02a28d1,0.125894754461439,0.1382499740841944,0.4729791780868664
833e534b-4536-4f51-a0bd-ea84304d0c97,0.0254293151597376,0.0291094469951169,0.3314496691196519
83a18bc8-4e2e-48fb-95b0-9fba513a5bf7,0.0585785494191766,0.1184849891850714,0.4142341044153927
83a22c98-5429-4e5f-aa0d-49fe36852697,0.0854292582497267,0.072402108570427,0.3736095953065381
83ae370a-710d-45fe-8012-235de90645b3,0.1485771115688892,0.1579622061088268,0.5693794611394769
83bae198-4d83-46ed-8d1b-99a35cc51133,0.0337821684333273,0.0796272265396866,0.3816672260596875
83bb510b-e988-4ffa-8884-686aee9e75e4,0.0390548713616279,0.048159320063159,0.3528240580414686
83bfaf12-c4ef-43b0-8abb-fe81d6cdc595,0.097607308911581,0.1217498962335516,0.4787085032899186
83c122a6-550d-4ea9-878c-0ca4086e432c,0.0214654632634337,0.0280725132182736,0.3325239913574924
83e7edd6-74e1-4613-b1d2-409ca4f281e5,0.1555209045426778,0.0635154363141386,0.3691877470128275
83e80b91-a461-4bed-acba-04bcf31d75d1,0.0208929838573498,0.0130381910741801,0.3205031486443048
83f55ca9-20b4-4d05-9e7b-4379c0a19afe,0.0121729696737379,0.0186768604886198,0.3274610426950294
83ff535f-3e2d-4d25-8cf2-6efc26e0b856,0.0486465766264172,0.0565621468492891,0.5192254163691222
84020053-7637-4657-a9fe-ca7dcfbb1314,0.1256573307030312,0.1444987359137048,0.6302850478083676
840e7cac-6290-4b7a-a0ff-f7987cfaea9b,0.0164784021496866,0.0368769461163386,0.3559212323185777
841a16cc-993c-42c3-afde-7cb837b201ec,0.1553748412218849,0.0513491079075193,0.4164725553546173
841c583b-2316-42bd-839e-58f2fe5687ec,0.0478181217431,0.0799995944060359,0.4398382159351673
8424d95a-8b15-46cd-aa83-a719aba75f7f,0.124922752115099,0.0693428486856644,0.5328499700812006
84371e85-ec4c-450e-adcd-b9bd2fbd084a,0.0419966950989311,0.0641403649593678,0.3699687811880949
843a36ab-a4ce-444a-8933-6d65eee6b24a,0.0544794025630989,0.1126607172476161,0.4297322134606914
847da0bb-e0d2-427c-bedf-f27c1b4673c8,0.0706447101370438,0.0843564638619979,0.3933083418370103
8490a1e1-9716-474a-800a-94eb35493b4b,0.0556993020528051,0.1008620180468772,0.411596986552848
849f7f4f-8763-496b-b4f9-fa43b2db9a7c,0.0418681113719876,0.0481521494578369,0.3577416482538509
84b14e54-4487-4dbd-9cee-4f684ac4808c,0.0480110936213698,0.0439418967746802,0.3564206896850832
84c521fe-8ca1-4273-ba75-2cf3376fb975,0.0850214693341893,0.1386512319108067,0.5857618959338606
84dd37c1-d4f0-4643-ba4d-b7a73d224d6c,0.0302278691414982,0.0350473230416408,0.3417782347739584
84e219c4-a79a-4457-9e57-10a8aff9ff43,0.0668847100955675,0.0971418128813653,0.4073486125978302
84f79dd2-c9d3-4f09-93bc-cb8e35842574,0.0849079167693183,0.049579200562622,0.379599895604906
84fd2cf3-a466-4789-8433-65656252f79b,0.1089317069567954,0.0486130480208087,0.341758401285208
8514622d-72d8-4402-8920-1fe20ddc47be,0.0120138874251997,0.0396975755965722,0.3586075637312024
85181efa-fe9f-436f-9d0a-0254ed6e7110,0.0780000093741917,0.1450811949832751,0.4528926143558083
852730c8-078c-4c3b-bea0-7c389fd38df5,0.0864584626476369,0.1278098079767989,0.544357648149878
852d0fec-7555-4a8f-a0be-3b53b5133ffc,0.1161038218315152,0.0986657199208553,0.3976240820203957
8533acfd-0f71-4643-be1c-b723a0ebd1c1,0.0553948962800824,0.110653527340687,0.6353008875659172
85354c95-143e-4409-99ca-1e77f275a84e,0.0625158598018464,0.1033498432569014,0.4028922615095044
8539a41d-5296-48ff-96e3-71544af9528b,0.0955231378803179,0.1081039037626242,0.4164305715150695
8554f99d-3bff-4ba8-8bc9-cd2414b5e7e3,0.0590573343213934,0.0754751288623914,0.3860295815521171
855de1b3-0ab6-4411-96e8-14115c1ea5d5,0.1213774591554502,0.1267777496057077,0.5946965011413214
855f3332-46fa-4ec3-b7a9-add5ac326d88,0.1238315650847873,0.0440612537233411,0.3910218257094288
8566f40f-0db5-4e2b-a1b7-9f4476062519,0.1187016870404489,0.0977517041303559,0.4972888359618045
8572cfbd-d128-49ca-8f19-35023d225c74,0.0276857615264919,0.0467360724326677,0.3503630361072762
857f3bab-3b13-4445-a4f4-6fff78424782,0.092803125299122,0.008538852845483,0.3251046397709152
8581f1a5-6b60-4103-9ac4-bdc4a8aed682,0.1171816210041807,0.1630203046627729,0.470954066680161
858687b7-6389-41ee-8053-cdcf83e901be,0.1287778910505393,0.1620213082399313,0.3741084602257343
8591760b-cbfc-4824-aab4-cf46b6c8fabe,0.070219638396272,0.0591338836068401,0.3575391954927785
85946aea-c40a-4028-980b-88b2a97522d5,0.0137029723788353,0.0615775088671874,0.4108431847167461
8599aa69-9735-4aa0-bd85-1f866adf8022,0.0458566026809601,0.0993467064736189,0.4004256161736589
85a66595-b389-471f-871a-a35be5272af3,0.1418649265641783,0.0618785511037826,0.3769905576832631
85a6a09e-f69c-40cd-9bd7-fd3ddfb0b549,0.0451023926303918,0.0929038176024858,0.3954632070595177
85b1c203-16d4-46ed-bb7c-dc686cd4a1bb,0.0087745258369038,0.0381300182447649,0.3398837247807439
85ba13fa-fb34-42f5-b1a6-35ed2a19b4e9,0.0520460234906091,0.0408811593065931,0.3512906841034676
85e669ac-b31d-41f7-8471-73e2415ee8f1,0.1442120914837328,0.1460840507931364,0.5112394337778469
85f52ce2-e4c3-4b36-bf28-b06d1d5c422e,0.095190422266124,0.0567432574071739,0.3552211670139584
85fe0d1a-ecca-4995-a792-eef877c1cdb5,0.1213450742868168,0.1635577362447474,0.4500938087410161
86057ec3-6d62-4fd4-92fa-7e092697e5b6,0.0451595148953868,0.0823471458586503,0.3929648866440355
860c8c52-26da-40e2-8dfd-c5b32468ab47,0.0230466520891653,0.0331318021392215,0.3321865136687065
860ce14e-5b4d-4390-80ed-f61ecaecb1cd,0.0922396189678692,0.0497389497997378,0.3601581000296637
86195690-7a14-49a0-9072-9dde51e45d02,0.0551405335473848,0.0720269591397544,0.3825458201556123
8619c37c-a40d-4057-a3a0-cbc935c28cea,0.1012414981378313,0.1597738479373077,0.5417299422572696
86586d89-f7bc-4309-9807-653cb28e43d0,0.0855445082885898,0.1480353953863613,0.4557926786660149
866bed4d-5223-4b93-bd16-43534dc5c70d,0.0689664525344926,0.041173345135573,0.3414517270272785
869fe8df-fdb1-4032-85f3-e439e6ef1af0,0.0773671142364582,0.0969119849483009,0.4075134617439634
86a9242e-b8c6-4f2f-8830-23c6207aad15,0.028125758793149,0.0278220384628427,0.3327916308506234
86b0b66a-e76a-4e40-9907-944d3f87427f,0.0122684006935158,0.0189397854139247,0.3238138777535507
86c45a33-03f7-4f49-b2a3-e14e9645ae45,0.150808554789481,0.1108608702807306,0.5276754207725862
86d6a311-df64-4b0a-89ca-0ab10bf781e0,0.1209612358930445,0.0682803534926029,0.5503929730589436
86da4455-b6f3-4a22-9eb5-27ab8a7b6a63,0.0570081552120397,0.0867879449281458,0.3916374080985915
86db1cfd-2695-43fb-8424-414a63b26c94,0.051776578868406,0.0526763820631676,0.3357125147441128
86ead86c-1404-485a-9aaa-6b14656eb58f,0.1360394855146365,0.1548441497009992,0.4508470574820931
86f603f8-cf0c-41bf-9b0e-806441347287,0.0498054320212824,0.0862019894351686,0.3922081712538465
86ff7427-93f7-4ea0-a218-6412d9ac3925,0.007746506189676,0.049749380819816,0.3616799831253855
870e115f-13b5-4d79-90bf-3f1d7cffd926,0.1208190573468324,0.0706517443285917,0.5915392690702734
8710405f-8ebb-48fa-9e16-c860139ba15d,0.0105250107357097,0.0171842266389971,0.32755927449006
871d46e9-bb7c-47bd-b857-126b86886d0a,0.0263998782635068,0.0347811193130219,0.356068154780052
873ef5c1-295d-4a7e-af94-9ecb5af6f94a,0.0817071443064327,0.0797174043949215,0.4310638560087438
87464b6f-8c0c-46a2-9f66-88c668652c70,0.021811977571612,0.0096452477800848,0.3258593729344162
874f2aa1-e8e5-43eb-9ca2-a510ec9b1065,0.0090686965539791,0.0264751842894516,0.3330518192983899
87550814-3f49-439c-bfdc-733b951c333b,0.0563098850266979,0.0421427003825672,0.314804532354147
8765e6d9-872d-44ce-9308-f4e10790da49,0.0512114255878623,0.0796132181055386,0.3871946547001568
876cbedc-4bb6-4b75-bbf8-9c0332b233c5,0.0894319168676734,0.0509541311585562,0.3848503442885374
876cf84e-4073-4cf6-b42f-2a4cfb896b02,0.017032143605573,0.015037129870408,0.3251381099381665
877383b6-44ad-4989-8e41-b71ab611c276,0.0621772443196353,0.1082877686799812,0.3954326693657544
877eaa70-cc66-46cd-bd13-49f51d4ab38b,0.0630064275661115,0.0591841718966195,0.3741836435820325
877fc71d-d022-4b98-9ce2-f1ce8aca4df4,0.0129741935865322,0.0127297491572163,0.342511558815478
87a2adf3-ca40-474a-9785-112fcae0986d,0.1552075198096321,0.1337057811572359,0.520914901636875
87c7b321-55b6-4f30-8bac-bb1d6cc897a9,0.0848425556951785,0.0706869341255922,0.3627755708228091
87ded3b8-dbf0-47ef-8bf4-51d9ce41535c,0.11975318035019,0.142765774439873,0.4342619516381414
87f7bd79-e490-47b2-890c-7bf55db9e65d,0.1124341233335172,0.0316696460422914,0.3348690619020366
87fd4892-de35-4fd2-a0d5-33658d312d84,0.0409657786276886,0.0487833460397065,0.3539220387884391
8814972c-f9bb-4429-8c3f-4fc7191d653c,0.0215530760304151,0.0319272193603657,0.3449123166481815
8856b44b-7725-4565-ba87-4dda598e3596,0.0573027205377661,0.1453137803150686,0.4500151130737271
885d92e2-df10-4f91-b2ae-50e22f28b1ab,0.0390411571403817,0.0561078613669718,0.3465266849370637
885e3989-f2ac-4cf1-9227-97351130d752,0.1473088704001253,0.1327978402937836,0.4449217352963112
8866442c-c045-41ab-b59a-599f4dddf83f,0.0453801479614053,0.0178909777022189,0.3230846525395123
888d7e9a-daa6-45dd-879f-2fe6d5d613f8,0.1323551354188847,0.0568605879956238,0.6153393361406948
88b91207-4842-4705-b5b5-a2e98db6c2b9,0.0515804418546035,0.1061640961561261,0.4045494010587414
88c52aa0-8a91-441e-92f3-64bdc7fc37b4,0.0722996084005129,0.1309979230464083,0.5318007877860763
88c5648c-ab2b-4236-9c85-25e1515ef405,0.0999277803870697,0.1522287485503906,0.4649624920848577
88c8777e-797d-4b8c-8445-d483357772cc,0.0551885705543417,0.0658916143546509,0.5252075966064569
88d122b7-8b11-4f56-83f9-242f55417ffd,0.02456811083854,0.0243204723059963,0.3302358288648778
88decaf6-8840-40fb-8d25-c632406d2f9c,0.096767972692749,0.0469511489874691,0.5596710366439624
88e42361-a811-4dde-8e38-560a9e1d6a5b,0.0945015729779993,0.1259545855376398,0.4375750366554046
88e6bbb5-22b0-44d3-ba41-759df09d5c87,0.0339994801946716,0.1160125473325237,0.4273521300934187
89066bfc-9808-473f-bf04-f0aff8f1e5f7,0.0610255418003003,0.0673296521668452,0.3798272228026714
8931a3b3-7e2b-44ec-832c-2e47919dea86,0.0750232982077823,0.1171651381491579,0.410427958115328
89476d12-1e67-41d9-b255-627f01745d40,0.1565288865651292,0.163276731504756,0.4727991653454909
8957b75b-c243-4b07-9cb5-b0ab5c4378f1,0.0795496400128177,0.0326160883888222,0.341843604528936
895eb8ac-eb59-433e-a6a0-ea28874c2048,0.088398977006596,0.1389970892036996,0.4464562191686728
89600f9e-7b14-4806-963f-af39e5005e87,0.106048757510418,0.1442548461647201,0.6008438371386953
89954337-c56b-490d-94c0-9531357ac9a0,0.1344130723343744,0.142853217365124,0.4332892114446987
8995bc57-897e-4d3f-9820-ece5a441b3e3,0.0320774208498918,0.0430405028825974,0.348189308621904
89f3349f-b901-4870-96ac-1ef6ec3c415b,0.0761531444650308,0.1552366488891599,0.4675920439449065
89f7cded-bfff-4a57-a5c6-babee686a993,0.0331450407895987,0.0346661185757994,0.3286645602778099
89fecbe9-c7d5-47de-8b80-02059eb3c75c,0.0920155997738929,0.1189695006131681,0.5541522356949355
8a0eb583-55f3-47fe-b64c-2da820c1982d,0.0428288083235039,0.0878853446682267,0.4217736171361992
8a1565ba-1561-438e-b2e4-54f6ee7aad37,0.029032041099694,0.0410158876845553,0.3828788613366955
8a27c18d-68b1-4341-a8bb-76cfcf7154e4,0.0532661217047316,0.0795931085006234,0.3895345107148307
8a3e5f16-574a-4518-9f4c-813234599d75,0.0915977431751627,0.0980296483042955,0.4504792906862122
8a4ed45a-cfd2-405f-bc29-f5cfa9509fa6,0.0803609459446777,0.1314167265075803,0.440488832110389
8a51a267-a172-41dc-ae7a-25c182fde9f5,0.0851321625310836,0.0863147456836341,0.4018567204465005
8a53fa22-03a9-4da5-90bd-f15bb710ca60,0.0383516447158488,0.0458221605057818,0.3556324624518617
8a6181f5-29b0-418b-a100-b708da610d94,0.0228096533338869,0.0263154596487178,0.3310628876854582
8a62a251-4b2e-4d05-8a05-768fb61dec56,0.0469945858716655,0.1037323194096627,0.4044877074659794
8a7c6fad-b6c7-4c16-910b-dec13986389d,0.0742370232822153,0.1027769145607988,0.4305646158246802
8a7f75c3-1491-412a-accf-1031916e8b44,0.0046546037999321,0.0121209016676986,0.3210113281716105
8a83ff45-12e5-4328-b9d7-3d088e48d085,0.0177778144364489,0.0228968812182126,0.3283545886631698
8a8e169b-6ef6-447e-b733-f352ac39df6b,0.0657613835794343,0.0379203498871857,0.3487886451772812
8a924b18-3341-41fc-a48b-b7028e75af8b,0.0668411996520436,0.1233188623876355,0.6271041653874703
8a962bdf-bc97-4e52-847b-2cfe437a2290,0.1180819356790883,0.1246863538584818,0.5771518864300049
8a990c41-124b-47f1-b3b9-8a03850d6b07,0.154931515985882,0.0829731346181361,0.4959978200425594
8a9b312d-9f55-4867-ad50-c65202566f36,0.0452674607641565,0.069736265044916,0.3679902878835447
8abe263c-d14f-44cf-83ce-50590c49801f,0.0588080723211894,0.0809304488619007,0.4149948050124576
8ae31cd8-f9a3-4942-afef-49a0bc78179f,0.0333629462541873,0.0382061719556844,0.3515477438509651
8aef419d-b23c-4b7b-b62a-c321d04e40b2,0.0985385316907945,0.086218529634397,0.3942371673150148
8af7be07-37e3-42a4-91aa-02253994bfad,0.1436601817308316,0.1426288322302525,0.6206683037724714
8b06112a-5f77-420e-a606-3d0ad79cd1e6,0.1243713138756161,0.0573464286938176,0.5708482492986927
8b0a7583-81fd-4eac-a364-edf30d666246,0.0424118600108332,0.0287308868017112,0.3296009564041995
8b22364b-a940-4159-a2b4-9c95fd51f5e0,0.1201294498627068,0.1589764128880627,0.470936565539055
8b24d032-11f8-43d1-bf13-fe5bf4c745d9,0.1277836992056978,0.0852392365352573,0.392648723715169
8b2a4fce-7fa0-4cff-8fa4-ad88740e43cf,0.0309590529396081,0.0702749317206071,0.3770156818593937
8b50c3b6-9ee4-4baa-bfd3-90f720a2e7ce,0.0555708667587991,0.1041090216895022,0.4062202440932591
8b65b6ad-28f1-4f8a-a33e-7edd5ae43a79,0.0161796813745066,0.0288350198827255,0.3309079389707547
8b8ef5e3-8012-4aec-ace4-ac6767900161,0.006758836467728,0.0051377770323794,0.2998488038664683
8b9ffa99-3b46-475e-bdd0-0a9ff253e9b3,0.1110917716235112,0.1345459876928167,0.6149924291672804
8bb36553-f33d-465c-a051-7a2456e1a050,0.1207861671417241,0.0454584990243694,0.3457278235065272
8bbaa027-6268-4337-a07c-d760bed5e9d9,0.1229873382587719,0.0451561853673443,0.6168540729667865
8bbbf6f9-0921-42f7-aa21-3ab5c918b9b4,0.0544283752455766,0.1370921471362477,0.4521231316558118
8bc81484-6f9b-4aaf-b5df-cd1db46b04cf,0.0576969261145901,0.0659966486299732,0.3776699725042876
8bdbba1b-8144-41cd-940f-e754582db010,0.1368720755559802,0.0873854488217992,0.5130958921060649
8bdc0709-8774-4984-8de0-d9653eeabdab,0.0952039466082895,0.0272517290937117,0.3357990158709977
8be03db3-bf6e-4682-8fb9-75fea6026014,0.0882414568652959,0.082373361653617,0.6185285950580969
8bec1454-096e-404a-8c28-8e0884d6aad9,0.0312313012333669,0.0382046635350257,0.3513729411858037
8c1b0e15-dee1-47dd-a420-0bcf4ac7bfc9,0.0272602045371344,0.0185526900853167,0.3304957545073456
8c26eeca-99b3-4cd0-bf30-4be0930d11f1,0.1511818251155249,0.1061286695015392,0.6242387249711706
8c383605-5b32-49e4-a840-a4c83b98e3d9,0.0706683533320629,0.1110279289021211,0.4231002072440502
8c4e010b-21cb-4289-b737-694b8d00f2ed,0.0366982820647804,0.0608815586946271,0.3716849368677724
8c568562-a124-4ed3-8857-ea084cb5e1f3,0.1546024381700973,0.1166512938460831,0.5634688879101383
8c6621a0-7a00-4bfa-b2e1-456b5e676605,0.1568468591495898,0.0417930575106945,0.6252379174124432
8c8662c8-30af-417d-97a6-9da635cd8e7f,0.115036458780526,0.1443802855482335,0.5018026015138529
8c8fc5a9-6222-43e1-bd91-a291519a5df6,0.1239592149073145,0.0918827741590748,0.477743163933198
8cf68874-4c8b-46bf-a195-7bfe3f166967,0.1219203397265058,0.079579485121352,0.4111660452219949
8cfffa8d-df0a-4f49-8811-e9c28ddb59a9,0.159379159689846,0.0610223788805907,0.5019912575572452
8d05b08b-09f0-430a-bfdc-d6dd29dbb55d,0.0355127645466586,0.0397157320663979,0.3709054138927286
8d18cb1c-327d-4948-9033-5d062f57517e,0.0054935605533765,0.0111262922308946,0.3378805560921302
8d44e97e-4870-4fec-bbab-222c8c7be0c0,0.0631845358365934,0.1016514707836496,0.4097160802078924
8d523cd1-0f34-4d81-9eb7-4f195d5f367e,0.0987694223762204,0.0553385196414394,0.3697147348921935
8d527879-88ee-48fb-984d-a5e0d259e6ce,0.0994557280248021,0.0641122949245539,0.3665344519384844
8d60655e-1c29-4c58-a631-3cc9246f1da9,0.1349324698367261,0.1049492482877442,0.5645316478309033
8d73730a-4dbe-48f6-9278-df99da13b31a,0.0425568728107205,0.1429026269526391,0.5373930540393865
8d86dc4f-0a7c-462f-815f-8cef159d09d0,0.0668068129515315,0.1150380346855037,0.4119925909809019
8db9f9ab-77e8-445e-b196-1ee44849617d,0.1266019339866427,0.0650641882984341,0.6367285810559191
8dc2795c-e029-45af-9335-34ef3ff01deb,0.1392988453795505,0.0148320261056225,0.597015423431821
8dcea866-dc5a-45df-939b-11bdd97ff936,0.0266192175883063,0.0439786342286337,0.3507342688484504
8dd13abf-e723-431a-afd9-169ba9d42031,0.1165527261141001,0.1191314062250493,0.6236247657165856
8df38b48-e06e-4379-a7db-02c74d07d920,0.1046350190819943,0.1059777003739147,0.5021000310405099
8df790a7-d9e8-49bf-8aac-f342be68fed7,0.1107298783221779,0.0942781160742708,0.3867677917575316
8dfaf990-298b-4ab0-80bc-e39e0d3da622,0.0814866100659822,0.0352705208345139,0.365411585637212
8dfd0446-3881-4f58-94bb-fdff36f363ea,0.006599397103951,0.0133458248319301,0.3235936821229052
8e1429da-38c9-4032-a510-cd990ce0efcf,0.0984754630879833,0.1203108757671978,0.4311503819712964
8e434dda-8900-49b3-b55a-ff3e0958e408,0.1130625623832117,0.0618562721166232,0.4234405574015674
8e43b5a3-4542-421c-84b6-c20a6209f1aa,0.1054817252219162,0.1065858274672483,0.3552558073974268
8e53371d-e28c-4c57-a3d6-a33268f4c2de,0.1561791830481634,0.1517744653409841,0.5046834722719763
8e5f142e-2a2c-4c37-ae04-6936bbb7d0ce,0.035273092811473,0.0183884765213503,0.3226246137771005
8e6a4680-6b1f-4440-a0ba-1527477b5da4,0.1105892239889026,0.1041704185355429,0.4557250066936805
8e8331b2-77df-4597-9295-acdbaf27f9bd,0.0190618211918807,0.0117109797301904,0.3440246893260999
8e865660-92c8-4175-bcae-29c64182f2b3,0.039212961346502,0.0693519578999176,0.3803376135406943
8e86c531-d451-48aa-9d76-781c2c0cd978,0.1193756056480595,0.1038627952762597,0.610866031320703
8e8736ec-da80-4e33-a98a-2f2400cf0610,0.0790420107984455,0.0542088010477478,0.3594697560358924
8e9cb5c9-fd81-444b-8301-2a6e1effd03d,0.1441002743253832,0.147640512652314,0.5891524721694199
8ea4d44b-5258-46e1-8081-af309da9dd34,0.1387475795612241,0.1353530991722428,0.4851158979595355
8eb47cd3-c8e6-4670-bec1-fc4cae0320e3,0.0478729297448426,0.0443222607945082,0.5887085471970642
8ec8df82-470c-4c97-820b-a68db92d51ea,0.0159973792018314,0.0254859344766098,0.3342128788171442
8ed244a6-a8b9-436c-995f-abf3a09a2c55,0.0424366999402366,0.07317188110428,0.3786513291994356
8ed6e8e3-1f23-456d-a667-d3d4b21f64f2,0.0943999934681255,0.0889483821212164,0.3905098959964025
8ed6e9db-0474-4826-8159-f571ca8dcdb2,0.0947383020476178,0.065214317127975,0.3747744276637315
8ed92127-b90d-44d5-8cdd-7a808c8cc8ef,0.1405245008464777,0.151540979660112,0.5434645242282534
8efb1828-2ba5-46a7-aaa2-f2dbfd6c85e1,0.1465217718276013,0.0329441229975181,0.400043591408579
8efd8cff-cdd4-49d0-804d-7dd1c22ba375,0.103841099042971,0.1340198854682843,0.4253087829309298
8f2587e7-5d26-4e1f-9acf-dca14f335a3b,0.1411983048051289,0.1570083760110406,0.5242780865345947
8f4476df-30cb-4808-a4c4-4b4b673c0d5c,0.1124195615751995,0.1126664022968086,0.559901255576328
8f555dc6-ed15-46fa-a3e3-66185cde2da6,0.0221283364235269,0.050771676330561,0.3761411597138011
8f571561-5d41-4864-aed9-f80a3edc0096,0.0456752017304029,0.0304832785396436,0.3451144862933345
8f766523-0c7b-41c4-95c9-ff415984ec3f,0.1531614908531162,0.1588877958459517,0.4947039231565392
8f80c170-0f83-4d12-b10c-03663242710e,0.1468067353154785,0.1334245711088242,0.464480649204836
8f8a8c8d-f201-4c64-b5a1-7d322ab3e297,0.1188293932493716,0.1413851032696302,0.5606864437266353
8f8ba8cf-056e-4cee-91f0-d55502d87591,0.0098915817853162,0.0217385961620545,0.3312996094929472
8f9af62e-c522-4ad6-882a-7f453ff5d7b7,0.1534940314473152,0.0644333000699274,0.5114040514608975
8f9db22b-efb3-45e0-8366-8c773a248215,0.1378050483246058,0.0312744078833449,0.4113222134816194
8fda2fde-c6e3-4299-a558-df601a20083b,0.0893264667935006,0.1462994292146118,0.5190113107400361
8ff8da87-286d-4123-9716-c761d87d4f03,0.0914537915815102,0.1237078779465568,0.4343002509692365
8ffdb0e4-187d-4d6b-b65c-3c16b813f7b1,0.0704847563037108,0.112873641220668,0.4117285289150867
9019f2c3-bfd6-42de-b046-8f18c1f3d8de,0.0361384248989852,0.0452196997159269,0.3546212809463624
902a3771-bc91-461d-97b3-1e7f868d3e19,0.0445540021586575,0.0441933785424221,0.3565270945629896
902ddb1d-56ac-46fb-b4f3-aa518da96748,0.1314824291850122,0.1419589802646767,0.5872947747070224
903453f5-4487-40a9-acaa-14d9c6ee4bd5,0.0131583507091314,0.0906992406751856,0.3995827528701786
9047bdb7-9635-429f-9179-eeb7e3abfbf6,0.0567170256936926,0.0792503874197659,0.3798591457231909
905c1086-52e0-45a4-b5e9-828e42df8365,0.012491287163739,0.0300624821267751,0.33365887242236
90672116-4200-46af-95b1-ff4b6026d731,0.0558699958143544,0.131442264532516,0.4360640108796639
907581fa-80b5-4cd7-bb40-fd4759f8055c,0.0838840825124005,0.1606653248165164,0.4660238100759057
90776528-db11-4f09-ad41-edb9e53ffe36,0.0281965481889607,0.0418087947637215,0.336803308692354
907d1594-3994-43be-9f84-21cca640f0b6,0.0503103923134124,0.0570190549838878,0.4759587787009838
909eace3-af45-4d36-91b9-2f081707340e,0.1267422637402328,0.0964375159465062,0.5401089058768866
90ac46c4-accb-45d0-ba5d-b6492acac0e1,0.1512842753928255,0.0913027811372031,0.3834511002355905
90b8efea-e18e-47a3-b5dc-fd013971f061,0.1058490297444733,0.1004312422662155,0.4129731624883903
90c81184-bfa8-42ae-b198-bcc1fadd3f10,0.0869771114596857,0.0812435038834598,0.3906154360786478
90cde474-6a5c-444f-94f7-e1a98759e4ce,0.0646724198098388,0.1427207952137973,0.4473010354318488
90da8469-bb9d-4716-a33f-88543dcfcbb6,0.0177584893863704,0.0281297863413939,0.3390679341683127
91029b28-6086-4c4b-8f82-267e7d54a573,0.0695679230250705,0.1136955774042453,0.426324592223842
9105a15d-aafa-4bab-a851-1c7075113526,0.1400838577473723,0.1370917335843834,0.4489136140708363
9106ad90-e80d-42a3-9dd7-b9ccc4cc4c9d,0.046264669582207,0.0438198156205267,0.357035747914323
9125983a-2675-4c89-859a-d2c1bc19b34c,0.0260694897357303,0.0169377087922961,0.3151076907335456
9127638e-cd3e-48f3-8656-961f57f16a41,0.0699409197948408,0.135075642948531,0.4838563900590921
914281bb-3e8b-4598-8ece-c3b06dc74afa,0.0496398373283303,0.0619846584035233,0.3553479982828207
914cdb7e-fa40-4d41-b79d-194634a9b31b,0.0182316091078802,0.0966399120909841,0.4089677664824478
9150541a-9ae3-4a93-8932-dcfaccca1518,0.1247734785774211,0.1416568460522909,0.4551580738044681
916d27f4-9a13-4a66-bc65-323c9358fc53,0.0121637273391658,0.0181033579293429,0.3299007090171594
917c7df5-e6dd-4c85-89c0-306f22f260a6,0.0415350473992158,0.0871419483143889,0.3940784280511955
91904214-4850-402b-ae50-fb3d90277462,0.1229099934056958,0.0926475138221823,0.5768154084512651
91b985c4-08ee-45ce-ae92-dc34544885eb,0.0549843776939846,0.0667758890508542,0.377489922015814
91ccfc4f-95d5-492d-a120-75b6b9ec0311,0.0412640579820874,0.0561935230386435,0.3516981275275379
91e49906-29ca-43ed-acb0-a4e5d98ac62b,0.014814809213462,0.0273484557870889,0.3347529512965172
91edee3f-1714-4c28-b99c-7586e34f4534,0.0314597291391779,0.1091372409969799,0.4166976003397666
920b1f0d-1433-49c3-8425-46b4deb7aa54,0.1218477387683903,0.1580356283239002,0.5610087433168199
920bde27-034f-4db8-875c-70e1b8e66f9c,0.0960559103396064,0.0976761608383938,0.627445108149777
9212a231-df63-4da7-9d8d-e7af60961a8b,0.0546203079983588,0.0745993250447,0.3731950371437205
9213ae3d-411c-49ed-8e5f-a8c2602975fc,0.1327584255117974,0.1189877197725484,0.5227216848871566
922b2423-fd90-45a6-b79b-6a67035bc5f5,0.149040144043762,0.0496055807093079,0.3867178285595298
9235f63f-2de9-4401-8f64-6bfe4a24d1ad,0.1132056051545855,0.0545664629164623,0.3621744258148682
92446fc6-d972-4fa0-b385-483a33af41fc,0.121425689275403,0.0918753327913747,0.6164449305704932
9261650c-c177-4c7b-aec1-8f65ececf8b7,0.0850613056599245,0.1402307490681542,0.5216020809584054
92658a64-1635-4472-b0c2-e01d3f3ee165,0.1258584237592675,0.1568742460875523,0.5662517535776641
9276b357-1449-4b2c-afc3-9bd145d30166,0.1575813591344206,0.0943176387042543,0.4211265291853615
927d4f88-b8b8-4ebb-81bd-151c8d306128,0.0210377321389123,0.0315730883800096,0.3412931579937309
928cd359-47b2-49df-8d81-4a1e804801c4,0.1246133131060738,0.0326332188159045,0.5285932014208464
929fc4d1-db0f-4fdb-889c-f33f1a462d4f,0.0616287955108842,0.091455336686923,0.4036385087432316
92ad54f1-a967-4025-a111-f6767c373147,0.0850304758483492,0.0636865493386015,0.6175944216314696
92adf415-d70d-4a79-9964-b05e155543e4,0.0322163697128386,0.0264126689782555,0.3216155976251192
92b7ea42-5593-4b6e-a16d-f77d5170fb2e,0.0908381344722864,0.0754726342026008,0.3752849428727993
92fb04cb-46dc-4674-be6c-debe8beb2ade,0.0154187668563293,0.0369394134290481,0.3420524417692178
931337d5-3e20-48ef-bfea-38fbaa99a279,0.0609366449483065,0.0686081013553284,0.3752181440774935
931f188f-7791-4301-a476-df997ba954f6,0.0654105672902675,0.0558771809444982,0.3636903740435793
937264f2-160b-429f-8e84-1b576956e747,0.1522863295641024,0.1153947008000407,0.5089040779302378
938262aa-7856-43e2-be0d-0514a7adeb0a,0.052768832409377,0.0352727092486673,0.3260526884667042
93892224-4b1b-4a62-8fdb-7c40c9899ade,0.0565708030814565,0.0714445286147004,0.3823494346626952
93b15f3c-b6a1-4e34-bc7f-3e742ce52a1c,0.1278491833457745,0.1345889367201255,0.4401834048186053
93b8829c-c2d7-4191-9041-0223392ed9fe,0.1345970703460719,0.1198430549639758,0.5950870337915358
93c01e96-17cf-4b61-aa7a-d42f30f527d4,0.0614491343967475,0.0778983258589832,0.3676285171876969
93ce6ef9-507c-4e3a-b6d9-a10f6c28cb72,0.0390848622405717,0.0656940909030873,0.3743643000662714
93d06343-851d-47c9-a716-b6986c9678d3,0.0936943022426926,0.1387476931421482,0.4463293429749975
93d8a03f-1317-494d-a9dc-c79f6223dbb2,0.1272098013420175,0.023732560385269,0.3930965139978905
93db6fb4-64bd-41bb-adef-cc86e8cb5439,0.0411901104283029,0.0982466136664107,0.3731165822075858
94270edf-77c5-4265-9bdd-e9b37f4d2f65,0.0314614954763301,0.0805394884906541,0.3942552878972828
9433037c-ce1f-43ec-9e5e-6d4734a117c5,0.0471157900304973,0.1080337309221202,0.4203589355145851
9436a8e7-3a27-4dfd-89b9-15080bcad232,0.0877235731428181,0.1561289610490266,0.5794085004126455
94451741-41c1-4024-a114-20365668f782,0.0515812482246093,0.1547700034539449,0.5403399625389254
94655fc9-c574-459e-bf90-a240a945c47e,0.0565801690548371,0.1032041882483636,0.4040622727540897
9489a419-eaa8-4565-ba58-abf6829f0a75,0.0865488105970007,0.0559428013455481,0.6076755824993074
9495be88-7c71-41fd-9078-921f47dece0d,0.0824451566673955,0.1075548133740793,0.5797388024145574
94ae2eaf-acf1-49fc-871a-616c48b2df29,0.0367404302308057,0.0617963887541976,0.36907202608059
94b56ef9-7425-4fb5-9878-3163e1ae2ba4,0.0911113201572605,0.141564176470389,0.4278327539561206
94d265f2-1ca5-4dfa-94a4-3e58f72f386b,0.0389928329984935,0.0614445413342215,0.3697214603113139
94d2a88d-6c22-4bec-ab22-c0a1261cf887,0.1041643047938959,0.0987801695890009,0.4962504495347625
94e14365-e560-43b8-bb5e-240d5d0b9fe5,0.0202198494018727,0.0098989228687916,0.3133576427863642
94f02bdc-3eec-4a02-99c4-dfe0a224552d,0.0648763879234224,0.108664025223202,0.571830135988175
953817a7-19b5-40b7-87d0-c8d84c77b0ce,0.1283025915739112,0.1507448312888013,0.4724822549348602
953fc929-cabc-4100-9fe1-3446847b0d10,0.0440436451790792,0.0286416384929459,0.3267932265206115
9560be51-8f7c-4bdf-b9d0-38feb8ae2813,0.0557414156951128,0.0929890012763644,0.39414797126937
956132b4-d9e7-4075-be3c-d36833abda62,0.072234413454627,0.1180193341734124,0.4260997059700224
956da120-050d-4445-8992-f04e9af9e594,0.0902015829703359,0.0940644232069882,0.4487082477094645
9590d677-23bc-4a3a-ad14-bf409ebb8a91,0.0106471385584956,0.0135299974047369,0.3165024966003427
959d5689-49b6-4f78-8388-a8500b3ae5a5,0.0338233929552176,0.0322414128661373,0.33772460211367
95a4d146-ec6b-4157-bdde-62b4837674f0,0.0692073293730871,0.0775148170152543,0.3870832097248213
95a4f721-dec2-49e7-a15d-72f73955ed47,0.0795869691153149,0.077897412361693,0.6281764451453641
95b401e4-97ef-4b87-8c9f-4e5438f736d7,0.0071442604934655,0.0124324963211145,0.3521560667995927
95b87411-463c-475f-987b-88913503bc4f,0.1459847494249387,0.1293499332627521,0.5231704597003286
95d0cd52-8d04-4508-9415-daff2e86f94b,0.1107587435692673,0.0157086929583569,0.3218057604461881
95e28564-82ad-4809-bb18-60ce7f1c7ede,0.0863002590731525,0.1081473311337138,0.4166387737105505
960640d2-369e-4baf-89c7-340aaaf81a6d,0.0326296261974849,0.0758044998448333,0.4072807065806818
962d1bca-cd87-4c36-81e2-636bb8fd3b15,0.0375786203322043,0.0500232666631712,0.3593994572987217
9649df00-47df-4d82-bdb2-1e72354a2b24,0.1116945279249765,0.1494852618133549,0.4710504988232092
964f06da-30ea-426c-aa1a-f48c26ee7163,0.1018413503585559,0.1379428348624962,0.4387055464460812
96603247-5178-4d4c-aca6-f33f6505a8d6,0.0099263583656285,0.0171016436250435,0.3228860280767679
96605b13-3c79-41a5-aa42-8aa111d2e5f1,0.071110643938246,0.1522852026131425,0.4648244285299698
966e135c-99a2-444b-bc1c-6e6915b68a0e,0.0314267404130218,0.0404314376000258,0.3394263853826659
968a21ed-f093-4995-9d0c-3f34bbcb59fa,0.114084500586782,0.0508275093233939,0.3533232334253041
96af483e-6f41-419f-8d92-d7e6c2479498,0.0233219792401333,0.0368842228186891,0.3403426628602388
96b72f63-b64d-4d20-be8f-98d3ca4bb9b5,0.0985228637626958,0.0552605549649087,0.5057098169233845
96c80a5b-7706-4923-8d15-ccb3cdd0d708,0.0806465020715382,0.1276261629403762,0.6177656984570865
96db13d5-d4a0-4551-a862-dff458203f34,0.010051748254372,0.0061493264404816,0.3130322447872783
96e1c3d4-8fa1-4c41-b7b5-6d407d926847,0.0953982535035125,0.154143150339693,0.4464465643663593
96f3c1ab-4bc6-42cf-8138-b0f23df60d81,0.1513547668007337,0.1035848316641159,0.4226475753704832
96f77790-a1c1-4f1b-8880-7d00ca4137b7,0.1225148852478946,0.1417324905124624,0.618483764985656
96f9fcfb-7e5c-45ea-b730-1192ec9034f6,0.1442631080505626,0.0702481059189075,0.357801637008539
9720468d-d90d-4cce-bb4e-cf1419ffeb06,0.0597212443186778,0.0954238940895252,0.5238229950823808
9728cd89-21ed-4582-99c3-40ef58f43476,0.0839802642086321,0.118342467466406,0.4594278622725124
9728d02c-fc61-44b1-b7cb-b1149ec0cd0d,0.0113995727679687,0.0218386284860351,0.3321583180344177
974d4882-2314-45fd-b73a-9786b6cb2b1c,0.0489851194002894,0.0426693349298444,0.3441752093593217
97547901-d88c-4a85-8506-5955314e25e7,0.0388306298184234,0.0500345075161481,0.3548778235082577
97766226-97c3-4113-bad8-ebf41d2884be,0.1356385977511377,0.1325701315337979,0.5180196226567104
97939c39-038a-4343-b741-1a80f392558d,0.0127000832316935,0.0208590083136315,0.3235153854975869
979d9588-f7c0-477a-ab23-96d1a79b2a48,0.0186518623991066,0.0257775217551506,0.3365510144397747
97a45fd5-1e9a-40d5-a4bc-9f512e86aad3,0.047194875839047,0.0475936142343839,0.3504453971666027
97c02397-9fef-49ef-82a0-abf0f6733a52,0.0996238633284577,0.1003234007055049,0.6367848155137236
97df3544-a54a-4c67-8eb3-151e91bff08a,0.1097673066308032,0.1584195343130822,0.5331580228168433
97e17462-667f-47a9-a6dc-c84b999ca2ce,0.1107339245839331,0.1388976667514696,0.4510669589303221
97f6e69c-ecbf-4da9-bc2c-9a271711c6dd,0.1036074440418842,0.1077478554820364,0.4392608073190205
97fb472f-b426-43cf-adc1-cfc0ff291090,0.1431102468003189,0.0593170659172364,0.5439699596463835
9834b1da-a9d8-4a73-b254-97168d25dc72,0.0191305751562614,0.026994458572091,0.3203708253660061
984192f3-efb5-4f5d-99a6-a57556d07fa6,0.0384669417338776,0.0589745621461018,0.3622243410499387
9846e23f-97bf-44e7-8ba0-0a9640ea0649,0.0921646359499485,0.1355587433010428,0.4723753205376461
9851d478-0636-4c6e-9a1c-139de4cbff7d,0.0672860042816803,0.0427688849935585,0.3786013223178477
986306f8-03db-438b-9c04-c1dcd71169b4,0.1394926971081917,0.0229301326149916,0.4850770955723442
98659a4c-bb05-4ce6-a221-09b9cd0901ce,0.0585564667274983,0.0200630504968089,0.2987736116172699
986ef93c-5eb1-47af-a063-7f84eede3d50,0.0709219809875379,0.0528988841888897,0.3761296490928337
986fef5f-2058-491b-ba2d-b013702d145c,0.0394533669229677,0.1127550693374111,0.4228125140758669
98754349-54c9-4425-a181-072f93e6be4b,0.0710411257016554,0.1220327095327848,0.4179752717773355
988e25dc-ac50-4c9e-b45d-434cd8c50f46,0.0408600108800295,0.0342978971286792,0.3361894331505942
98a85b78-abae-427c-8282-a20758d4a5d5,0.0109236891100538,0.0283683382481068,0.340682869031884
98af6423-7532-49ee-bac3-3d5b309dc4c8,0.1154112991486467,0.13687397873237,0.5696764562642808
98c26cb9-ebb6-46a8-aec3-d3335b28bca2,0.0048744932613632,0.007785015440904,0.3192171376844044
98ccad6b-b1e2-4ec8-9652-9c4a754d8e3a,0.0833900523056035,0.0962492893228188,0.4284299729958915
98db89e5-b38a-4c8a-8c60-9d86852580ad,0.0147248168294903,0.0255752310981818,0.3227077093250268
98e86c6e-c250-48aa-a4a7-86ce890b8afd,0.0905840621575464,0.0650794818992286,0.378860979232733
98eccf0a-9d55-4a52-a595-16f5df8d7a32,0.1282769992393005,0.1012699894422095,0.408996720651971
99235947-e4d4-4aff-b761-72938897e47b,0.0140600259249461,0.0217246679093373,0.3290237872466146
9936cddc-38cd-492b-98f2-e35376a94151,0.07052457968582,0.0770422124146581,0.4811373631899722
993f0015-a71a-416b-b74a-de1b30ec89de,0.0999124206240641,0.0777259177516315,0.3851961751677525
997b25ed-8475-4c64-972b-ce46c0e2dd10,0.017982769033063,0.0231650400550159,0.3329583570536958
997d14d1-2e0d-4c8e-9003-adeba686f560,0.069092602634329,0.0724071478121205,0.3537814615881943
9991c938-3ae4-4ea9-aad6-7f57d10e9560,0.1532747290376793,0.0478718569902387,0.4903766744928395
999949d7-262c-444c-9940-c5949cb64da2,0.0271017990015506,0.0136387489683136,0.2950174753479933
999b60af-aeb1-4809-9c03-502acce7ccf2,0.0997325957758177,0.1582155390386382,0.4703018247399957
99c4a6e2-a694-4908-8bbe-f2679d716d0c,0.1015960432196891,0.0810878899900591,0.3967993499041991
99d0f89b-9436-4a61-99cd-a855a14fde0d,0.1302559824083563,0.1225838269579232,0.4263667712303277
99d65887-17ac-4c3a-949f-4f34e55ffe25,0.0338676487249339,0.094288089415678,0.4037661119498492
99e03fab-33b4-4c2e-8abf-211c57a1ddfc,0.1195850911175023,0.1323504608703617,0.4412232106524051
99f6b590-0cdf-44e8-b878-ab9987d37df1,0.0067569114299445,0.0136244833096,0.3215816109678771
9a30adde-d1a7-4314-8534-fc6e5fa68431,0.0324035635232516,0.0522617769174498,0.347867583859421
9a38aaee-7b76-4140-b43b-2c0886fcdd23,0.0665486145159831,0.1253251737291881,0.4247307996986921
9a76e950-5770-4584-b423-a1bff04e08f4,0.1039722458821752,0.078014726609436,0.4056861889274262
9a845e81-f447-4b93-ae10-5b27a979011c,0.063903392935512,0.0642481290710505,0.3654802143915834
9a8c023d-8b22-48e3-8b37-35920d255098,0.0708223821371317,0.0493217287410937,0.3678935565853921
9a9240f0-1dea-4e81-ad02-237286533e00,0.018154514069989,0.0112010115483725,0.3317055009764136
9a92589f-e7f2-4bd5-a835-7681b092f324,0.05526138680527,0.0578731774562462,0.3672317372761182
9aa40ea9-e666-4eac-8b2c-0e39181b84c5,0.0265354401138859,0.0330375309192246,0.3407141049516743
9ab1b817-44bc-4259-a77b-e48d215e1223,0.080374793262698,0.1087442923403109,0.4144167328393067
9aca8144-d1ba-448b-b17b-1e4743e931a8,0.1181305416120809,0.032797156494392,0.5367652186206082
9ad7ee43-9f30-48f9-9e2b-746002443ab1,0.0905029943750554,0.0960912518827133,0.405843194335823
9add29ef-a443-4886-bfcd-380617478ac1,0.1544675817679613,0.0526326272116912,0.561591571916612
9b00efb3-a235-4471-88c2-1856e86e2697,0.1024999088774038,0.084966317293921,0.4219489195759421
9b0b6702-17a7-4c1d-aa87-1154ea8715bb,0.1481405667807594,0.1524495524293383,0.630144600220742
9b0fd7b3-aef0-448a-b22f-abcfd599fbb7,0.1445273955320949,0.1544651482116155,0.4594774781127905
9b1544fd-9f97-455a-81ad-0e5e32a06931,0.0308654602167004,0.0202492542463191,0.3322967972930473
9b1a11f4-9f73-4374-aba1-32f9eb98a0a3,0.0714451263135336,0.0465465335164785,0.3409669046525728
9b3afe4f-fb20-42cf-8ddf-1175d11422d3,0.0444489298681346,0.053203654141167,0.3540113878228315
9b7f154b-74e2-4248-8ce5-1e4a7de7fdc7,0.0909006163298755,0.1541028134023735,0.613751071618851
9b833f18-2f0c-486f-ad24-0e9f6bacfb6f,0.0833662994462431,0.0224750056447767,0.5250056910401926
9bbe05fb-ba10-450c-b103-4177e4d387ee,0.1191155119616456,0.0794211178310896,0.5141175149761725
9bc3fabd-17eb-4192-9439-8a47bcfdb2cd,0.0256102655009332,0.0438751448359644,0.3551958565439271
9bd22c42-4a47-4486-9c34-ada738536bc1,0.1445971610195893,0.0973284633579774,0.6099534209786771
9be9cad5-7137-4191-90a7-6d692d52b4e5,0.1383448577057603,0.1538428123714253,0.4691354071681513
9beb473f-1bfb-492b-9421-9852513eed05,0.0514239967201076,0.044180812757231,0.4076554424047731
9c1ee64c-1fdc-4885-bcfb-01ed4bbf5a41,0.0826622782617342,0.080999016764028,0.4266822295451927
9c22a59d-29e4-49c7-8bb6-d904c472d6e2,0.0263607529567606,0.0504674795771361,0.3275843528289736
9c35edc4-5aa2-4892-ae61-52ddc3f84ee9,0.0296757146005627,0.0307521476405415,0.3386615825618661
9c3c4259-edb3-418e-9dcc-09eb2408bec7,0.1350374391487112,0.0951114592024645,0.5649738082990577
9c4161be-af33-492d-8356-eaefef77b1d8,0.1479114581752912,0.1430205201022152,0.636307188689731
9c479985-7aa2-496d-b0cc-23143736cd59,0.0920029058688155,0.1130889120967937,0.4107357400654702
9c56d85e-dbf7-4c23-ac9c-97b4e713b930,0.1434205271305927,0.0653257683956214,0.6271310150002546
9c59129b-c422-4d7d-9623-de7bc35b25c9,0.0330664463704099,0.0109481616597588,0.3246549777757486
9c5a30da-c50a-479b-b83f-9c6edf152c8a,0.0210907146631315,0.0206253806358257,0.323338325721701
9c5b8280-4c19-4ebb-9229-d27e511505ea,0.1103647194683527,0.1252401558313131,0.6184590387599354
9c74bd84-cbb8-421d-af29-bd860d51c97c,0.0136116985980268,0.0080641777055489,0.3242535709967984
9c7ad650-5622-4dfd-a542-f35d37af84c4,0.1132732223815237,0.1293518026394949,0.4292595964605541
9c7b3693-ba6d-450c-8426-0317b808b82b,0.0350452741610274,0.0529442877589469,0.3650532995705394
9c92f231-818d-41f1-8bf3-21f02fd58b67,0.1543979104442078,0.0566873666352161,0.4281056418509256
9c96cffa-ad12-4fb0-9720-bfa616965944,0.0886908404550328,0.1332591584527519,0.4601453464186994
9cc562bb-5349-4a0d-9b19-88aec18ab713,0.0400190286977949,0.0380982297422648,0.3444687392650751
9ccaeab8-a363-4191-b54a-bae12d7fb937,0.0769556656690699,0.155368720659297,0.4319203138756935
9cd1196c-742e-4014-84aa-8b9afeada343,0.0593369126699557,0.1503741315127381,0.4863017029331751
9ce7007f-9197-4b56-8eae-95359cc52891,0.0998375221793537,0.1392096183306894,0.6200364862174094
9d019cfb-d466-4d00-98e8-8e16aa79fdcc,0.1320599066592303,0.0686199244317028,0.3547825533707537
9d0e2763-c9c3-422e-b088-36a88ea6da8d,0.1422092976270939,0.0556970961035682,0.3512892343273163
9d24c033-6361-4a7d-b123-a39d6d529b10,0.1200665880943469,0.0550923930668085,0.3639505611398872
9d28bcc5-696e-4cfa-879c-ef93009343d6,0.1061426402980912,0.1571251955440904,0.4407233675888339
9d3358d6-585d-41f4-9091-a5eaba0c34c6,0.1370143826054028,0.1472412386304026,0.4612824452968785
9d4a3c24-0087-4368-b826-0fcff30310fb,0.0929986877581403,0.081803684688241,0.5633494544746566
9d4b38d7-ba01-4b82-9d3c-e7daf85dc904,0.0997029488313152,0.098915129615374,0.4826961000154552
9d63a120-86af-446b-86d8-178e4abb7573,0.0440436451790792,0.0286416384929459,0.3267932265206115
9d700229-825b-466c-b4e6-ad803e77a459,0.0409705427368308,0.1097568972352476,0.4329121734589784
9d767ad5-c14c-4b9b-9414-13372d83578b,0.0702040233355217,0.0120953642865528,0.3102687498938265
9d9dd25b-e04e-4dcf-84b1-46922c405f83,0.0792501781336483,0.0475176789877253,0.3463982365037521
9db1061f-d93c-4db2-b38c-735db29220d9,0.0964963823917382,0.0656736343846418,0.3773733815415171
9db47fef-b549-4bd8-bc70-899c1fe1b97c,0.1279160315190075,0.1390204759763638,0.4622919787309419
9de9c3f6-2918-46df-95af-51ad0cce5081,0.1311101242527184,0.1570491054654754,0.4799684263563905
9df9b603-1460-4059-9cb1-fbea678f1617,0.1079276219173484,0.1324565358285811,0.4445609165319413
9e02352f-bc26-4410-b01b-f290f89f8651,0.1044313800388284,0.1034290826485064,0.4173053124257093
9e10d1e1-c286-442c-976f-93494b37720b,0.0303882087176175,0.0176564185351318,0.3352588416999487
9e134c04-8a8e-4ed5-8d53-882141dcd00a,0.1182048520872475,0.0732749416466311,0.3828915997020885
9e307c8e-32a5-4ed3-ac3c-0567d12cb9f3,0.1045488713884343,0.1166209533240256,0.5698005672225909
9ec0ab28-2872-403c-adf6-37ea8b4fbedb,0.0956284056588088,0.090703840290588,0.3586671926997151
9ec331e2-16a6-4498-8560-354d2495bd2c,0.0211942627155205,0.0157624834724258,0.327769906917023
9ec63c64-39d1-40e0-98a3-a49f7d6c8b8c,0.1263386206359643,0.0557991408298779,0.4660912738669786
9ec83e09-f6b2-42ec-854c-a256ee7d0ec9,0.1143126063735222,0.119417659886365,0.4611800473466513
9ed45eac-7600-437d-b315-a597ea939ac5,0.0714255633823581,0.0396843726371581,0.3464688941529518
9ed9279d-378d-4a3e-b50c-f64e92443162,0.077870316031033,0.0048255589887289,0.2975250968891753
9ee79da5-07a1-4a19-bb6e-dd19c9912952,0.1090681842401236,0.0406101874273315,0.6122194249069104
9f05ea45-feb6-4116-a474-9db8c3c7fe82,0.1247383402308603,0.1120478692671741,0.4196831497151694
9f1edcf9-26dc-4196-b3a3-70f7e9f19672,0.0742435807813728,0.1546568621684286,0.4742821106634283
9f41a4a3-a71d-41d4-8ef7-3a2a61b70361,0.0843740032721406,0.08608665452765,0.3904349117039967
9f41dfc0-48f5-446a-86fd-4985e53735af,0.0627618611545056,0.1410248256840687,0.6142354924254101
9f4329ac-90e6-4c28-81f2-40ef7c181e27,0.0807441666334882,0.1547960185654651,0.5645589859058365
9f4efe82-727e-4e0d-9f7c-2ae988e718ac,0.0380602015280919,0.0740106097500205,0.5041959482987284
9f7a78da-9ef8-47a8-a094-74d7ad6334fb,0.1213303678096222,0.0676366821329374,0.5718926233247038
9f7aac0d-c2b0-4b1b-b995-f6237d725b79,0.023031356591488,0.0496345401236274,0.3552791330420643
9f8bf8a4-4d8b-4f28-9c9f-8c4e471ad343,0.0954241277866075,0.0760785802258111,0.3769688029598966
9f9267b1-f50b-42f6-9c85-3f67d995b882,0.117560090968622,0.1074286759268993,0.4083174714237961
9f97738a-600a-4896-b587-906d793432bb,0.0275624955986736,0.0471593527211072,0.3746822437868984
9fdcce9b-f513-4a21-8d9b-c73bae8fc2e2,0.0508079489141837,0.0272208244212296,0.3599393118265019
9fe1d3fa-38e6-4eae-a3bb-b1d81250386e,0.1547955749383754,0.1142814109389758,0.4369508313031782
a001cf63-1645-4063-95f4-fe2a9105b4d5,0.0600803258865533,0.0179234599703534,0.3257799360699084
a00a0ccc-532a-4012-9d91-cc7c3d0aa9cf,0.1539111005981375,0.0379884194227668,0.5487391136435362
a00fdb3f-8606-4a7f-9451-b0ef20883d96,0.1311054113402258,0.1121590790555584,0.4730627819336286
a061ba7e-53e0-4ef8-941f-848b29cbe3f6,0.1514405036136881,0.1098609753466467,0.618735348209819
a09ca596-cf4c-4284-b542-19dcb3033283,0.0070560345099629,0.00623581177065,0.3145984032883754
a0aeb00b-83d5-4f81-a7ae-4a0ffd3048bd,0.0900043341554604,0.0489299146074653,0.3505582654717942
a0dc1f84-e5b9-41ea-923f-894c8207fd12,0.0102731818659458,0.0272276650790403,0.3262742474085884
a0ddb842-525d-4e53-a2c7-90b9c056827e,0.0349662013185345,0.0452891760650005,0.3577427113666057
a0fddc91-fa05-4c53-a713-1543a7869175,0.1353649291549644,0.0558464910606976,0.3847133022794477
a119ad1e-8748-4a4a-b9d9-849cce0932ab,0.0084499145402293,0.0222781389556017,0.3285345097517628
a11b4208-f506-426d-b7b1-dd4abab4a6f3,0.0393970126341649,0.0569010164710806,0.3673799331547684
a11d25e2-ecec-40b2-b795-68b56df6fbef,0.0486291077819178,0.0899060864977407,0.3972357272962469
a13006f9-1d69-4704-b443-2732f3578e4b,0.0922396189678692,0.0497389497997378,0.3601581000296637
a1314992-b36e-4b53-b194-c237fe26437b,0.0713532574442359,0.1194577050429239,0.4286064702779827
a136ffa2-6419-4f52-8cee-db103c1d5786,0.0168257079604616,0.0190250818305233,0.3282137759842525
a13f3bc4-f7b4-4fa7-8647-508424921089,0.1586108914271516,0.0895820439127481,0.4311004979526077
a1460a9f-e951-404f-9bf3-df7b6174818e,0.0488123039362184,0.0958819475242204,0.4088334702766213
a15d02f3-b529-4130-b807-d1c2894258aa,0.0190840009227498,0.0289136969097533,0.340444335771131
a16162c1-bc0f-4d0b-9e76-6c049fd33b55,0.130838417096836,0.0999489538713,0.3967435788095363
a17f7110-0bb8-4e37-9023-0848a2c1b997,0.1050520973465546,0.0691230925963308,0.3607587167269173
a18e6725-4d3d-48aa-9255-dcd7d86d71d8,0.1230643820614967,0.0209784939635961,0.616270460079854
a1903644-f778-4276-95d0-6f58e1c50b05,0.120763638395806,0.1099846597547088,0.4212697578441521
a192f420-964f-449f-b8de-1ccc9f5abc97,0.0805806017224267,0.0835502485255734,0.3886914296239285
a193b78e-e574-4dd4-874c-c2cfd206e0c1,0.0657625135238386,0.1232240077327316,0.625022487438238
a19ab546-ff3a-4f27-a997-7bd5e31c6abc,0.0454384387559228,0.0161791359933449,0.314441621224045
a1ab121c-d4c6-4e02-bf55-626a6402c96c,0.1147280545154534,0.1057282807250204,0.434211332246856
a1b4fcdd-5dbf-4f69-abfa-3ffc353dfc0a,0.1595593479707089,0.0290067994674405,0.3725758678050812
a1b52252-b065-4054-8265-b038eb84115b,0.1337415612498827,0.1493800113389091,0.5317519679226324
a1c93935-25f7-428d-87b4-7b326f0981f7,0.1035479794646628,0.1585067573579392,0.4472881412138123
a1eb4762-326c-44f0-8061-50de1bce0778,0.0121835318478051,0.0075028953577804,0.3136159275689988
a1fa4103-bde6-4230-b9ca-9a5fd8242bc4,0.1398320851274131,0.1183883154142059,0.372908095282161
a211bb41-ddaa-48b3-86c5-3515abff67fb,0.0135152582992117,0.0316453745301466,0.3366418092494164
a21b2aeb-85a9-43e4-b063-e0f278918e8a,0.0168269526780112,0.0063522637173324,0.3008867152516953
a229eb0a-1832-4a44-a8cc-d13bda82ef07,0.0964536585722331,0.0742023566876512,0.3919724216437938
a22cc957-3e40-4f8f-860a-36d8bef39274,0.1372121934898056,0.0730987244972866,0.5748516546160428
a23c47a4-cda6-46b1-b734-23f988c8decc,0.142428544677843,0.0848734210318142,0.5531795339906451
a24231a9-801d-4356-95d2-df198a6e5e30,0.1479981968849405,0.0657819953774284,0.5544363464434809
a24660ec-67f9-4523-a4c6-d0a6f22b8478,0.1057023290183067,0.1406108545721064,0.3862500526029097
a253e9a1-b258-41f0-bef4-fd352b255588,0.0378075620161651,0.0860851563325806,0.3980377229838294
a2554316-9ddd-435c-a47f-920590e5ad52,0.088874541836085,0.1464216121175779,0.4980402881037616
a25e6a7c-d242-4b67-a1e4-0e33a744bb10,0.0886908404550328,0.1332591584527519,0.4601453464186994
a26a1d65-12b9-4ce1-90af-93b2b9402982,0.0302019379388319,0.0312297992542059,0.3276948083613088
a26d2c3d-d421-4d13-a172-128debc81f6d,0.0691130527138737,0.0791238765141163,0.5053834831091308
a2911534-8cea-4d82-b68d-0a17db35a2e6,0.052604563552654,0.1208010210085422,0.4324282618383499
a2cdc7f3-3e37-49a9-af3f-86d2440d7fd8,0.0542074677896374,0.156020802320652,0.4656728961359552
a2f4caa7-66d1-428b-beac-f6e10f48bd93,0.1332652186129244,0.1152950402969072,0.4904085975067654
a3081810-3599-4412-90b3-ff2db46efeec,0.0449876612581084,0.0777128200985743,0.3874496906305446
a325e63f-485f-4a00-a4ad-26e16f8d3fec,0.1016672869000145,0.097302448614583,0.4004431053345965
a333a0a4-6ffd-4f97-ba68-7f59199457c4,0.0179547396821769,0.0124478309026028,0.3208838672483746
a337ce1e-f9b1-4a0b-a26b-58eef3896d0a,0.0322086481480983,0.0522578853762839,0.3749099206368496
a3384e0e-c55a-4146-b315-50300db2e798,0.0461737555263154,0.0339610661587543,0.3313019814902931
a349f6b2-48d7-406f-952e-96fc9599ec85,0.1043036652282358,0.0956375242570843,0.4020872064821907
a3588a97-71a5-418a-a11f-04b2be002dda,0.1600872875681216,0.1334420182742358,0.6114238894422668
a35e12f8-770b-4530-9ca2-8e7001442e43,0.0337946840870382,0.0501914142653198,0.3604241217890134
a36cb7a3-862b-4845-92dd-d01346f18651,0.0492134551627017,0.01657458302153,0.5681531644192779
a39db780-436e-4b2c-a61e-44026d84c28a,0.0275823018106164,0.0539265514413072,0.3670211704744624
a3a58806-08ae-4703-b761-3daa54604a6c,0.0797033463984436,0.1005413410446162,0.4041242970551223
a3bfac94-bd12-461f-be89-1f3423431678,0.0481632932960068,0.0538644488415736,0.3611494953122827
a3ca333b-1d71-4105-86c1-10d06b07cc74,0.0357685392647398,0.071461262500257,0.378150194775923
a3caba64-ac58-4c3a-9f7b-b50e270ada53,0.0478023519717874,0.0399783819833664,0.3510970051692594
a3ce700d-b1a8-45b8-82b6-a0344c7bec5a,0.0462436802465157,0.0423016105300271,0.3597638677261029
a3dfdaa7-0ed5-4a4a-9338-dc4179b57d48,0.0332061482858116,0.0199409825688247,0.3467724704688324
a3eea294-faa2-4136-a795-24e669df873f,0.1488197725057332,0.1014550902681547,0.3961785379642661
a422411c-656b-48d2-8fc6-6c967531e0f1,0.0309088451328746,0.0633537007725992,0.375114730902421
a431610a-dc5d-4ec1-83ee-e023c60b30e8,0.0709122538623167,0.1273384120333822,0.4306836510959696
a43945ba-dfa6-4d4a-8485-8a8a0a8c7b45,0.1211157297993084,0.1076064325224455,0.4033621163656629
a43b4e03-3565-4ac1-97ac-25e6cba158fc,0.1134725085098922,0.0989447047478404,0.4623347782319261
a43c41db-d10d-4073-afba-2509386dac02,0.0370296210696824,0.0536005586145338,0.361685646200253
a4999eb3-1d15-42b5-8613-52d39be3be05,0.0785725873335387,0.0918199281176942,0.5637716487958156
a49aceef-fd0d-4317-ab6a-428ce2e320cd,0.1445996582965653,0.1051511413418042,0.5159666367667384
a4a9560a-de58-4a67-be5f-4d068a6c7b2b,0.1329884279961296,0.0412014924093543,0.3487875216863829
a4aa6fb0-6a7b-4f39-9f14-7456d5a7e2af,0.1478282913847319,0.0520903442807933,0.6269256689275152
a4b201ff-da53-4382-8b27-63a5c945def9,0.0645924929401772,0.0762087405916382,0.3811569925618673
a4b80ee6-758c-4949-ac69-b919a003dc5a,0.1404437894046109,0.1126669472090505,0.6370510563887103
a4c8fdd2-c72f-4cca-9169-bd9dd784f21a,0.0527856863783622,0.1053997671789442,0.4339687499183708
a4d1cc3a-e94d-4117-a93c-cae8dcb40f48,0.0454136099344183,0.078036984345419,0.3862975436580397
a4da4334-8baf-447a-8269-d89d9226eeaf,0.0798739813308644,0.1005758506593104,0.4105534277061177
a4e58dd2-3a45-4988-84b8-e5be7a09d15d,0.026640018476184,0.023677592760365,0.3210342113517621
a4eee327-69db-4e63-9df3-f510dad40d9c,0.0591830068537057,0.0357724428995156,0.3538509361383413
a51a2eb1-eba9-4cbd-9405-2e2a049bd4d0,0.0663988184325547,0.0657283507073375,0.3658657281515479
a5243d29-edce-4587-8ff3-e75e8ecedc94,0.0776778055571719,0.1089670684926212,0.4215486529611855
a53243b8-cd8a-457d-b4b5-8913ee472745,0.1493187501181761,0.1123696289696056,0.5990037642880384
a5368ce4-5eb6-4c32-9b1f-6360967ddbc9,0.1365726148249176,0.1501604341750806,0.5061675539217598
a5387a83-bbe2-483e-ab0d-376544cc7989,0.1355019169231782,0.1054369632345159,0.5926249173713803
a53de506-b55c-460e-92a8-80ca1b8ce765,0.074959132923231,0.10732492504447,0.4115377157938018
a53f346c-9cb1-4ade-bc6b-d963be281267,0.0783460785144846,0.0323808808116503,0.3533455918533615
a5481250-006d-4989-a96d-55cf91e74411,0.0121856148548063,0.0282143466786837,0.3277753326897246
a5514992-40ec-46af-8d5b-203d2cf4463c,0.0215677082847802,0.0549725685635184,0.3667223070984813
a5515bf3-5627-4afb-b605-6a2164bf48fd,0.0846209875080966,0.1075178282590808,0.4068037861481397
a554e747-d4f0-4873-ad6d-7eb34c2662c8,0.0788757485536107,0.0423017340325144,0.4604560602202377
a56b4929-ad32-4897-8f62-088ea20e6b3a,0.0583258872502063,0.0082428401779143,0.2970464259983398
a58c9dc3-5a98-499c-9ad2-f5b328a2dc09,0.0558594752771998,0.0807384211178154,0.3897183986501908
a592cf6e-4558-4d72-a735-572ba1bf9d3e,0.0368551173964552,0.0736503789480732,0.3872583384353428
a596f52a-552f-4d46-9f0d-053810c100ea,0.0164535251292295,0.0085783308894836,0.3177564535262829
a59e1512-46d2-4ce2-81b5-19653632e6c7,0.0913231748294721,0.0784598176301683,0.4460565858211385
a5ab0a9b-093f-4886-9e29-fc7892acd356,0.137378542287522,0.0256255436552263,0.3371844503291706
a5b11944-6f08-4256-90a9-114c2a911535,0.0222264394132519,0.0384615594341486,0.3416581121161413
a5bb416c-c891-4b5b-b5ed-76ff7d4f8a2a,0.0964809637265325,0.0610984231850693,0.3753073567823168
a5c435ba-6175-469b-9fbf-5e9030e58902,0.0739012400927492,0.1412965949574778,0.4437918543881471
a5ce7585-5fe0-4454-8f49-cfc10612064c,0.0175088556590961,0.0268792260371848,0.338310249681639
a5d50b57-3100-4da1-b31d-c7f772cef10b,0.0500371919588005,0.1359091259655791,0.4488263378191078
a5e5c6df-f2af-4bb5-abea-40ea6273f681,0.0783392112379003,0.0575251300545121,0.3618733597926524
a5e82857-39c6-4c57-a5fe-9f07fa7df762,0.0920087094375921,0.0888442369969123,0.3994125697647843
a5f75183-16c4-44ce-8b6d-94e60d5225b1,0.0952736898164932,0.091026908520016,0.6050593522141554
a5f9af50-1592-4a3a-9c34-d14c4919c948,0.0293601540349252,0.0466936016007672,0.3514527685298531
a607bdd7-4faf-4461-9974-68f1f2638e4b,0.1047481265434237,0.1551953102220021,0.6211360316594277
a6094419-d602-44ed-88b3-038f2595c7a4,0.1549635942009047,0.047070945524833,0.4816577689111794
a61d1c4e-adf4-40d1-9d94-050a8241c5c6,0.0191511899212943,0.0454563119567055,0.3686570324080457
a62ed870-298e-4b8c-9eac-93a8da89d9e9,0.0227831991467017,0.042059584636962,0.350167357752752
a63f61e8-5214-4ad3-b3f2-077db3896bad,0.1496180165232781,0.1171156923200897,0.6316311677111174
a69553b0-1035-4844-a6bf-edddb9fe5137,0.1145269360280785,0.1376945256783305,0.6150402838988034
a695a902-4383-4362-9c94-b45e43d94026,0.0593930302168641,0.090752915185498,0.4559681030062462
a6ade583-2696-40c7-8b6f-07ecb32f1c58,0.0628311860699876,0.0551914348200279,0.3543130897774006
a6cd8e56-2122-48f7-831e-f6f96d27cf9d,0.0309398624154987,0.0390285693029429,0.3443716734660733
a6d12e4e-9cdc-48e9-ab70-1d1619672d99,0.0282236401856655,0.0699779726717349,0.3769914452130816
a6e61867-f9c3-4763-95ca-194c329ed598,0.1356221372745441,0.0121419878548763,0.3239664055510976
a6ea5ed0-4cff-4a5e-8a6f-ad52a725713a,0.0220196896426319,0.0213784905196809,0.3601798939848949
a6f07546-753d-4d7b-9fa0-e7240171ae48,0.1095926785851839,0.1583402567613283,0.4702025631900953
a70e17cf-7ea5-42ea-b01e-adfd6f431875,0.0555489590495138,0.0131428286407115,0.3230359383079662
a71275e0-511d-4da9-9f28-47916befa5d5,0.0783284089553035,0.1247979207871607,0.4866041092734976
a718083b-670c-47db-a349-294e8ba19a11,0.1160040221529837,0.0743296047974537,0.5770427788021852
a736e5cf-8c29-4e6c-b2f7-ae6fb2a17501,0.0246226288748285,0.0171256286773664,0.3233592006257861
a7501f50-a2b7-4cfd-a46b-8f097fea55fd,0.0140173469199008,0.0210113683171632,0.3253876156383293
a7519f6a-9279-4776-a531-8ce10642fad5,0.1100749521158425,0.1428123055051875,0.5221541781532272
a758981c-79e7-446d-9de4-01d917594007,0.1287988562009421,0.120073452443802,0.4320234498476865
a7645186-0461-4c20-a287-c7299053031e,0.0431171775043641,0.0483007177892586,0.6164998606465592
a767c9b1-0a3c-47cb-b148-42be697a261d,0.0901208045648613,0.0881864591079005,0.5580779574961919
a7a54638-04e8-42a5-9976-114ab835266b,0.0917558594268786,0.1128569627809504,0.5892829861840286
a7ae48a7-07d3-42eb-9517-3e4d0540e314,0.1402078701697904,0.0686255523855996,0.3744919426205784
a7d1ca08-f8a3-4e9c-b567-f4d2a5433855,0.1307279990826099,0.0978917741040153,0.4105649926116227
a7d299b9-e215-49b4-8047-3c36ab31039e,0.0556490346394428,0.0869136584829925,0.440679064485188
a7d3ce4f-b531-49a5-9e8f-1dfb6a391e9d,0.0886801659697038,0.1488708683598009,0.4622418820268561
a8035e14-2bea-4593-8b9f-3144c67838c7,0.0570058932790799,0.1574820733010729,0.4594749348117884
a80a512b-f77f-4d6a-8497-66078aa3cd47,0.0203886910685206,0.1206222109728978,0.4250724931714181
a80f16fa-5a39-4de3-9452-15d644be1c6f,0.142334529646385,0.0315813907564537,0.5359338246357329
a839add7-0816-4f9b-8c57-c356b0d2c164,0.0363080104846966,0.0213927562505274,0.3355026759877889
a863c7cc-6a76-4319-a0d4-6940ae7f9576,0.0662642925532467,0.0761398393876682,0.5543593601362733
a868187c-e176-4da8-a4ff-67803b7ad9f5,0.1056132436375767,0.1049762500808511,0.3990949772104742
a877da33-5f83-4804-a350-8a84f34cb754,0.0905823165945826,0.0170584995283799,0.3365517636537937
a892e9c4-f6f5-466e-a89a-d937a281d0e0,0.0186157658619074,0.0209976924014675,0.331209192104845
a896003a-26be-48c1-a7eb-a4bbe562b8e3,0.0301495958680586,0.1069445982058739,0.4185873956988098
a897e9fa-cd1b-4b83-807e-8e46541f417b,0.0422256638992097,0.0508297701836808,0.3681262216795921
a8a2ebc4-ec6e-4691-b6a1-5ad702804071,0.1559234069857571,0.1039333107227682,0.491987048950438
a8aaa76b-d019-42d3-a9d9-54a6e7cbc5c4,0.1557917987473905,0.0733553950107658,0.5738358892228371
a8afed5f-2e53-44ae-acdc-e561bd6ff8b1,0.076639900278174,0.1227631579425713,0.4258724954395171
a8b862f3-a49e-4872-a5f3-401a5166990c,0.0827887839619661,0.0721440779988321,0.391395575445384
a8bb0599-ca0f-4a45-a272-f1640589dedb,0.1383013123843822,0.1246436940336113,0.5855836003391176
a8da5a9d-4963-4e84-bb78-29e93802249d,0.0273028425658574,0.0303822193573665,0.3364322701463276
a8f94f64-deb7-4b76-8535-ea6a93ceeb1b,0.0968301431869109,0.1169999799577448,0.4660159220166396
a8fbb4a3-1539-443b-955c-b0df8e62fb43,0.1452228615773957,0.1031033331251099,0.4023224845033373
a90488f4-395b-4d6d-a42f-36c85ca66a38,0.0405026278515029,0.0479340591294663,0.3538175668601132
a91637db-92a2-444a-9a95-0e5bc3eda583,0.0424391526818641,0.0472402544459181,0.361074515490357
a921f76c-5bbd-47b0-8cc8-47d5b5e5f517,0.0589643052333977,0.0835574486260412,0.3926866779557671
a9323357-b948-4add-89dc-219177495f04,0.045206327839696,0.0395964694093211,0.3458024433217531
a94a0b49-70b2-4fc6-9340-b6433a024f4d,0.1034659071254265,0.1033323621227622,0.473721394778609
a95b32af-371d-403a-a015-a14aa9855085,0.0763670537775081,0.05023846340873,0.4041678703719487
a95cd377-0623-432c-9e42-a8276d7ef653,0.0816336787319767,0.053739819801234,0.354339710673714
a95db013-2915-4590-9354-afd076d3fd09,0.0423036699210048,0.0698373472226936,0.3834634635376713
a96a8929-3c54-420c-a35d-ac0067b314c6,0.1437525509009939,0.0836633890150102,0.5648543048970402
a9718058-39a7-4d66-b910-a78d66ca7705,0.0263357379115644,0.0479018674072577,0.3484964390771772
a989c346-26e6-4ee5-b1d7-fd57a8299d91,0.0381925202821157,0.0600190191697502,0.3673358621675227
a98c86ad-7680-4ac3-a7fd-e42f7f3816fc,0.1250219659823149,0.098993816395765,0.5716111556787824
a9a8a1ef-9b61-4776-ad54-49d23c2c15fc,0.0728422411843967,0.1079395839887957,0.4142791122489672
a9c4f016-5941-4800-b071-c6fec7f9c04c,0.07252955480671,0.0859306431557432,0.3986880036398122
a9e43c00-cda1-4747-b095-181eaee7ca33,0.0721779839101504,0.0664146809777567,0.3759051038996661
a9eed72a-f06e-4e79-b8c0-d76423ef537f,0.1383320977558139,0.0391907961219528,0.5168322738558522
a9f5a480-241b-4bdc-b74d-63ac0117b5ac,0.1366265155506512,0.0871647559855033,0.5367323103021862
aa0f6c3f-053f-448e-8e50-6682333314bc,0.0515351023206139,0.1022243990916035,0.4171405802951972
aa16bb1b-b641-4ad2-9a39-7bd388e00909,0.0340670616880697,0.046317112594628,0.3592110775540092
aa4bb1f7-cc20-4aa7-bc78-43e301b1af01,0.0193482014585925,0.0187757891662345,0.3317317349529217
aa767a7b-0500-48fa-a6d9-755f4c33da9f,0.0515063632705382,0.0573744233083681,0.3793345031981361
aa7ae718-6a5e-47e1-aad6-0cceba0eb085,0.0961602127720232,0.0258213656232652,0.3405338631865928
aa7e1229-01d5-45bf-9370-11153a069e6e,0.098748562361608,0.1149477725504134,0.4196970930560769
aa7e349b-308f-41dd-ae1f-9ab0e55e75fd,0.0826854680648512,0.0560782280975297,0.452171100396081
aa82f856-7b16-4192-8f80-406dcf12a558,0.0695624643864356,0.1347784499630691,0.4421630832046798
aab6be51-b307-4f85-a199-1f3188aa6eff,0.0887615680771973,0.1304982689025744,0.4273116048673043
aadcee1c-bcf3-44d9-b0c7-523869291b87,0.0209660061557854,0.0303716971090523,0.3399991789625088
aae51006-7151-4efe-8ca6-1672af0a04ee,0.0295794159692434,0.0516890262802808,0.3533489141902756
aafb09d0-3be4-495c-8a1a-6c7bf87d6284,0.0565242998622428,0.0933446088576816,0.3965011824937209
ab045ae8-7493-4804-9a83-7b92008675b8,0.0173158135157158,0.0220515794123586,0.3317242816330856
ab057f1a-4fb8-44aa-9663-34842d443d81,0.0322707318132788,0.0475981346024279,0.3507514273293363
ab07f6a5-e7e5-470b-a3d8-fcfeb55e3016,0.0329296849360814,0.0504353165213802,0.359421117801686
ab12b19f-804f-46bd-a390-8a83f74e45b0,0.1101392640495133,0.1431718437635762,0.4969907991555621
ab35e87d-4b53-4507-b085-8202dc166186,0.1219135050674644,0.1619459553185995,0.5404270108373711
ab39e62a-b290-4be6-9702-489a7fb0147e,0.0965944753180901,0.1563562260499092,0.4526084661262929
ab3f5cd5-6228-4f65-918c-80527631f2d8,0.0527135546218259,0.1039094494087473,0.4108864148232117
ab469dd6-9c69-4aab-8297-c887325c1eb5,0.0605949075579825,0.0261858928946395,0.3343727014127042
ab5220dd-b049-4bdf-8c75-bb86e65c3e5b,0.0473201698980709,0.1058444889420027,0.4101331250140784
ab77ab7e-aa3e-4fd0-b831-2349cc5f06b7,0.0190046696158604,0.03843115969173,0.3490416837973169
ab7cff44-8a5b-424b-a5ab-132da2e4d561,0.0304345030596914,0.0430599062583072,0.3371863233332444
ab7fe81b-9fe0-4d88-886c-37c62eba35af,0.0830889963593335,0.1249764485368052,0.434047705649679
ab82f153-0e1d-4d17-9c65-2c027118d091,0.1406780334878466,0.0906096401723854,0.4010576376243955
ab8c3ed3-f76f-4cfc-97f6-a1f0d7561662,0.0862601141938777,0.1440614165711308,0.4518748251225971
ab947ff0-f922-419c-a9f3-82d52a3f7d62,0.0959967418885015,0.0998391946433499,0.6334769527206231
ab9c3b0c-0b39-4d85-9b1f-19958a8b3b16,0.0973888977964749,0.0910942685977767,0.3876763504758356
abb3da1e-4747-49be-860f-8be4bcb97197,0.108482842132909,0.1549551426056887,0.5107798867761527
abbc5393-7ef0-4470-8f3d-5105f9048221,0.0566473851968573,0.1200868383771928,0.4179571125579708
abc23b80-f225-41d9-b74c-698e7f1ec3e8,0.1122826234117521,0.1033033125615409,0.4301317726362348
abcf2ef0-72d8-436c-ac8e-83a14ac1885e,0.0891243231140993,0.0613683361772239,0.3702190898589205
abf4f590-f6d6-4d41-8427-9c27feef0d4c,0.1361663326083171,0.0799564892177082,0.5914824360972057
abfeb1db-6976-4540-aba5-0625d96641a9,0.0887335416995092,0.0863895407382046,0.4554015423973653
ac07b930-454e-4fc9-9309-979437db38c8,0.1256270379272845,0.1417092125046282,0.4795165700550983
ac18f887-5c4d-409a-a48a-caff62de1384,0.1178809425949226,0.0345073825449568,0.4601259286293018
ac1d6833-7bb8-48e1-8b43-58fdba13e74c,0.0820474660193124,0.1163178293634246,0.5393304662644973
ac236849-b2b8-4364-a02d-5ceb4b389825,0.0481631866582048,0.0371545798957894,0.3434325161353695
ac423a0a-ba0b-412c-b1c0-472fa023efa4,0.075363763022311,0.0935222752555327,0.5431799436402456
ac50870b-b790-4aba-a37e-65a36ac4ca3b,0.1226575870019321,0.1474261624731907,0.6365306740738309
ac55c24b-5948-4c28-b870-a35209affc0f,0.1060873080485607,0.0985236277796912,0.4412852646208106
ac5f3d7b-a326-4693-a6d9-a14d66e5fb5d,0.0794827247932543,0.0535136497237003,0.3708407038112061
ac605015-16ac-4249-af09-3b08dcd3b9cf,0.0288210551184506,0.0312057909631794,0.3346534417320743
ac71d94f-2993-4d23-af23-7b8ba80376c6,0.0199732926997311,0.0137226525435646,0.3156187767902537
ac812f04-30c7-46d2-9ba9-94f0c4508b29,0.0133271169863906,0.0123798071123209,0.3179922268706965
ac8fc95d-3234-4148-bff6-321ba4b25575,0.0635087675869851,0.0556269855400715,0.3553474624143685
ac9ac84a-0218-47cb-9ca2-4f8ca2548f99,0.1226083193861129,0.0279622145555006,0.4349243487436837
ac9adcfa-8346-4a19-a732-33553426479a,0.0409896384264082,0.066196650461051,0.3776219748723789
acf6b2d9-0ea3-4a05-a6a2-82b1aa137b0f,0.0267255231399215,0.0201722772173293,0.33314451510009
ad003063-6e56-400b-8852-2e4889350f50,0.1257433208755101,0.0512363476878009,0.4947022388662072
ad1509cc-1926-444b-a3b8-0ab9d15ed74e,0.0972929491737426,0.0970030348490864,0.6324204170352794
ad24d974-4f32-4aa0-a283-25d48eae2847,0.1423225058957997,0.1149762375827183,0.4849138037474984
ad41c45b-cb7b-4f3a-86c5-ae5cb1adcb76,0.0534167197381777,0.1345854571981199,0.4394228862951824
ad4c6f9f-7c09-405b-b8dd-182941b7ac6c,0.0396422965500657,0.0704864939012294,0.3810433094873552
ad5b6000-665e-49c8-87f5-77cb6b617874,0.0807148544025087,0.0506901486579279,0.3940759295358665
ad6bb12c-666f-4591-bd8f-018bd83cd2b9,0.1295105090758609,0.1440007672724231,0.4567024837440864
ad732746-5208-4aee-8f37-342a73c94416,0.0128695378500402,0.0092653913817448,0.3167683723257615
ad76bc1d-2c6d-4453-b7d7-a8178aed471b,0.0362137996972224,0.0467124633059556,0.3447456734838098
ad894158-25af-4535-8a3c-1b97c6d3ec87,0.1044118696776703,0.078444716275377,0.5918395112861408
ad99dff1-b308-439e-b145-c0bb90d63d05,0.0407090580538526,0.0463122458618698,0.3561556819923822
ada20f93-1876-45bd-8e6b-aaacdf8d0c8f,0.1220640516233283,0.0339682350390601,0.3328077414384306
adc50d4f-9034-4dfb-8323-a6db09bea1c6,0.119258307970633,0.1138150707805125,0.6046417345730534
add0a5a9-30ec-47d0-bda3-be9ea586708e,0.0294409206399996,0.1537685023307049,0.4652418387990382
add122e9-8687-49bd-85c4-1e1f48d0a717,0.1519695407260237,0.0590243780896061,0.5677229991554794
add51860-5e7e-4daf-9e90-543153fae9a8,0.0882297162067162,0.1150105643056476,0.4259198936693267
ade0ca56-4361-43f6-9372-e76cb3ae22d3,0.1000348127961777,0.133205998997624,0.4391296784394882
ade4f8a2-8a88-437e-8dc8-b9ef647881da,0.0903049916543081,0.1262302569386448,0.4383561422811889
adf89e69-a23d-4116-91d7-4a7ff67944a1,0.0505993017924181,0.0429046754434174,0.3427954759299705
adf98bbb-5138-4774-95ad-822a5a486931,0.1239463058282306,0.1260183647082864,0.4280388497610629
adfaa63e-84f0-47a2-95e1-c2de1130e236,0.0979779897975025,0.1057987934473538,0.4024426488964245
adfc298c-8517-481e-a58b-7b170838894c,0.1126190196737291,0.1265147469817965,0.454697201890524
ae16cd85-7453-4b83-a0b1-3409353b8e00,0.0637512639240746,0.098274553133561,0.398440787850322
ae456fa5-a272-4d24-a837-e8955d1d8341,0.0502033789085416,0.0651149557862147,0.3745648254718153
ae482d66-b0ea-4953-a0e5-70812f050952,0.1261988303268184,0.1499508698250612,0.4704730011351117
ae59476f-5bf5-4d24-a893-3b493dfa2453,0.1595593479707089,0.0290067994674405,0.3725758678050812
ae5fffb8-e47b-46d2-9c71-8f024c1615be,0.0683248239085406,0.0243699532366051,0.3387397234853589
ae6152ac-2ee3-4bf9-bf25-d79437265533,0.1590066901328338,0.0871187330551579,0.5987667474914882
ae61b22a-84f1-4a48-923d-7bcbdb6864ea,0.147826207723946,0.0525418455189672,0.6271394757954619
ae65ba6e-cd1d-47f9-891e-d754c37a592f,0.0659103330007042,0.063510033408551,0.367937528721183
ae6ebb20-6d3b-41d3-8cc8-2a338413dd4c,0.0757562166394534,0.1441691290396584,0.6089208550063852
ae915a15-3f08-47b8-b8c4-8351fbf5336a,0.0163754225763462,0.035695298287142,0.3464287603535587
aea9f504-84b5-486b-89f3-2e3b40f99940,0.0355754860306231,0.0348769780089634,0.444232830561995
aeb7edd4-6f69-4825-9ae7-d9b70a46daa7,0.147262772940315,0.0801983761517626,0.489093578706289
aec65064-160d-4a43-a738-6128fc4e9ea2,0.0456981269429154,0.0580905669216269,0.3666100758506135
aeda494a-abf4-43f4-9199-d69f57e9fad6,0.1237157815213935,0.1201642474254395,0.6279376147097291
aedb7575-f8b6-472c-ae74-182838b019a4,0.0460160503138806,0.0517220877918374,0.3568204724592728
aeec4fa6-e21f-4f8c-bcde-ed4aeaf64170,0.0655972460121662,0.0547469172029136,0.3581319889868646
aef5d2ce-cd53-432c-8b05-18b09f7486e6,0.0229511677116319,0.0243089387736466,0.3281101995770555
aefc9ced-6a9e-4ab4-9cc9-271d52797e28,0.1040716857539732,0.0150033690668841,0.3519966903815584
af20bcfc-6dd4-48d1-9523-ba45af83d8b6,0.0836507810595363,0.0542175544828175,0.62713350000891
af21ec62-5777-4939-8e85-09f35d7a04ac,0.0999125691251689,0.1415020005014446,0.5432105422498288
af253619-d469-432f-9f1f-5222be524b43,0.0603402935811292,0.0274366811684234,0.3356382857283246
af32ebf7-27b9-4939-90f5-c461f7fb5edc,0.0365041774590077,0.0381188554058644,0.3451577245762112
af3a2c14-631a-489e-b73d-5a13db1f5de9,0.1278834325820689,0.0896853579394083,0.3924590774800616
af3ebd03-0f1e-460c-b0db-18b12660ca9a,0.1300393495810344,0.0663286506032175,0.5602474254494736
af940091-070c-4afb-ac45-417029fb05a9,0.0618860054900956,0.0148222250837269,0.3132162677636715
afa1b9bd-052f-4911-bf1c-b49783db15ed,0.091455263413732,0.1599511787059301,0.4728196106950761
afab815c-4fe7-461c-bc72-5158e5128e32,0.1142475693827918,0.1609392271253663,0.4660181068406081
afc038de-b5de-41fe-9257-5c9542fb3013,0.0555098184407245,0.0302821273808373,0.3412671276279811
afee40c4-3261-4f89-8839-fa05be6a1763,0.1152065998113126,0.1371245672920803,0.5167686061823106
b005e44b-3a8a-49e7-bb2b-7080e5dc0135,0.0493428591501151,0.0749669964344123,0.3779406627027102
b00f9911-523d-44d5-a27d-9e5dc0c3e540,0.0468160374712233,0.0544395126550155,0.3611247524692213
b014c487-085a-4a0e-96b4-9a540122f381,0.0906533274070817,0.1521607739138325,0.6208986146499413
b020595a-0e32-419d-9baa-83459aa2a3bc,0.1049236271313138,0.0203169438336976,0.3894913203861365
b030535c-0245-4e23-9515-aff7915e686c,0.1009434503784271,0.1343727574381082,0.4366013416940862
b054a2b7-2bfb-4e06-aca6-a5a60e9b8365,0.0874380807460251,0.0625742289853629,0.3739433911018529
b06904f3-bffe-483b-b1d5-a6f8cfdacdb6,0.0278128761278245,0.0400107592427208,0.3598988840197957
b07468d9-f599-4a02-8910-8eb9d833c842,0.0777424206377307,0.0798507879075126,0.3789432937785381
b0a1d418-fa6f-4193-b640-3c35a8f69495,0.0568585855334543,0.0468050560407429,0.5119095179966162
b0a4c213-2b7f-4417-b59d-52bd175f1d1c,0.0205831496679737,0.0257815822158965,0.327001862011469
b0bd19f2-dcf8-444a-ae1b-eaf0ca33bdeb,0.0551472393852708,0.080828168512481,0.386398431829662
b0c5ce5a-ee82-4e8e-88ea-594b3ad17cb6,0.0527733766908488,0.0488820665801878,0.5929440700089514
b0d40db4-5584-48d5-8165-2b473bdcdaa7,0.0399979120261606,0.0648145108072345,0.3652134428320476
b0e670ef-c95f-457c-9af5-8217ab9a0bd8,0.1003995282077906,0.1553939701332509,0.4672904793909727
b0f354dd-eac5-4406-b8ff-d38cbdf13ff8,0.1065513973333329,0.0470331400415641,0.3395820577411698
b10649d1-dacc-4c83-86af-a84074d1c59a,0.1517184028344858,0.0455406787937657,0.6139676342011381
b10772c3-b7be-4f3c-a729-8f0c39a9886f,0.0950685440261785,0.1288325384383867,0.4901872445710655
b11171b8-9f23-4be5-bbc9-3ea1de8c45da,0.0129265255967497,0.0230729486841584,0.3358862259933368
b11cd24e-6a09-4e03-901d-0e65668e5172,0.1097062463417852,0.1511616178044358,0.5555095545169987
b1203ad7-ae76-4427-ac5f-e4bb7a42e442,0.0839360571041003,0.0974446591316393,0.4109799154689963
b121de2b-09bc-4a9c-8869-dcdbdf2e5d64,0.1090681842401236,0.0406101874273315,0.6122194249069104
b1435b0b-ce62-40f5-987c-5abf49ab231b,0.0737806366948412,0.1445925062604025,0.5296287446766108
b1490fc0-abfe-4698-9ad0-c9be838db131,0.0308167341275519,0.0313980689682401,0.3409654175935312
b1510580-45f4-44f2-934e-f896764d5167,0.0065954395753617,0.0034144286887011,0.3042452473065447
b17460c7-f00c-4df7-aa32-8d7a78225190,0.0980920852372559,0.0376251074981386,0.6185974417382233
b1897fb7-c861-4d6b-88ee-9c4511994712,0.0984026027637289,0.1446654001968285,0.4540136284613774
b1aba3e0-3fcf-4880-b6d4-f8b9f3b75f90,0.1176523013729896,0.1158720001116017,0.6197133972623668
b1ad59ec-0652-4f8c-99ec-2674c4307477,0.1141244135514532,0.137046964134629,0.6371860819002753
b1d530e1-69c5-4430-be1c-d8f620654d31,0.1093642290893169,0.1053344332199328,0.4232475382363234
b1f3cdf8-d24d-4411-95a4-81cbb49656f4,0.0591758016204051,0.0188751620585277,0.3193427498896719
b1ff598e-0d7f-4311-9160-c1114a5aa0eb,0.0342788678582675,0.0817042778718685,0.3869651869532967
b217d372-be95-4c03-b11c-e60669058c11,0.0485826043016171,0.0738655621133429,0.3760313270422891
b218e7af-d8ee-498b-aa44-bf4b55533036,0.0874245367174458,0.1142989732054009,0.5503961215836995
b21a2d98-3a37-448c-8ce1-7db2ac0303b3,0.144841854623741,0.1317631930714575,0.4430010799164213
b221b0e0-ddb0-47f9-bfe5-d2548b054409,0.067042286943703,0.1290828292202447,0.4315180478833025
b2275802-f7fb-424c-a6aa-ba0f636a1fa8,0.1355728974772658,0.0767561507301554,0.4149194538334779
b22bf529-ffa4-495e-b06a-77a220b1e5c8,0.0295750805230126,0.0742418375078825,0.3710330926599953
b24d998e-b315-4089-bdd2-643b52ed1ef6,0.0900582232022175,0.1626273573294579,0.4756250237270572
b252bc16-a794-4dc6-abec-cd652bedab6b,0.0701350530162585,0.0537756458147024,0.6190542864190407
b269c52d-b280-4b94-9f3e-22ca055d52c3,0.0953412847310675,0.1347173323368767,0.4334881661278122
b2770503-592b-482e-8473-ab09f101259d,0.0739147864341981,0.1466367138035115,0.4596743423958586
b277e32a-2a7e-469d-a754-207382ffd4f7,0.0247030901468612,0.0388496671801676,0.3468257882147602
b27c1ccd-b0e0-4ce4-8517-9d8f62646e26,0.1442972255173461,0.1041206095663719,0.517716856380546
b28d515a-d669-4e8d-8062-cfb93cc47833,0.0355594170867805,0.0200523572343368,0.3301296105984678
b2a625b9-3f6e-4f55-96a5-f21915a5896f,0.1596603026054813,0.1121520449971127,0.5923532475180844
b2a70e80-d5b3-4eb1-8a92-5ecc2fabff9a,0.0591975081079167,0.1126219345469601,0.4370315215306487
b2b18a2e-d260-4988-8e08-5435eb671010,0.0108122647217497,0.0151491203517564,0.3249949977426352
b2b9b25b-eabf-48de-84f2-902c6cd0fa9c,0.0674033691250048,0.0946110329444857,0.4025169109225187
b2f2c6b9-ebd0-4bb1-b7b5-d27afb7ff6e8,0.0294692303853851,0.0393608971813386,0.3557946671226728
b2fbfacd-af0b-47c8-acb5-7e37148384bf,0.0374715690010596,0.101357260407106,0.404009399163972
b304de6b-8c93-4f36-bf9e-269997e3de89,0.0540810906434021,0.0571679539751672,0.3659370451674006
b30eed17-0b2d-4f61-a39d-deced33422a9,0.0609739115993801,0.0373879074532953,0.5060764786661825
b39b8fe3-ed26-404d-94ec-c7f096d47889,0.1590693682046523,0.1132923001395618,0.6229079050879637
b39cc5de-e412-40c0-acda-01f94f6185d2,0.0621912973501978,0.08684309144497,0.3872607303845032
b3aa60cb-a36b-42da-a69b-6be4e8babb5a,0.0475762659602999,0.1072875887603873,0.4428207956980057
b3ceaceb-8e06-446e-af88-8d5e752d5066,0.0178430525506244,0.0300074915932792,0.3336840155588821
b3eafaec-4be5-407b-85d0-5c95734995e7,0.0905629897196971,0.0726590120344809,0.3614099528816571
b3f91219-8aaf-47d4-8108-741776d5d88f,0.0376560775863807,0.0615410906779651,0.3909933228656291
b4240138-61ff-4163-9959-7770b04857d7,0.0092092376336879,0.0175892259396432,0.3291129573473682
b4242d5a-d176-453a-882a-f2316c459e86,0.0876637211786165,0.158409541392398,0.6226721387232667
b4425794-d060-4d6b-b4d7-eb01ea51b690,0.1578081496610642,0.1558772625564004,0.5623430224189414
b44479d6-a2d7-4387-9a4b-ae0f34b0c3b5,0.0430542480634175,0.0507124727138453,0.3638805791951528
b4487742-81e7-4c55-be0f-b02fe48b9998,0.0693406052579121,0.082445657034861,0.4083940616404857
b454f729-7821-4848-b68b-f3518da7cb79,0.0732966567852852,0.0720542401426126,0.6090074643084743
b46b52a1-2693-471c-b65e-e4eddf2e246c,0.0942183969943336,0.09067573089043,0.3957198210140334
b46b78d0-dd43-448f-8f0e-de8ff42b304b,0.0602921965448208,0.1120555296064136,0.4023268271026648
b476de46-f645-4633-9464-5c578d89bb71,0.0623063895829671,0.0585653678372695,0.368534520954333
b47a9f14-3c50-4a8a-a8cb-36f2ecd31b86,0.0174686835160191,0.1059399072639333,0.4197656573676414
b48ef8c2-f858-4cfa-9c3d-022c1497ee55,0.117293634365003,0.1625116280720484,0.5476274629955293
b4a609cf-49c7-41d0-b789-d06614560556,0.0148032359086616,0.0097940867862794,0.3137753860474045
b4bd9383-3db8-4b9b-b1e2-8cdc0f2fa427,0.0519517613339465,0.0874208918550309,0.3988024745240071
b4c9553b-e47f-4754-bdd8-d95a90eb2ea2,0.1478793715852505,0.1342294570753106,0.4385707937762093
b4d8e7dd-79cb-47a9-9956-b7ca3e9c7522,0.0400534012924608,0.0702281289230821,0.3909890115301214
b4e12990-2fa4-4c94-99d5-fa47e93835b2,0.0531239145582607,0.0718833658891025,0.3759442449680008
b4f6fb3a-672c-4068-ba42-ad6c5ad8529c,0.0857123616495525,0.1321850505239396,0.5453177496717324
b500d339-3921-4603-80da-395640fb599d,0.0794068947725921,0.1063941899336546,0.4194626355220211
b50ef397-67e2-4029-a639-ac9f85ec59fc,0.0415032195103525,0.1351283492063752,0.450846090477524
b51a718d-7e2d-40f3-bd78-fca6a03cdd74,0.1572212934350737,0.1180071097937142,0.5974830271330221
b559ed4a-6d16-4e3e-b41a-4d5ca543f61e,0.1558561104129814,0.0943859724800839,0.6376722312558808
b55ffbb6-9290-4096-9ad3-6431f007d630,0.1315656413541681,0.1028935234157438,0.6393628195946484
b57c44b8-a21b-4170-abb2-cb3f9105c90d,0.1406844670320181,0.0689617793208132,0.4349433887277379
b58e3e4b-dc8a-43e8-a442-12933dbca270,0.1339034878428428,0.1040706492282566,0.4145282353101183
b58f7267-cc7e-4b02-8522-befb76fc6505,0.0149175517421705,0.0204750816517647,0.3263140014498199
b5992e37-4746-47f8-ad5e-3fa64af11d0a,0.0319795039780002,0.0096203993783673,0.3213770100453879
b5a16f30-2eb7-49e5-b11b-9d8fb9b1a45e,0.1317089749047098,0.1123491739166702,0.4693448912169965
b5ba50bf-92a4-437e-b1b0-564108b7c72a,0.0762145534662959,0.024727035103512,0.3216208707415424
b5c95929-42e7-48f9-9cff-0411c5ba4c57,0.095803375488883,0.0392896925930519,0.3462338374239097
b5e2fd6b-4e64-4866-9689-d2b57787a142,0.1402121351610927,0.1233159999607091,0.4259669031756222
b5e82df7-e82b-4e11-81a8-f8516d0202be,0.0489818517012162,0.0462497718426905,0.3732783551451042
b617a478-57d5-4c54-82a6-d06d3940afab,0.082225069147328,0.0684657673793608,0.6063758010264468
b619b82a-b516-4fae-a75c-faabd03e8f0c,0.1140360781717117,0.1094556058845821,0.5253096040469293
b6214d34-1f17-42cc-a62f-0e374aaa024d,0.0965078610677641,0.1288316850280575,0.4886699954823287
b6254014-f842-4fac-a7c4-e40fbe6e0298,0.0622018223756235,0.1034193625219038,0.4144639595378175
b626c6d0-bc8a-4c7c-a33e-5e24a7d8a592,0.0071374481972411,0.046875145425168,0.3586724410608355
b62b7287-bc4c-4c27-9a9b-80f8b933056e,0.0539993994132613,0.0535485853044641,0.5289759279966385
b62dc35e-4b6e-4b62-ad9a-c2234e2011dd,0.0719665757697004,0.1239053414252613,0.5803905283378653
b63901a9-52d3-415a-9f22-ef8982370cac,0.029275939718971,0.0072958198555492,0.3287693060345746
b64b3513-3fcd-4dd5-a846-9399df965ca8,0.0134479057179663,0.0026989126302884,0.3112508388728884
b64c7afa-e112-431f-b727-3417a880c9c2,0.0506882431229172,0.0546359774984516,0.3912100567978798
b64ec620-4a4c-4abd-bd56-b145cd8bd20c,0.0682620344045006,0.0617472411267841,0.3116129921310361
b6518c6b-cc09-42b1-a9fa-2aa55abdfffc,0.1350839642062641,0.0981157552966884,0.3987033924883308
b6535a59-7cbe-40ca-a2a6-f37e1e3607ce,0.0715349760623567,0.0546688191510292,0.4428814593399178
b664e6e5-c2e0-4180-8f64-a23ce00ef1c7,0.074058838392107,0.115744442410756,0.4239411612729533
b6792263-9e84-469a-82ce-5fbe8473b514,0.0371917531289876,0.0552929424715874,0.3549814131746947
b683332b-217c-4ba5-b6f4-1fe1af667cb8,0.0366326084208294,0.0540169690406188,0.3665494768836182
b6b4a7f3-6940-4850-99c3-7db3fc480a08,0.1512157860175635,0.1179859060414316,0.4670730053351265
b6b54f36-57e0-4cd9-a228-51009c8d2678,0.0674571759080306,0.0658250240425609,0.3777641658376269
b6d236af-1038-4c91-88fd-604430c4a059,0.0876546560903246,0.0480980344375308,0.3417699509758039
b6db1d88-435e-415e-8055-a82d949e3024,0.122927383931199,0.1084120859508439,0.4086718505500141
b6e57275-b709-42f9-b645-dc0adab13008,0.1026119329217688,0.1090905336290081,0.3997239873881142
b6fc83db-4e9b-4785-af63-459f9f7f6825,0.0830077042974722,0.1465331607868629,0.4579359676422982
b70a1f15-3a6d-4bef-980b-dd67cf411d13,0.0608042887192895,0.0126699836967285,0.3045209096091698
b729a2bd-090e-4792-b0b5-938d3ad9faa4,0.0433014662301191,0.0375758277540636,0.3019491221596332
b738f16e-8f45-4762-8985-94511ddf1bae,0.0358247434471354,0.0230864474824422,0.3389249179701736
b7407c67-24df-47fa-a1f4-8554ac4c6a08,0.0755668693514948,0.1047527684811704,0.4161778345021587
b7530c4b-67c1-49fc-a58b-501010a4ac62,0.0837444071515038,0.0746963694016213,0.6346334576525138
b75f5664-c5ed-4fd4-bba8-f400c29d1684,0.0571298668355911,0.0692306199648488,0.3767607104862768
b764a060-1c96-4d99-b93d-bc5dd5365090,0.0164515481205387,0.0378698396587535,0.3402943864777143
b7788ba3-890f-4038-b627-d2c01b249cb2,0.0369367672967898,0.1055695260516416,0.4432166811275903
b779f524-b798-412f-9fe3-0a0ea2323548,0.0435776151667081,0.0475273972718246,0.3562942866236568
b77fa4cf-2220-4a0f-91db-4dc12e09c9b9,0.0150838444576592,0.0316743676231063,0.3389731343577037
b7912429-0e0b-4cfa-8bb3-f329a8cce0aa,0.0841583816012078,0.1071449910343957,0.4121157632396413
b7ace3ea-cbf8-475f-9152-8252ae47d7c0,0.0127964160777062,0.0051737543848786,0.3142740050079152
b7b104c8-dadc-4b3d-9142-7d2df4b0ceef,0.013726994062287,0.0563413548309966,0.3664004227445263
b7b70e25-c4e4-40e3-91ee-530a92c7fdd1,0.0239743010005892,0.0519717160875197,0.3593217230481884
b7c075d1-f4e6-40dd-b918-110910632bd5,0.0743456721970309,0.0722993097397612,0.3740365816054174
b7c1e77b-3899-4c8d-8f4c-1780c778b541,0.0599808766007001,0.0430088110459835,0.3451463513841482
b8065370-3517-4ed6-9a9c-b1b8cf2e76f6,0.0481477430998006,0.0660998529848368,0.5664886323228708
b80b64e4-3996-410a-90eb-b30d8a4da29f,0.0150947735982105,0.0104659242131633,0.331644787665505
b8178b73-b20b-4f49-8b33-23957924381a,0.0284083421130687,0.088335088984487,0.3910455368867407
b81d946e-946c-4002-be3e-1fc61f3b4017,0.0164838139502609,0.0224780497313444,0.3349865281098186
b836019e-d0d2-4c4e-9534-2af8acc6ce21,0.1485771115688892,0.1579622061088268,0.5693794611394769
b83d4384-e564-4642-b252-e773eca60d06,0.1520164717241244,0.1249429122368047,0.4560222605029015
b842430f-0630-4b16-b488-276c7ca79597,0.0184495191438568,0.0191631005619067,0.3241343733363888
b876abb7-66a3-4db5-b2f1-3058b2079c19,0.0210275735507854,0.0286922707159636,0.3407088526447714
b87debcd-256a-402c-b319-48f9f1baec16,0.0841583816012078,0.1071449910343957,0.4121157632396413
b87ea2e4-de6b-4dce-bc23-14a7c59d238f,0.1316697296309216,0.1559086020115608,0.6375608400501387
b88693ca-4a1f-4538-bb13-0f65fd702c47,0.0637123234932843,0.0613838399778583,0.4363349947073531
b89494bb-0dde-40ec-b892-9e1ffd34f6bb,0.0464365100018904,0.0784317708181829,0.3865208852238322
b8b2a85b-c472-425a-b912-a8617870417f,0.0594879189935678,0.072885966843892,0.3706006422288448
b8c6466a-efaf-440e-94e8-13cc8348d03c,0.0222436081573198,0.027847921496135,0.3372219787625762
b8d081f3-9bc6-4a6e-b7b8-c24cd66ae5e1,0.1357001528135839,0.139159873702783,0.5853743088549792
b8f1cdac-7aa7-47b8-8ad2-ebf7650a50b9,0.0671187179413676,0.0605055378293902,0.3671036373133535
b8faf2b6-f1db-4a74-b409-a464f31e3d39,0.0630626856182981,0.1020124596946846,0.4077536409971998
b8ff22d0-eb64-4dee-a4c7-ad714e0c6ed7,0.0903958248735674,0.0783586051213054,0.6289615818100579
b912686f-724e-4faf-9388-a6085b45a907,0.0981863228753408,0.1466862332944963,0.4712961945169954
b9151371-e1e0-42d3-9015-0e9502c34f53,0.0194736095927825,0.0405121541928457,0.3517178076391298
b9174fb7-c99a-43d3-9d72-32015fc69446,0.1262854725230272,0.1012967367587825,0.5454764243313935
b9186a0b-6b28-43e3-9dc2-7d5bcf118d57,0.1008063391669496,0.162506308933408,0.4666495808245021
b91964de-d852-49bc-8868-c07bc7a09be4,0.0157811316170311,0.0262583936253286,0.3283052308543037
b924ee89-8d0b-467b-a795-2df075619893,0.0968140761655154,0.0515301076244257,0.4099376392402212
b92aca5e-f941-42a1-bc04-dd7463830305,0.0352359327861498,0.059760536351459,0.3672293500439774
b934bac7-6061-4b40-8000-c021f7f087d7,0.1067441109752662,0.10752533554534,0.4153783013363302
b947621a-9ad3-4871-9286-52b597e522b0,0.0874829411419673,0.1552876854127094,0.4554097226981959
b94e9849-6e32-43b4-a4bc-6c21550d070e,0.0828556911866193,0.1531011400165499,0.5454872236342692
b95c8e48-6170-4fe2-a70b-0427bfe40f75,0.0986828941286948,0.0861970483147565,0.5268231597393471
b95da527-003d-410b-9153-8d377e05a019,0.0681637678170228,0.1382189189718773,0.4779521646327764
b96d65bf-80ca-4828-a097-a2651d5bbc7f,0.0300068076267588,0.1377314054314279,0.4483207019517336
b9741bc2-8d0e-4ae1-9e59-303e99235cd9,0.0455797288403409,0.0602818937494938,0.3593955228123591
b98f3631-da98-4c91-9842-115f52317150,0.1299582142713087,0.0602726994589085,0.552910206161392
b991ab32-c283-46d3-b406-f1d0c5a45319,0.0104946825640803,0.0108329862797522,0.3323293675660763
b9961a2e-24a8-4bfe-8a6d-8af1294d230c,0.0544639009871116,0.1145183080108393,0.4191661568379765
b9a8744e-1618-4d0f-84eb-7e9b4a2bb190,0.1490927461758918,0.0505541606178377,0.3568588237265934
b9c5e06a-a4c9-4e7e-9041-3e06b52828fa,0.039905411871166,0.0626624698411565,0.3710247108853297
b9ce05ee-90be-4da9-8606-ef7d631b0a25,0.1525574044005093,0.13745149936189,0.4500878498384458
b9ce4836-6b1f-432c-86f5-275ee89d2633,0.1505948708288328,0.1306784402269457,0.5706107699433485
b9d5892f-e710-4d78-964e-ce9008d7955c,0.1172493500944892,0.1428436900147844,0.4465591017496646
b9e697d1-8259-4cc0-b2fb-d8e9921e7bb1,0.1162795181095727,0.0850072280852174,0.4006907652891129
b9e6f933-6d18-4e5d-8850-ce1a85f3309d,0.0402742230627628,0.0610573569984286,0.3727455782428253
b9e7f283-3e57-4108-84c9-2af537b22c32,0.155462036934753,0.1219233840251347,0.4350112080124856
b9eea799-4ddc-49f5-8fb8-ca5dabeb5d2e,0.0200275181409368,0.046699651600426,0.3578716773973712
ba12b1d0-7a73-4367-8120-646bc2e41459,0.0346824821950352,0.044604904576316,0.3419580592361135
ba134fac-c9e3-429e-9f7e-5d4aab4c755f,0.1156589997257181,0.1293535829479311,0.4836232063019727
ba3e857b-55af-4909-89f3-505fb33e2ed0,0.0576644690532775,0.0728811034834761,0.3784419223073535
ba5be23d-cf26-49bd-afe7-70639dd6ce0b,0.0832756585804674,0.0484721893831136,0.3917742469127888
ba6442fb-eaa5-492e-9642-90b206cadc93,0.0294416568635476,0.0387980685906127,0.351952778767553
ba6cf2a5-9af8-4c40-aa7c-bcfb6eb3a3b7,0.1413302987316864,0.0884195551352488,0.4649654980267856
ba76630c-3c83-4565-9b82-3cb5620d6fbb,0.0265955966994457,0.0336911449074344,0.3505210326130643
ba9fafb1-a8dd-4b57-b732-44923fecde40,0.0142385540546869,0.016111273706791,0.3239530979176099
baa8b271-bbd0-4be5-bdb3-52fe686d8645,0.1318370448371718,0.0574646894417473,0.4117410464526839
baad7264-29aa-4282-8964-352eb40d8893,0.0647107688951605,0.0299412503227178,0.3349006628148304
babe57f5-5e7e-4304-bc7d-3ebe2345fb53,0.0798379606629671,0.1462619493641215,0.4480846332565042
bac24750-0fc2-4056-b7d1-0647a7733299,0.0506686748137905,0.0830346461835257,0.4001497081941518
bac8d590-4c72-4738-a6c1-8a673defc234,0.0369909259418076,0.00835105660227,0.309743312843034
bad2afe9-2821-4ada-b148-e4bad34c6506,0.1168142195441583,0.157167774545085,0.6159996215592869
baec5341-51a1-4e9a-86f9-86aec51e85e4,0.1342129165821778,0.0550897288611056,0.4022080203753591
bb099450-e3f7-4cbd-955e-ff13759e9cc9,0.0592170462970477,0.0812582473559068,0.3900873488036105
bb2a2529-b2ec-4548-82fd-63173e3c2832,0.1143001759942467,0.0428025760110886,0.6172945820665633
bb2fd1b3-49d7-4af8-ae0f-d3385010990b,0.04913531736767,0.0696424983624424,0.3757538901963786
bb3d9304-f006-40b0-82a4-a2202bc2d757,0.0133943765285422,0.0088107925526805,0.3185361828388184
bb415105-814c-4951-8ab1-869797ccecfc,0.145502134672374,0.0409277924608091,0.6224590032866273
bb55cb1e-2d59-42a4-ba9b-8be082dcfaa0,0.0231499560886965,0.0310580982838848,0.3419705724038549
bb5d5cf2-6c04-4fb5-9900-c9b5c9089cb9,0.0830902239815402,0.0539052435291885,0.3611157442119413
bb8fc412-fd33-498f-9b11-4042b5d03184,0.0243085413639944,0.1616196801665792,0.4678947083419094
bb9e62b5-f121-4697-9f69-9d7571f48c7a,0.0301123867010848,0.0163804746313316,0.321065859706906
bba8c3db-ef88-4cee-8035-5e2c0fca22ae,0.0693012640846661,0.1568396688606585,0.5851531394206329
bbad5204-f9a2-4e50-bf42-4725e1c63a1b,0.1286933552269317,0.1478232496172757,0.6371018647677144
bbcd2274-867d-4020-b744-31ed426f91b3,0.075449631389818,0.0811904675157235,0.4507519946652225
bbd92b66-2931-421b-8893-86d327552711,0.0906962424925205,0.144398234020614,0.5564063005507147
bbd93760-1757-4cd2-bbbf-01fe461c282b,0.081121131956586,0.1465850098124874,0.4486134067280911
bbfa932b-6275-4544-9ee6-6d5cda29b600,0.0904750264532138,0.0383020312344148,0.335154455256006
bc05df52-a38f-44b4-a6b6-337d9ef440a1,0.12341102670323,0.1388108926525628,0.436178003426322
bc222dfc-1203-4e32-9ae8-546eb825db91,0.0866008423318709,0.1044006231582855,0.4096620040690196
bc23a448-0fca-438c-bdc6-d30a40b9c880,0.0811048526354163,0.1149951912024406,0.4274432976786024
bc3be920-a7ba-4622-b145-b6b202003fe5,0.1243214401821346,0.1065635617080952,0.4436539607956086
bc498df8-5e00-4780-a6a4-01e177b8958c,0.1064052885861805,0.0714985019758567,0.4217955672568893
bc7ede91-67e6-414a-a993-778ad7f3265a,0.1286134003963941,0.1389292823714788,0.4458557468890126
bc7f3634-baee-4f13-afb3-fa393f64b88c,0.0365891567695231,0.0524238728822771,0.3510256051680486
bca8c509-3654-4dca-bac7-24545bf688c3,0.0250684786345463,0.0212660552074608,0.3274000168243227
bcd0d029-b767-4660-bc88-61d649b5496c,0.0536537636487221,0.0310614827506206,0.3243171847609642
bcd6cdf0-37cd-42e5-9c30-3564baa628c6,0.0459525159419551,0.1086171605164716,0.4132591674390617
bceeaa46-65ba-48f2-9d6f-ab51fa9c1c00,0.0307805273084103,0.0408281154493109,0.4113886282305763
bcf1faea-2787-43aa-9996-466dbfd3ff08,0.0172059238529753,0.0320264385162547,0.3338867647546235
bd030aa4-0b17-4ed7-8dc6-0de407ede0f5,0.0566832994396611,0.0682335266131591,0.3764254248104718
bd03771e-d34d-4f7e-ac79-84d21878e2bf,0.1194259093756375,0.1319061956304947,0.4597651040167443
bd062e7a-4931-4486-ada9-ce1a6e8dca47,0.0234375780248168,0.053015569860912,0.3582594223907772
bd143519-074c-48c0-b067-e4b0dd47c302,0.1216841303441384,0.1370012398386877,0.5378749839245629
bd1f274e-d87b-445d-9f79-293b24f99f7b,0.128416630738084,0.0652708259348194,0.5249572131884609
bd2cae48-f4e3-4083-8393-c1ada9554bb7,0.1152382263851072,0.141978947102171,0.6365627844976098
bd2ec184-4176-4953-a6e1-89739de64897,0.0781262585035282,0.0259208391174834,0.3302844202663664
bd39ebb4-51e4-46d5-88e4-e56d940fa964,0.037535723433953,0.0364037130497114,0.3535617659038128
bd3d9448-84a4-45f3-8502-eaf7b556b432,0.1245380044846178,0.0588549048909652,0.3571604675597998
bd414906-3c08-4f5b-9a40-e59ec626b9ff,0.0820512817974661,0.0631787769903317,0.3922609734468522
bd5cfc09-a5c3-4e1f-b6d1-fca85508483c,0.0807728268579637,0.1317909631006601,0.4391136489655045
bd6619ef-f556-4d4c-8cbf-995da5cfe382,0.1354461717838724,0.0524787583470273,0.395245307410808
bd6672a3-3520-49c7-8b30-fac5d3397761,0.0621942638015086,0.078472582705414,0.3884542989509118
bd806cc5-df70-41eb-9fb8-6c59b20deea4,0.1175252097110105,0.1025026866757964,0.4726144206937983
bda50539-5ff7-49c4-b6eb-434e16584faa,0.1108337922044983,0.0722325917039127,0.377095481302529
bda96ab9-0381-4303-9e64-9dc0d92c5c36,0.0416377570057518,0.0344742038817446,0.333063267205307
bdab1805-dba8-45e4-bfcf-c77a6926706a,0.1430397033178752,0.140640900786284,0.5857050097777814
bdb434c0-fdee-4ead-8142-ab185a47a6e8,0.1521161483587222,0.1315699540784307,0.5729974966375885
bdd3a4a8-cc45-4da6-9f28-2fd74389513e,0.1172588382468022,0.0804201475408143,0.3806059692786366
bdd81d17-7abe-477f-bc5c-168a2b5dcad7,0.0524927339808263,0.1521429773530702,0.5892932822177197
be05dddb-efb0-4aad-9461-3c91ae4513e8,0.0768254861342938,0.1064393802233749,0.4325238056442616
be19e5c3-bef4-440e-a74d-9f3fb19a5cc8,0.0648740595436555,0.0825146772330666,0.3943853808253714
be2164f6-805e-42ff-ad79-44623c0edf96,0.0511502310962442,0.0037393795435811,0.3116418547280613
be3abe4b-c5f5-4cc2-9ef9-c12e6b0ca385,0.0871516423526553,0.0168158338975732,0.4248262033723948
be59d894-7b46-47dd-96a1-315af45529e6,0.0291595818966617,0.1229538627877942,0.4440575426828673
be974b5c-a73a-4d60-af65-b26662596b98,0.0456893177756684,0.1436628949885299,0.4476761081975248
beb1097d-62ed-4623-88cc-704c74e4e9a0,0.0760123351558174,0.0978247863958961,0.4285372400538328
beb99e93-530b-4d9e-becb-2f27186173f9,0.0259390502554365,0.0479588259662793,0.3576275456561923
bec3cb67-27aa-4263-8f76-31145509dfb7,0.0686313714118749,0.1033436366532062,0.4137291358569892
becbf8a1-03af-4818-9b30-9596e8a1f88a,0.0275311351568168,0.0780625436913164,0.3886939098368928
bed620fd-755c-4535-936e-8b9f971898bb,0.0434023050231666,0.0263341483885301,0.3358639576257797
bf14debf-00af-401f-a049-6c7164bbb850,0.0156410685341766,0.059735023565443,0.3706925520862035
bf4568fd-23cf-421c-8ddf-65815bb328ca,0.0802958464071773,0.0675315912463627,0.555972392917351
bf5bf872-13bb-404c-936c-3d7be70eeef1,0.1410975138717375,0.07848230520826,0.4850095259110626
bf6d7620-40df-48ff-8d22-f1050db8234d,0.093829395370638,0.1117202131067072,0.6300428304007922
bf8db096-073f-4162-a2d9-a2ac61980bc8,0.0878142648606324,0.1161772012450893,0.4630600941939336
bfc35f4b-1e47-42d8-8bc7-365f472b9c6a,0.0246226288748285,0.0171256286773664,0.3233592006257861
bfc396db-5340-479b-b435-be7554cec572,0.0299778425532632,0.0339581350437273,0.3422366738473706
bfc61553-bf2c-4846-bd81-ca04ebbba17b,0.0536035477653996,0.0843538189812453,0.3933503580143568
bfe54138-8a6e-42a5-8341-85dfadf9f56f,0.0652686682841401,0.0295345941046829,0.4822995123890397
bff0787b-f40d-46e2-b43d-077ef9a0e0a2,0.1573455388158361,0.0352456380489197,0.5932507334574035
bff251ba-9dc0-4a64-a1f8-c18f7f4b766d,0.0529576279143136,0.0686218181742558,0.4231932564123166
bff707e3-baca-45ec-aa47-a06eaa3f2176,0.0222037587165563,0.0073481062742279,0.3140970433082894
c01fa9a5-6616-4a55-944b-602130881457,0.01181383471611,0.0221690669018082,0.3327612789721488
c03380c8-c696-45e9-90c8-10934f7871ff,0.0817901881536319,0.1170470881785136,0.4289783437970698
c045d83c-55bd-4d6e-ba18-19a3bf504794,0.152534966307288,0.151399375737166,0.5639921653006386
c06b0713-026a-4cbd-bb8d-2f4a85c9e3e1,0.1215539208578002,0.070935496741428,0.4718164755533864
c08e8b9e-a1f5-439c-a718-065af3cfb5d6,0.0469912675842698,0.0692367425994819,0.3803272766643134
c0afc8dd-a992-456b-ac05-0661a4f2185a,0.1261175601646164,0.0400083335949185,0.5475395475612685
c0d89260-b8d4-46d1-b2ac-68fa8e390db5,0.0160283688738698,0.0216211525090217,0.3309186736598969
c0e79412-ea82-4e65-9922-8e2f0a8824d2,0.0594805705865979,0.1580477220124571,0.5673172872571515
c0ebd10b-d990-4728-a466-2b8f69bc207a,0.029339060103356,0.0444355550552358,0.3581255089214259
c0ef3e43-8ac9-41f3-abd4-c11b98e7ec06,0.115425480874129,0.108579657589623,0.4718267789808604
c163508b-ab57-4b8a-b0d6-93071995e089,0.115686290223546,0.0937976908214708,0.4018453731159611
c1669ba2-00eb-43dc-9359-74d08aedd01c,0.0695100634684474,0.0891035554817843,0.3897560093739985
c1710f50-c732-40e8-ac98-619d73432703,0.0966990392514398,0.0418432268093206,0.4956695321917929
c1da9582-4d90-4465-8138-0fbad5218a8e,0.0695853330302803,0.1170182572387039,0.616230471892527
c1de618a-c76e-4c2c-941a-1af713a75637,0.1149901999545471,0.0887445768635597,0.4536941763468348
c257b99b-ebbf-4b13-9e27-4ffed9777fe8,0.1248751005947913,0.0936184077965445,0.4028739103547233
c25ef8c3-dab0-4b3d-8e33-7d5890cbefcf,0.0507099206643037,0.0540857026551939,0.3567521509238773
c26a5c51-db39-4f22-809c-24041b1a1cb6,0.0057540598837572,0.0098546321162263,0.3209304912688727
c26bdc38-f23c-48f3-9d99-7e7a48214a0e,0.0369843306435168,0.0670786734894981,0.3742247360140983
c280c317-fcb4-4e5c-bb7a-5b21dbf13608,0.1298070221264453,0.129973559035766,0.5030627868798202
c290e24c-bf23-4244-b820-d83be1f26010,0.1006902609931349,0.1101405573945731,0.4239956364197601
c294d53f-1ec6-4317-90ca-023a919d41d0,0.1143116179231602,0.0269578532454643,0.329197929754685
c2a52bc7-0f1c-4478-9244-b12e58d16b90,0.0896057464184662,0.1601486272008644,0.4720009459917214
c2ae92b9-ec80-42ee-834d-602b60bb5f65,0.0621934287346168,0.0532567780972951,0.3583399276078185
c2c61d2d-f08d-4019-970a-be8dfa165850,0.1129882100528284,0.0137149018695786,0.3257752358931398
c2d7c3d3-1070-4b9a-88ec-faafae139bd5,0.1382476832928383,0.0753113006962204,0.3932899606325942
c2e1eb56-8174-4531-8278-764e77937a2e,0.0888972759345072,0.1142858251695805,0.4231394620064376
c2e6d579-4698-4e7e-8e1d-0cd9f9d673d9,0.1456300314219143,0.1618700273818875,0.4836323770285238
c2f00b2d-d003-4c5d-98bf-f757baed7261,0.1342129165821778,0.0550897288611056,0.4022080203753591
c309860a-c41d-475f-a02e-94182a43ba4a,0.0459525159419551,0.1086171605164716,0.4132591674390617
c3319ecc-fc36-4bd8-847e-86d6be1fff8a,0.0817497684527892,0.0970278796305993,0.4078532588015947
c375731a-5c25-4bf8-a79b-2a6588e8189e,0.0685136732808639,0.1204532142254807,0.4147584778182964
c382b3df-36c2-4b17-b27a-0213e98d85e2,0.0647335910314971,0.0789044695358334,0.3787338729590262
c390a2ea-4ee0-466a-852d-37c58ac5f53f,0.02440816072154,0.0347843735610039,0.3080024229920458
c3913d3d-4363-47db-a312-fbcecb84db29,0.0278599052756117,0.0774006823835454,0.3998386358762131
c3e750dd-b5bf-4669-8b67-dc30a4894c2a,0.0211267750632543,0.0345585711235495,0.3594461254026381
c3ed1f6c-1b41-44b1-a9f0-1388d6ae81a4,0.0697536962639557,0.0895865724275874,0.3873120018842322
c3f4f417-05e6-426a-80ea-39f41062f4ca,0.0396564920452943,0.0723839688312737,0.3752095150077865
c3f567d9-5bfe-4236-878b-42c98f40934f,0.0944734689357983,0.13779508726292,0.4549549214680938
c4132928-1a54-4752-aa04-4c0b7e839966,0.0744512935822818,0.0563875980137384,0.3458704381627643
c4543b22-9525-4946-a542-0c13f36c211e,0.0247119176387102,0.0334207802552935,0.3395707899909242
c455a0ee-dc1b-454f-8354-c766c25fe0cf,0.0685273616174974,0.0426784399049682,0.3386314386369761
c4689854-98e2-42f8-8df5-ba57da3ede5a,0.1006228039656465,0.0922631021293561,0.3966978997456685
c46a78c4-9bd0-4bfb-8985-46cf79e3355b,0.0270045639466024,0.05988751078166,0.3653777989934275
c46e5e82-01c6-4952-a1c5-320235a960b6,0.1218146110291503,0.0460942852449623,0.3673267805704808
c4700f5d-89a5-402d-999f-7ac5fbf64a6b,0.1129126689332766,0.1469128805880183,0.474865160855249
c4812c94-7154-48fa-bedd-89087185dd73,0.0373139642444087,0.0357896845802962,0.3317355448919128
c488b992-b396-40cc-beda-6668a95e7a23,0.1072630322723705,0.1005799905761437,0.5992907779261328
c48b8614-d3ec-40cb-b105-90fb9fb408a7,0.0258970178871819,0.0289439867673012,0.3391193425019154
c48cbf30-d76f-4164-aaf3-d288f663f553,0.0368214860999279,0.083370371544208,0.3916335283568925
c4943db3-2eca-4209-838f-18195d24ec33,0.0440414289396909,0.1084740996615209,0.4039210580232282
c49a6067-46cd-41fb-8e0e-b120253960ee,0.0929882447713085,0.0463456073847367,0.3914217271493051
c4b11778-1774-474d-886d-4c8fee18fea8,0.1420885808216471,0.0839059209684046,0.5332174899577206
c504c5c9-5339-4fcb-8224-91ae8e514ba3,0.0314158590344047,0.0013759440383825,0.3087721440623268
c53166e7-b7fd-470c-a0b3-75689155b3fa,0.0309784070554713,0.0761658345807629,0.3846932447118864
c534e67b-4d7a-4583-b899-f9cb505cb0da,0.0658853454237461,0.0505497956793261,0.3631525410829004
c53a5d4f-bb09-414d-80ce-58fa0a4f2d31,0.0163229568321301,0.0326954800733878,0.3381367677110128
c57a01d6-d992-455e-a623-ad3e9776584f,0.0754143706353298,0.0750945302312605,0.6055047146557404
c58591ad-557e-4776-aa63-5a97fdfc2f40,0.1570731059581717,0.1260494036293837,0.5754057923611908
c595a9db-0ac9-4994-82b0-a3f42acde8b0,0.1078272668698284,0.1464580622394666,0.597391789231749
c597839d-14d0-4d35-8898-442e36d5f9c7,0.0782912195013297,0.1151119029610307,0.4160060408967843
c598d90a-84a5-4e87-a0a0-4d48d1afbcee,0.111395045126003,0.037816516342356,0.498359428938488
c5a7a2da-499c-4235-a12b-4d4bb2ac93e9,0.1300020036510455,0.0397704175394904,0.4084992263049479
c5c46c8e-4844-430e-bf89-c27bb8314194,0.0735004173758514,0.0731530980212812,0.3941180595192707
c60848a6-63b7-48c6-9507-c6d6226a0f32,0.0511392179140036,0.0340961307842066,0.3342075654480075
c611291c-7c1b-4c42-8936-d9208b8ff4f4,0.1535981762028519,0.0848912455476653,0.6353582235510009
c6438807-7a37-45f7-87c9-fadee9af164d,0.1384378831766936,0.0679274205574678,0.3933372125541962
c650dd3e-e9f5-4607-b06c-1a475562fc9e,0.0097923580919316,0.0194678936726949,0.3195407465232572
c65505be-21b9-410f-87f5-79d64b8a6bdb,0.0557644406010541,0.0827824262337274,0.3921884957964086
c67b3359-5119-475a-a7a8-2300e8f554b7,0.1368720755559802,0.0873854488217992,0.5130958921060649
c67e685e-f3b8-46f9-b676-15c4d6fd5213,0.0672837983729257,0.084027525866213,0.3987567783290431
c6ab7573-cca8-4bd0-96e7-37d8e415209d,0.0218663595956359,0.0397149610898404,0.3429720923013582
c6d8c3c7-e523-49b6-90d9-7c2c09d09ef7,0.0168344167564233,0.0207777857811404,0.3289800558681324
c6e0ba0f-6338-4797-a3cb-15d485edd2f4,0.0410202662588188,0.0513801503157186,0.3574026348765155
c6fac7d3-8c3c-4347-ad42-7345ccc1346e,0.0454136099344183,0.078036984345419,0.3862975436580397
c70ce426-7bd6-402e-8353-319eefabcbbd,0.0119238172851159,0.0191762736193611,0.3253720784451138
c71ee7cf-f556-452f-993a-11f956ca148b,0.0175752791360711,0.0372774869002533,0.3394170259368011
c72587b9-33eb-484e-af1f-867b5b0e21fa,0.109285313255284,0.125850669068386,0.5813979447997988
c74688fc-222d-4866-9790-80f211c5aa75,0.079147075139345,0.1425684999316518,0.4395312894365784
c765cf56-70c5-44a0-a533-e2b8dabeb158,0.01969409966805,0.0223598616355566,0.3298606028430046
c79599da-cf95-4056-a904-fd66154d71b2,0.0641620266884274,0.023511504674182,0.3397650624440174
c79638bd-2b14-40f3-b9f7-ebf52a662b15,0.1575456194991786,0.087904838893859,0.5066781336137722
c7b02172-455a-43e0-bfb5-a73002980748,0.0445517079591791,0.1210963046681704,0.4802156987357476
c7c42544-6c74-4d22-aef0-bc9876a11add,0.0594822480325588,0.0749806252053901,0.3764706743411605
c7fb73c5-1655-4be0-8265-0b2a6be494c3,0.1119502911262362,0.0972466208799964,0.3730177002508014
c7fdcfca-e248-4b27-8f9b-84d026db682e,0.043576639866115,0.1237280926741537,0.4297590367660369
c8247eb0-4504-463c-8ef6-b8ed7188dde1,0.1337206983446745,0.041607135310845,0.4787801332750144
c8378cc2-1561-4790-ad78-9f0fd17b22a0,0.093805029622419,0.0243539681163852,0.5335027749435257
c84a7dd3-d0be-41e9-b3d6-c74350fd3672,0.0649304604358404,0.0765760033138596,0.385991356217675
c862127e-c3f3-45ec-86b7-d272ffbb5d61,0.0775997063136903,0.0726578267096959,0.3738784700238399
c86c7e8e-c76b-49ce-8bb5-3ed1bd66d5f5,0.1285267000843983,0.0731326913728833,0.6237728988636264
c8706bfc-ce43-4ce4-bd5e-1289d2006eb2,0.095859325182305,0.0887705862705644,0.3753473761140371
c8727059-3bf2-4243-847b-4f0c20ee726f,0.1496328018957435,0.0537147328505597,0.617163341144827
c872db7a-96de-43dd-9d2a-4262bfb909f1,0.1219658397434318,0.1192085254235746,0.6079923431029213
c87bb899-eed4-4f4e-9d30-f62d6ff6d212,0.1349855241966413,0.1458183519726122,0.482232762445987
c8ab0382-9ba1-468a-b564-8ebc7f95a32a,0.0331555610080137,0.0436851957695385,0.3512921217779624
c8cedd48-9fc6-4cbe-ad15-886a4a506d92,0.1150293906655698,0.0913778794575919,0.5100239471097409
c8e2b7e0-b0d5-4161-b8b1-866d147ccc21,0.1075387528909406,0.1601765543418725,0.4594977280695535
c8e3ec3f-c478-4631-83c1-60d291f40713,0.0520589431589086,0.0522686926525287,0.3633343023590197
c8e80a30-479d-4d47-ba6b-c8eebb3e74cd,0.1473794347778632,0.0469902005883769,0.5518402078622235
c8ee74f1-14d9-47e9-8b3f-5337b6d7875b,0.0900131689874284,0.0669754691001455,0.3627187964885077
c91257b4-efd3-4524-becd-5c7f94179cae,0.0769173782353316,0.0361730922675402,0.3559574458987323
c93c1404-cceb-4545-b088-198e4d182f58,0.0558474023431385,0.1107399933548206,0.4210278774546744
c9479cc5-7e0c-404d-ba6b-bdff48967938,0.0833112771729182,0.1247000891528695,0.4730650729331211
c947a893-e60f-4a56-a012-93d92b2b7694,0.0879943473566735,0.1008262277533241,0.4097819075142145
c94b56a9-20e6-43c7-b900-30784ea2b105,0.1308445812994026,0.122777888063626,0.4624444342269935
c94cf4ef-b792-49ac-a6b1-daaadc149b9f,0.1415153670451359,0.0759102950319677,0.5591403374692677
c9504ce9-9877-441a-8bc9-4b3c785c0233,0.0519981758561059,0.1300249020874123,0.4865830243290074
c95bac36-b140-4b9b-9cba-20f940454c2b,0.0900634861362278,0.1409861384317673,0.5913723386446953
c95c6e7e-897a-41c9-b7ea-f34a74e59147,0.0342774026155056,0.0545050800291109,0.3665461576346595
c96ed6c0-843b-487c-9f4a-db1f88b91f42,0.02583627235991,0.03883698753082,0.3493415988552898
c9713e65-322f-4d57-a16f-fa672bdc0021,0.0094040463033812,0.0242522871676531,0.3338269367934967
c9916ef8-169e-488c-b604-06fb3fafc31d,0.108407002772861,0.1073743276197184,0.5628361749576164
c9a85014-feaa-40d6-af30-7bdf55e0941d,0.0902983549183986,0.0864785628454526,0.6322337134426491
c9bc7478-1ac4-45a4-bfa0-de07e5640166,0.076151970857778,0.0637287367165712,0.3565619169544052
c9c7da5b-160a-4380-a9d7-6ea33058ae4f,0.106138585053728,0.1452970999510334,0.5184442998277944
c9e4fb36-cdac-412d-8fff-b4953fa9cf5b,0.014845448969973,0.0161446145497575,0.3280531235512459
ca1baa68-8677-472d-891c-d22c1823eafc,0.0241431100018974,0.0216897701663961,0.323378986539873
ca20501d-2dd1-4fe3-8527-d0d13b32085c,0.0411901104283029,0.0982466136664107,0.3731165822075858
ca2ba2f3-4bd0-42e8-96da-f27dfca61d14,0.0298008824983266,0.0649339462511273,0.3683285852446697
ca43191f-0123-46f4-aae6-c969df5fda7b,0.0758070323224032,0.1569352043118525,0.4938569321291316
ca5f666d-af0b-4ed3-8efb-58f67ce9d6b9,0.0195217817338265,0.0274171042543545,0.3241464353052593
ca694739-cc86-4425-a64d-07953c81615c,0.0802810716140306,0.1227127469947792,0.4165672810043605
ca6a9d49-8e67-4c8b-a69c-2688e0bafe18,0.0853116962665427,0.1242222717767744,0.4479838301009624
ca944454-9d01-4511-adfd-f0943a22a1a7,0.0877563082125833,0.1271826843194403,0.4409155158892868
ca972714-aa22-4af0-b8ac-d7265e0f7475,0.1111683851333288,0.1037794659871272,0.5645154448291472
caa240b3-60e9-407c-84ef-d3db12d0f270,0.1298239162222918,0.1336401382601957,0.5350905248213644
cad2bbdd-a2e7-4847-be60-3341919696c0,0.10018487813204,0.0410697250114578,0.4878892095232284
caf53602-c99a-42ff-aaad-27fa7372f97e,0.0961797694142741,0.1153222298369958,0.6065996853170074
cafefdc7-eaf8-4f6a-bbce-077bd7cd1f5b,0.0191839486277141,0.0139929068978406,0.3166921459087593
cb0b6775-3def-473b-a82a-90d67c8cf90e,0.0424997819222522,0.0798122780301702,0.4219036705683555
cb0fb661-aa26-4aab-8b76-e2cc4cd7abf6,0.091048342046771,0.1100153456622914,0.4226487252275054
cb18d7e0-08b8-40ec-b13b-d66ad0ef2fed,0.1483532595194934,0.1480082500625383,0.5853499424448063
cb1d61a0-6567-41f0-9ddd-a1a4ac250a5e,0.0593434502208299,0.0951477295156791,0.4091586249160654
cb1f51f4-f8f0-4fba-8090-a4b323f9c734,0.0693683590862436,0.053425734721449,0.3469050911011949
cb3107b1-efeb-4f0e-b0ef-2dbdced82d1b,0.1245408119982722,0.1333392960330177,0.5580400071878938
cb349111-97c8-43aa-86dc-8d56934aa929,0.0084199838814992,0.0127213149163952,0.3039106569920498
cb58c4ca-f193-4ed2-8d71-a5a2d4f48ff1,0.0204575724094126,0.1448386801719731,0.4494683099506131
cb5a51be-3158-416e-91f3-424c59eb6c6b,0.0957975370171379,0.1411818690883254,0.4433359692231961
cb920288-fed3-4eb4-955f-30f43bba802e,0.0458216957856918,0.0596285414094504,0.3619681493047198
cba23d48-6861-4528-aa21-ecc7f04a2da2,0.1114506986254228,0.0736490552996807,0.5515319331450351
cba5d93f-e9cf-467c-9673-a7d9ae144b2d,0.0504655232005581,0.0605857207060434,0.3709624999726501
cba77a57-e18a-4c93-913e-c8b4aeaac568,0.0338485189885469,0.0396234404706431,0.3510250069183351
cba89eaa-9873-40c1-b652-3d4a4199b74d,0.0913019108371718,0.1582828050190476,0.4695679588114051
cbb2502a-5993-4eef-a9b3-d2f4366fa8a7,0.0680900771530868,0.0803505845552616,0.3921489230304248
cbbb11de-d22d-402c-8336-a94952dfd0e7,0.1089556432334411,0.1576205859550261,0.4545061147479233
cbbfbbdb-9879-4359-96f9-4e987c0d8dd2,0.0875533773678397,0.0434074586289873,0.5278131998164208
cbc91ef1-103c-48f7-8662-19758139ea0f,0.0191589430486669,0.0376900573616858,0.3479663379535191
cbdaf4f9-406d-4ceb-8777-c2ef831b2b1a,0.0099098995569091,0.0115444814905951,0.3722055771153033
cbe3b3ed-a4df-482c-9763-7d04000c0269,0.1018490903054769,0.1291342221599476,0.417958065147176
cbed8aa9-fd1a-48c0-90da-9fff981a7905,0.0761816355275966,0.0871024947819631,0.3997807334035211
cbf97c1e-8b0d-422a-b589-4720f30efa96,0.0166865710018551,0.0091442760455105,0.3126567010069358
cc2354f6-4b65-45f7-8b34-152bfa110eba,0.0620115781637367,0.1524752154421665,0.4587744442121999
cc477a0d-9281-43ff-a620-4aff11aa7d83,0.1207738993475858,0.1312485621878044,0.6344937682653826
cc5ef2ff-50b6-486a-aaed-299024243702,0.1562034980971026,0.1213248085387447,0.522135977498592
cc6a1ca7-25a0-48c0-b135-7e6700f127c3,0.1490157945693637,0.0895477514649569,0.3813739716219148
cc767f02-89f9-4251-9b95-ef3dccd61d6a,0.0236978982795665,0.02821720424738,0.3397790034324923
cc89e9a5-bd2b-4b7e-9e1d-bb49b28b302d,0.0424748383104877,0.0937129407734432,0.3934681781922954
cc916827-14bf-446d-86ca-5017e539c18d,0.0840400469082908,0.1227164029705721,0.4289801000841066
ccb041f5-e69c-4ea0-9fbe-01e3a5924080,0.0719596183139205,0.0714407759957511,0.4439102127651597
cccea864-fce7-4110-a3b2-8943ce259fc8,0.1224757368355939,0.0880211740190723,0.5333560348710609
cce36b43-b924-4c62-9ef2-abb9ba08ab73,0.0775606055851308,0.0752765298518944,0.3835061676252155
cce8ebf3-d6af-4ff0-8d34-ea97004c5331,0.0297595649167088,0.1527581155156506,0.465417890889405
ccf2209d-03b0-4c5f-bb9a-4d50871c6df6,0.071201346168344,0.1001212566510336,0.407737919467208
cd09b82f-2c9f-4c20-81e4-16f9c7029cbd,0.0442677517852235,0.0490016040565478,0.3938046467846897
cd0c4028-719e-48d6-ac9d-b7bf0f702315,0.1452974609153914,0.1118690811709829,0.6097332144190022
cd0ccca1-58e5-4d11-bfd1-49e3a091be1a,0.0991277174247689,0.0493800564075577,0.381880403763676
cd135e9c-7164-443e-a5c3-05998014ca26,0.1099070269396998,0.157567323080237,0.5402588312830886
cd23aa46-28e4-4419-a9f2-4c24970ec087,0.1320317328373265,0.116113692301568,0.4337689645580866
cd277839-98d1-4764-8c68-75410339ae97,0.0901214347559997,0.036306575184572,0.3432141800326893
cd4cfd2d-3081-4a16-8942-61d3459c11d2,0.0555088008010834,0.0862770440332915,0.388556055422191
cd50cb70-b8fe-47f1-8f36-44574cf63ce4,0.0594021838957578,0.1013961992438775,0.4144402302449635
cd56ffc2-0c78-4d15-a2a9-55abf1375eec,0.0992593422990892,0.0884546910319299,0.3798850296167257
cd618e22-894d-4f7b-b646-00bdb19c8f77,0.015352720210597,0.0149656381981893,0.3110439589329837
cd71f439-11a5-4279-a2ed-ad131392f670,0.1328434812576439,0.0629606378447057,0.5038071838769821
cd7d8b71-9642-4b86-8519-c10ddf4bddb0,0.1107042980882184,0.1128147449270594,0.4209087661106
cd7f0068-8a91-45f8-880e-7277ed7f5c1f,0.1200928599775542,0.1529503850378706,0.5959426823871935
cd9a69c0-feea-4abf-83c7-73a704be454e,0.0331218313790488,0.0398469268405758,0.3531946952506491
cdb903fa-c43a-40f4-8969-6d9233e7a48d,0.081447274776792,0.1609066225198501,0.4644013195735966
cdd004ef-42a1-4c92-96a3-5532226623c4,0.1007716769437412,0.1502323551808636,0.471362324263607
cdd9bbe1-fcfc-461a-a334-4d405f2f88b5,0.1478524105915097,0.1205516141287476,0.6336681410942087
cde61748-d118-4612-a982-6a0117c0f853,0.0455010780181446,0.0709906653637419,0.3739037900501057
ce2b489a-dc2a-400e-bda8-301b57f340b7,0.0270126757158259,0.0912623708759431,0.3840059045280101
ce31d1b2-511d-423c-9114-01777c51b1a4,0.1149573256988926,0.0645533198818785,0.5731950802775098
ce581425-5e62-4a13-9c30-26d58a3032da,0.0892091500829105,0.0382017139851418,0.3649672538927954
ce67c5a7-32b8-4c5c-a863-398b303877ed,0.0294692303853851,0.0393608971813386,0.3557946671226728
ce6e2927-b665-498a-8690-0026f1857b30,0.1013547392433675,0.0790746692695885,0.5958852245524662
ce72621f-e0d6-4b65-964e-1febf04b024e,0.1473250215928818,0.0675953527376928,0.5171480922702173
ce87e50a-8b4b-4289-b52e-9012c51b4c66,0.0106692433586321,0.0239944787133739,0.3284278719350484
ce8bebc6-8168-4e6a-ba3b-7e7749aac0ab,0.0842367428803036,0.123486103341951,0.4231468733332405
cea6a560-ce26-49c4-9a0d-da3041d6495c,0.1573777389330153,0.1070045894008986,0.4539243227188104
ceb0b0ad-0197-4a78-a7e9-5316fba5d31d,0.133971184353829,0.1616328646713886,0.4887874538480703
ced2e76f-d14e-4b36-8402-057ffbdb2776,0.0211273303973085,0.0128720809374682,0.3245525249970565
cee2816c-65ff-4cf7-ab6a-a808cda23adf,0.1363207994771562,0.0966266769940392,0.4074602402649521
cef82b4c-b003-457d-9438-fae7d07eab42,0.0224528542943373,0.1232462497848136,0.4788511635863539
cf0cbe99-f7ea-4798-b650-9253ea856796,0.0816872652344029,0.0609924899117881,0.388812849052758
cf0d0bc9-8da4-4421-b96b-65f68c0a63d7,0.1028414485588628,0.0449172984487386,0.3375465444979676
cf133fa5-f28b-4238-be52-0c540ef260c4,0.1168992358387523,0.1512051196326483,0.4623256924779451
cf1369b8-add3-4a58-8972-e6418648222b,0.1436311103683998,0.0323339182243925,0.3328521909883529
cf2743b6-8f78-4a48-897d-522c04405fe5,0.0278409557455961,0.0808022165006233,0.3910130583669825
cf35174c-9c34-48bc-8a56-752be3c02a30,0.1392826989148353,0.0966877752292489,0.4240187970072266
cf39b796-ef7a-4639-b81d-e73a142ec99b,0.1487898714798244,0.1629505501597658,0.5435030810572926
cf4ad9b8-2d8e-498d-9a0c-1405cdda7255,0.0828654640339006,0.148440738924091,0.4577932824066211
cf503e22-2236-453b-b597-521004fbd2a8,0.1230353763178448,0.1583803051725102,0.4672289528434032
cf53fd53-42ba-4849-a805-a6c267457f52,0.061380245478339,0.003845891971038,0.3318185775930452
cf6df35c-b899-4e79-a3c4-4d31bca41c01,0.1410037780458439,0.0458422765004656,0.5963411432030014
cf789327-98ff-4ca6-ae45-053fa7519c7c,0.0649729250786971,0.1496353038278352,0.5818939545854193
cf8176f5-d36d-4372-9f42-5a2edc388026,0.1040758887417534,0.0631519145950906,0.3702018289734373
cfb317cc-1afc-42a3-bd72-dbca072411c2,0.0590410865334533,0.0054631597467976,0.3612347023207072
cfbb7bde-4344-4776-8924-952106cc32aa,0.0449570390590729,0.0984370176953199,0.4129800455879354
d01fdc79-916b-4b89-9a27-3d50f31f4178,0.0363661866510862,0.0597154032903062,0.3754646442631454
d02cd1cd-439f-40e2-b92e-514cf27fc01d,0.0689706184097863,0.1367527489060956,0.4346410136266923
d0313f9f-26b6-4cfb-813a-58947845f7e5,0.1233964597155557,0.0832082598792323,0.3954043012372329
d03669fb-fc6b-4882-8ddf-72a861d6f9f7,0.0798665264288621,0.1219797752022564,0.4222908973100595
d037a96a-b79f-40ee-8e4e-1d69937ee62c,0.1515506605169954,0.0501039245920633,0.6211309789505247
d04392e8-3e39-48b1-846e-a0a37fda73ee,0.0175540240809348,0.0174753825675868,0.3260852241355237
d053f6cb-2d70-49ae-bca1-b855174b9cb8,0.0876530797841482,0.1090734581953523,0.4345538829252388
d077cf30-8df6-4e98-ba3d-6fe488b12126,0.0334118474511867,0.0208334468492344,0.3321708385646136
d09a9ba3-0296-41c2-91e7-8888dcd385ff,0.0457266652969943,0.0790564890587153,0.4640708760258429
d0a3269b-0840-44da-b62a-6ab817784788,0.1292861480248371,0.1367052016872857,0.4441864816943346
d0b19b8a-52e2-4860-87c7-1c7a45c5003c,0.0383282235210414,0.0612067959046632,0.3697027369687645
d0d91b71-eef1-4647-8fbc-420ed3f09ac0,0.0766756697758846,0.1132732157017765,0.4251140089334214
d0f2a4e2-c557-4b1d-9f43-b0c08cad2ae6,0.045206327839696,0.0395964694093211,0.3458024433217531
d12358cb-c665-4e00-8307-2da00121a9fe,0.041965999497388,0.0630240253623119,0.3810755491867773
d12d1842-e5f2-4938-999b-7fd6994987bc,0.0300391791174737,0.0536812465271259,0.3494835002266482
d12d31e8-ce66-42c8-8710-7ad3c6c524bb,0.0723060737952816,0.0974310820088979,0.3958493952991625
d13751da-f3d5-4d93-951b-7d8e99fd1023,0.0853544735991994,0.1402446745197532,0.4451853381408552
d146213d-f4f8-497e-a62b-390cbcd65e5b,0.0551706834648021,0.0333772422965253,0.4999563367317251
d1484533-6686-4fc1-87e0-539f5dbf6ab1,0.0613910340145927,0.0875054888535125,0.3890917962112106
d1559d2a-61db-4762-8805-4cc9b2e5fc12,0.1123258680798631,0.1225588257702164,0.4255305102478434
d160a428-2831-4db6-b190-abdf39298533,0.132904979126655,0.1323871754342184,0.441104979171522
d160bd41-86c4-47a6-86e6-474e5878052e,0.0592248816358636,0.1342507916012581,0.4316498754588557
d169f2d0-a801-4b4c-b784-9b7df784502f,0.0435150651262917,0.1127805332862486,0.4777438290767367
d179f531-bbf5-43bb-b2f4-4a5c8f40c396,0.0610267088998119,0.0537021779054964,0.362597663333712
d1a4c659-ff6d-430c-81d2-4bfb56b78424,0.038338874808444,0.0464112861172296,0.3604780755708966
d1a90b4a-0935-485f-9023-e674f1c186d2,0.0200385430648134,0.0733667771763556,0.3835366799658614
d1b94a08-10f0-4a2c-b4e6-60e6760eef29,0.1488691317348174,0.0460395931111288,0.5576669381072548
d1d6752f-8a5e-4405-862b-2169fdff0aff,0.0770367837213085,0.1373644610602375,0.4434389526237106
d1dd5d39-1cd8-4c12-b873-cc1c39c61255,0.0345089979124301,0.0446788724833519,0.3523434180865425
d1ea333c-c499-492b-9ee4-854ecbebb600,0.053121456354453,0.0391508898266451,0.3382551027383038
d1f89bb9-1ad0-4ef2-bf17-91180cb26756,0.0122093882147881,0.0148637002320516,0.3326481393767436
d1fcaf4d-3e5c-4bb0-8ec7-de4e996c854b,0.0191258805951926,0.0279553055637895,0.3042633815749418
d20240ae-5f33-44a6-94d1-cbe8c9b3125c,0.0288815276436694,0.0717358765505901,0.3854475506461289
d212e0a3-5c32-45f9-b537-c5187cd7332a,0.0436926567947041,0.0862896644790136,0.3941908496561016
d23e1ca4-a722-4c7b-aa28-7529295fabad,0.1524969328225811,0.1028724025394162,0.6022403125458884
d2472a8d-a737-4ea5-9971-f537128a8882,0.0555674818654361,0.0629430765968819,0.3739135180469571
d26e4c14-e886-449e-81af-264f31ede29a,0.0536697760561137,0.0628385724525039,0.5470760972089771
d272a40e-65f6-426c-83d5-ab5c83660cb0,0.0747518372145017,0.0935190062525903,0.4000440348028188
d2a69eb6-7255-4ddf-8c83-65f19512bdb9,0.0782275643635125,0.1393655144299566,0.4537501254902648
d2cc3159-c21e-444b-82e9-2fe56c39674b,0.0092627336365949,0.0187029221612698,0.3283312528255181
d2ecd1b2-ecb8-4049-8aec-c4b830475497,0.0469846890939379,0.0906914186657763,0.3925085033846072
d2f6df98-a1bd-4863-8c0e-a9c6e3a52c33,0.1198646922741809,0.1484325424707574,0.4621673083421893
d2f8cee3-5816-444c-9e98-ce5847557bbf,0.1582320491914701,0.0838342827719636,0.4325671988160324
d3046eaa-e004-471d-add1-05321a2e3237,0.1320152392380839,0.0800308733739438,0.4723735492459164
d32600e9-cd67-4de6-8d95-629e835208ea,0.0507045570240307,0.0739100026143021,0.4759044176220299
d33daf68-0844-4d6c-91de-889096e58b9f,0.0319632601077365,0.0497479888774608,0.351767897062914
d3441c33-a1c2-41cf-8061-ba9c81e1c603,0.0191903481962366,0.0399607191257527,0.3462190276673584
d37cfb40-26c6-4b27-807b-1c27f51ace39,0.1114957088294728,0.0938476441710271,0.4195958607690497
d3922233-7a09-419b-8ce8-d9421d592c82,0.0315818793673306,0.0476207960038326,0.3552076172825806
d3970a1a-8766-4f0b-9e09-45ba69bdcc8c,0.092067186493149,0.0065433858541869,0.3094646110638819
d3ae6e48-53c0-43c6-ab8a-6a56cdfe4c9c,0.1256417833603529,0.1301431684573424,0.6375545686116741
d3e27980-d96f-498b-889a-0f32be6d43c7,0.0498018579447586,0.1225559850028521,0.4325414989404689
d3e33264-3db5-44b8-91ac-cdab77c0aa1f,0.1246133131060738,0.0326332188159045,0.5285932014208464
d3ebe163-1185-4d82-8329-70f1dab0ec95,0.0550004293491334,0.0714457417870986,0.3802909994802877
d40ff810-5c12-4aab-ac1e-5835acdae44c,0.0900043341554604,0.0489299146074653,0.3505582654717942
d414fa34-47b7-450b-87bf-6d6721ef1e6b,0.0602971627448347,0.0929858304956822,0.4017073033968453
d42be258-c900-48b1-934b-a7761addeaf1,0.076335619813518,0.0564570720669803,0.3630177722269745
d42db165-64e5-4751-b8ba-34bfbe8d7057,0.1293026866047799,0.1174354299450916,0.6331823788353765
d43d142e-726a-457c-81c7-38bd84a3563e,0.0539552660760136,0.0564031869886831,0.3628150227900111
d44e79a5-29de-49c1-a182-55f38c02ecfb,0.0631332027970991,0.0677235212820596,0.3768582173173483
d47153a2-dc57-49e9-8e82-121ddedf8146,0.1203694190851794,0.089799479879143,0.3864510746700394
d473ba0c-33b1-46ad-8229-c4628e66026b,0.0130955587886238,0.0570410145098467,0.4116969795129368
d4a35b17-7e2b-4629-bbe8-5eee2983a7ff,0.0813118471866667,0.1045073739956284,0.3970091214240475
d4bdf7de-b23b-4d01-862f-59015f3e1ee2,0.1528393731221358,0.1339511325632301,0.4777987603265143
d4c9a0a9-307f-4e75-938e-7c8c6deaa28d,0.114196103629094,0.1064618010412939,0.5777880684519933
d4e5904d-beb1-4800-91e6-a49887a9ee3f,0.0190299419598955,0.0259615866451772,0.3370540761775132
d4ebc04a-fe9c-4ee5-abfa-80d6f7e387fa,0.1026790028466063,0.0850307812841354,0.4081166290767957
d4f3f915-74a8-464a-8abd-8d82b5dcaa8f,0.1070636736920783,0.0295055035971436,0.6322879149571456
d4f406fd-d79a-4677-bfd6-03774e626577,0.0797976103019443,0.0427162338374081,0.3555461288243737
d51e0b1b-5adb-4492-be1e-864029ed5b9a,0.0992901988417181,0.111839393136708,0.4238165352388606
d53210a5-d069-4a57-902e-0ca6287c228c,0.0491706823765391,0.0736051654349807,0.4211067197927667
d55b0232-cc07-412a-b3f5-015c784c29fa,0.1578052544746807,0.0658111544938119,0.5873212836981305
d56315b1-a488-4955-a5ed-e53bd4724483,0.0876909295667508,0.1311723948813457,0.4683624088054569
d56756cc-bfc3-4e10-8ab6-5e51e4c08586,0.123681742791626,0.1398077165042704,0.5927151118248044
d5675976-417c-4547-a85d-50ec8ebef693,0.1033910100349853,0.0239202363393232,0.3832393419502474
d58dd336-ff64-434b-9071-c94689218ca8,0.1069612594997655,0.1143830799772231,0.4180822067034614
d5a46c7e-a6fc-4d4f-ba83-77297fa898e0,0.0485929381098096,0.0917178764398028,0.3999366908965467
d5aab07e-e96f-4c5b-80b4-56e59416dd73,0.0455620637985905,0.0531721288538817,0.3581564417838999
d5c0f338-8139-4f37-8059-1cfcac4c7f92,0.1456384384847542,0.064516863250942,0.5563440875638328
d6359fea-e4fb-4175-a07f-80b73d35719d,0.056565226926072,0.0207227166920057,0.5579223882369363
d66809bd-3479-4e5e-a2ac-368b7bfa2bf7,0.0443809735442786,0.0760171130894103,0.3792307358309666
d679e74e-cc32-426f-8584-5338ee3cdffc,0.1161943215352052,0.0229659161089907,0.5434396899438177
d68e0933-a88b-43a2-806f-0c7177f464df,0.0753994072722274,0.1104525423671589,0.5115034139464119
d6b85c54-ba6e-4e5b-8564-146b8d0c94cf,0.1235798732584314,0.0535469914912528,0.3652480916303178
d6bbbe9d-a00e-41fd-b6a4-1c83e0e11506,0.0151026952069791,0.0156418499879481,0.3249235585557109
d6c957ac-4f5f-45a2-afd4-c756e97de9dc,0.0406222341370171,0.0515656032051083,0.3561879449770155
d7177e09-229c-4789-a706-f3834cef879b,0.0666860302400443,0.0740909878514995,0.3778178425779339
d7407a21-e1db-4ecc-b183-ea2a5596b59d,0.0110520617731486,0.0335754457152369,0.3540565177324181
d741fec1-f7ad-4ab3-b615-abb4c3aa40b6,0.0676400350941724,0.0953250521886479,0.3936488012232026
d74d6cfc-be4b-460d-be6b-46e974b2853a,0.1334424620232797,0.1397280632626982,0.4511146377044708
d754da6d-aeca-4102-a115-c6f169d4f73c,0.1475395125802576,0.0789222601948618,0.4147186782735481
d78329a4-5ec6-456e-a912-119ee065412f,0.0955220936184564,0.1372803521137491,0.5355804983658883
d7914d3d-a8fe-4a77-abe3-7b4c94b2f635,0.0264247597557158,0.034935062311948,0.3419571866530096
d799c7f4-62f9-4ad9-8e24-55cc9a13065b,0.1416973817948716,0.0516342135832232,0.3468159125080651
d7a62aad-bd70-457f-9585-111674b905cd,0.0835352423937015,0.0906280616801472,0.4046895753845494
d7aeee85-0820-42fd-a4fa-86e91bd918b0,0.0206450712389993,0.0273052504296196,0.3339759848770152
d7b64982-826e-4bf4-bd24-b11e4c09d0fb,0.0610676348964413,0.0605544542481889,0.3582990579741588
d7e25d21-f14a-472a-b48a-39f21d69af41,0.0795525542643686,0.0799573390149537,0.3844852148356519
d7e3876c-c41c-4519-9a2e-31d8adda131d,0.0616420033910904,0.1057533681554903,0.4535987337642511
d7f430a5-18e0-4995-9fcf-c6a069d6bb39,0.0741418157978242,0.065383190219253,0.3688172079754101
d815cc74-1333-4010-b9ea-0b33560d1c9c,0.0697211706481278,0.1588026322689602,0.5770561638212474
d83699de-26c8-4c67-bef5-4cc86396ca5f,0.0063830455544899,0.0038882008751692,0.3047393719453453
d83cf17f-a1c6-4608-9c0a-9dd0b516dce3,0.1123367081062079,0.156673130623497,0.4916256698141391
d83fb690-5eb1-49cf-8d77-a5aa826a1ab7,0.0269355014658547,0.0499606812532589,0.3908967451881931
d8a781ec-4aba-45e0-9ef7-99d611a3013b,0.0278599052756117,0.0774006823835454,0.3998386358762131
d8afc2d9-ca44-4b77-8f17-86a03832ed75,0.1464220612117689,0.1279642958644137,0.5698562253676737
d8bdb005-0795-45af-99a3-427bd3e83ede,0.1441232776573195,0.1595689209317011,0.6065957001896793
d8e55893-a45d-446c-9322-f225f381f302,0.0368214860999279,0.083370371544208,0.3916335283568925
d901329a-0ab6-4e05-a9b6-4c87b7bcd3ba,0.1072388059376814,0.1300406590351897,0.4111481041519464
d9145ee8-3b40-45f6-a95c-3a0ffbd89d37,0.0555489590495138,0.0131428286407115,0.3230359383079662
d91ec1c7-900f-433a-bae3-cea0228242d6,0.0550111698155882,0.0456788735720908,0.3522317369935588
d933d3ff-9751-455f-afbc-61e578d96a4b,0.0597462947412408,0.0978429009946861,0.4035262306649754
d93f99c4-d19a-4d54-87ea-049468d3dd77,0.0977562699015945,0.1494152869285857,0.5423703657526031
d9475294-7634-442c-8ea3-4923d36b60e7,0.0327951777876742,0.0411421338245131,0.3452128547075301
d954ec40-074d-47c1-8816-afafbc0e9737,0.068176010021612,0.1144772329524283,0.4192525619243437
d95f9770-64fd-4d4f-9766-34d4afdef5a0,0.0921363987377468,0.0354240178906489,0.3736235043370683
d965b3b3-63c1-4c3b-8984-aa2419fabcad,0.0515346214065703,0.1092107782433559,0.4761931701224224
d973b3fe-4b8d-4d9a-85c8-2d15fd721d1d,0.0101162421182781,0.0273202739107191,0.3418461437797146
d9750343-9ef2-499d-b568-40a136b4a6cc,0.1593078573544569,0.069654833739478,0.5001153387938194
d97a5069-fd63-4e10-82c2-975a213ea2d8,0.1244679751183766,0.1243868826324785,0.4257916671287878
d982e478-e880-4d65-b93e-6d018db0a4da,0.1571145267044091,0.0914119382937307,0.5949527775407859
d9a22c29-3168-4889-9939-8773e69e6486,0.0423996923977193,0.048548638330045,0.3553945240963168
d9b02d90-8594-4f5b-a141-1cb35a4db86f,0.0832988255058488,0.144688603759041,0.4522829113616357
d9b378fa-3c50-4cfa-8553-8bc8ca8ba868,0.155082207525369,0.1629759303890535,0.5752958069878309
d9c44d4f-d72d-47f3-9d48-b24da3c242e0,0.0526635324219013,0.0440996133214554,0.3367181452982938
d9c8f49b-e434-4f9f-932b-d97acf22003d,0.0243826011106505,0.0331738352021014,0.339553431825183
d9cd513e-97ed-43e9-b090-16bac600267a,0.1072062806611464,0.1557590955478063,0.4643009748380654
d9d9aa61-0a8b-4f5d-8699-ed5b8678c7b0,0.0766297659364761,0.1020958305262772,0.413343152479065
d9e230ac-f769-44de-98dc-17df21aacfbc,0.0245313405738296,0.0153350046431951,0.3191783994796622
d9f807e3-9825-46e1-8f2e-4fe27de66a44,0.1504060396733677,0.0709594411705156,0.4705521851556552
da21fc7d-d13c-4a9c-81b2-c5f00347f9bb,0.1043151406417817,0.1038140150664738,0.5227652860220755
da2becb3-57e2-42fe-b8a8-2d191b4ecaa0,0.0890718907531194,0.0849378108372822,0.5480824659293022
da3992e2-cb33-4ad7-b157-35a33dcb0d34,0.0838527484419194,0.0903336060934543,0.3973834990762762
da4c5e01-fdbb-40d4-a670-25db57de2917,0.142739842941128,0.1380413588898603,0.5480243750825478
da5bb6c1-dc46-49d0-a203-e54c0752e8da,0.057279341776604,0.0234795873508378,0.3310672402511778
da5cb0c4-1b8d-4aad-b920-7cc1e636d4df,0.069606360222596,0.1382383816499353,0.4429040298216941
da60c41e-1c66-422f-a634-a6a8cc842949,0.0509313842829813,0.103731943045628,0.4064496439840835
da61bccc-a02d-4e35-80d6-4a2afa2b10e1,0.1161972760087581,0.0649437091309371,0.6039974167062917
dab5f720-4982-4622-a17a-e3ff0d799ce5,0.1043037785185428,0.0736218305939477,0.4109305268965797
dabd173f-b73b-4fab-ac34-85dab9d30e33,0.1163277958590544,0.1197589423448498,0.5875983329017445
dac23683-8974-41cd-a178-544e11420b2d,0.0618514827201228,0.0668809319474432,0.4180302533161249
dad5b2f6-369a-4985-b2cf-eae5d2987dd3,0.0366763237360473,0.0304299554864394,0.3385771514046997
dadf9444-b91e-40fa-93d4-5209918656af,0.011639915401412,0.0222603789603543,0.3376732508811422
dae053c4-1be7-4682-b802-592bdeb3ed43,0.0364526900659944,0.0686830373477903,0.3747113216428482
db00cb44-5e62-413d-a092-d9cbeed1848c,0.0165146320630793,0.0107733304784672,0.3336063824614513
db0153b9-34e3-4e9a-a52e-fc7e2c6edab6,0.1248346537767747,0.0762390842462139,0.3812546186228855
db02610e-2d85-45f3-8690-d4114b0af610,0.0547447337386698,0.0556607129006191,0.3643416095196859
db08401e-2ec3-43cd-861c-69714743d1df,0.0371315236218031,0.0563095645141121,0.3656768069158223
db16202d-9427-4804-bc53-3b287e6c76c7,0.0642342100802579,0.118584131815314,0.4625416585792979
db2102ab-48bb-4b67-8087-c6fe639b2225,0.0125617558996121,0.0227949627387171,0.3332338213229331
db331f12-eaba-4bce-a170-2e66bdb1151b,0.0359265857523133,0.0287740974878783,0.3405698815342701
db34fd9a-8043-4447-82f5-653bbadb4cae,0.0177365970712682,0.0167744063359074,0.3270082803746174
db3f836d-3705-4e46-807f-d8d621353504,0.0919577396383878,0.1180436508495273,0.4273412905836682
db42c8fc-08c8-4703-982e-c55d364c8d27,0.0052098729180232,0.0091394754137368,0.3095726191658194
db438143-b79f-402f-93b5-7b7c08227381,0.1040989822133857,0.1334120491605065,0.4805213962023468
db71e4e3-c916-4c70-b487-18b46452c71c,0.0295196628809261,0.0359083543331637,0.3561390051820443
db723f26-2c7a-4f6b-9471-866da1959e8c,0.1203506664830405,0.1616203248431519,0.6098294399029216
db7453a1-005c-4279-85c7-8ef38034dece,0.0333144679849275,0.0432943766876079,0.3489442524720436
db8d54b9-7c22-44d4-90f0-315b30c3ac5c,0.0617461622374311,0.1134359976769269,0.4112191183644719
dbab2c89-c764-4ace-9b79-f664e8961439,0.124553296810099,0.1590546508059616,0.5343889510406681
dbbdd55c-8356-4851-8ae1-e9fa9adf640d,0.0132372854120059,0.0258434336731106,0.3400277387140038
dbbdef22-2147-4b92-9379-054083273757,0.0278495802925884,0.0131011629391361,0.3281192308705448
dbe21ba6-1bc4-4448-ba10-794e2f72d2a2,0.0287826589872087,0.0398986825263213,0.3416593206342085
dbf77053-ad18-4d3d-94be-7cf19f9be487,0.0476642825471699,0.0279336797942182,0.3290077717571652
dc2cf2e8-e858-4dbf-8ec2-5766e817d5dd,0.1051515807484553,0.1130488350148881,0.4265481577702174
dc328b8f-9254-453a-bed1-8d9214366499,0.0521084390494616,0.0628523866127172,0.3811343646518118
dc625ef7-ae3f-41e8-8493-31d987d5f75f,0.0067041452015294,0.0138624595114757,0.3122473807756653
dc6dcb8d-f6d1-4eaa-bf68-e3ab961f3139,0.0752813025522962,0.0923061607036544,0.4018979286770516
dc799362-cab6-472a-a70a-454fd4ee1785,0.089406225560366,0.0604764846612502,0.3608404654170613
dc9c3635-ffe0-4c94-bb8b-11ee565eefd7,0.0291797543523934,0.0303502777911751,0.3412830295063249
dcbbe5e2-2cf9-4ae7-ae04-8629bf60cdcf,0.1141123011293364,0.1498052419124979,0.446716112337798
dcea35f6-39ca-427a-9892-2da54bb137b3,0.1532775200379545,0.1127159236869136,0.417906569208013
dcf6b678-10ae-49d8-955e-e13662117697,0.019572584584433,0.0375690983234949,0.3379355233849768
dcf9ffed-7f9f-4c0a-91f3-30ccb0cf52fb,0.1168831774135804,0.0844233743913609,0.4406260000847744
dd04c122-306a-439c-b887-580f7eed1423,0.083456300949922,0.1635022112954371,0.5755885512124725
dd190749-be97-4813-879e-4f86bb872c01,0.0530131875886578,0.0487357685126709,0.357036416831638
dd41d3fa-69ad-4713-b16e-ce631f369dc1,0.1345991136828869,0.114651611065194,0.4863344033081341
dd48c74f-4484-4cbc-9068-1594ab1b24c4,0.0990506994674745,0.078734959394447,0.3870542843345274
dd72cac1-0a01-4c2d-9046-1181b01b5062,0.0456650370588891,0.073091736195219,0.3834239116961257
dd87749b-4d7a-4c42-b081-6b08d84ee8f3,0.103181635765548,0.1054332325664875,0.5377497130190606
dd9167a2-9091-47ea-93a7-fc27aed96d8a,0.1264476338190154,0.095672763595855,0.4070378912793268
dde666d3-0fe4-4d3b-b042-5f7af011a64b,0.0073922624661562,0.0245553244740674,0.3339592035005682
ddf5cb19-6c82-4e5a-88ab-147df342ae94,0.0411849394289411,0.1127581656958673,0.4144630881633609
ddf6a297-284f-4c5a-882c-2bb056b085c6,0.0558788464674547,0.0798292060679964,0.3928317395336286
ddfc1899-163c-4835-bc54-f629fcde434d,0.0417493650266099,0.0629900474634851,0.3707673238057614
de40feed-b1b8-4911-a141-dc17eadad64f,0.0627304306586969,0.0569295263247025,0.3614008240445937
de44db00-9ebb-4624-a6fa-04fb0bce3f06,0.1092740922363609,0.0842697227485048,0.5798171439346622
de5be6d9-c7b0-440d-94e1-4f0987d990e0,0.068631012903114,0.1054043059382952,0.6252563944937154
de70714a-cad1-4c40-8c0c-a534414d6bb7,0.0541395828947652,0.0723431979335194,0.3791443343807109
de76115a-48fd-4da9-ac06-df1ea8a6442f,0.0393013793453954,0.0865687168844532,0.3721386463275569
de77c15b-9867-46d3-be24-7a989858ab14,0.0491076634966577,0.0326548063011495,0.3450899348039167
de7e034a-90e4-48b8-bd8e-a2dcc11dda42,0.0193315309213578,0.0038414479353736,0.3063466935176995
de8e309f-18e4-482e-a74b-a23822909be6,0.1487305798018648,0.1431655730820004,0.4883653928006839
de93e1bc-6325-4366-a27a-1b43f206855a,0.095713790020104,0.1099778517603303,0.4490755920037441
dea72efb-fc38-4d07-9c47-e46f2ddd2275,0.0156142438467011,0.0184489134238427,0.3289816818672255
deb1cd7e-edb3-432b-bb6e-d1ce2aa60243,0.071779146221278,0.07358598224239,0.4183365155594315
deb9a4fa-dd71-4e5f-8bf0-69ac3c7e51c0,0.1531929862020642,0.0636807450508484,0.4832362768885972
dec76289-ff0c-4dda-936b-e1d125f68500,0.0345568198348384,0.0310658408185832,0.3305420963896983
decbaebe-30cc-4c8d-91df-4480a64ac881,0.0747977603193857,0.1515632107034395,0.4482645251610162
ded840d2-15a5-41b2-b2e9-953f5cfa1912,0.0937744088410464,0.0854033440052321,0.3332929926466305
def0c615-84b8-46f5-98d7-2d802f598a00,0.0159706631987966,0.0294708150557844,0.3427719453915516
defd0e02-66be-4a01-86ae-105baaee50ad,0.0549961696804253,0.080076390494757,0.3859195754851079
df1bbef4-429b-4ffc-8c54-d1eb1cc928a8,0.0243917607932138,0.014312528112697,0.3112174314286546
df37cee4-51f6-4259-a61d-54229e880123,0.0219072322378846,0.0532539344420733,0.3633551047519825
df4c6a0c-9d48-49e6-855a-6d31d438298d,0.0123205548980444,0.0309981202405384,0.3362669776989718
df5d6929-fb54-4b4a-bea8-c356fc531b05,0.0847831889784438,0.07450364604099,0.5015060181671862
df6fac63-fd4e-4947-94e2-772a5c6aaab9,0.0174089477901377,0.0305605893397463,0.3459833786258021
df80442a-2a90-4093-b17b-2a86cff5b60b,0.0250727260124863,0.056216104261792,0.3639955933131616
dfa4d5bf-fe03-4e9e-85d7-1bd85cf496f8,0.0537569121482599,0.0836468414850297,0.3898774553754957
dfc86b03-bd61-44ce-9a22-35214066e50f,0.0111903350147407,0.0188811267537818,0.3241930796494743
dfed5d9b-deef-453a-9cca-d73e5361b76e,0.0879146302564201,0.1565417563062819,0.46705290075694
dffd1b66-04dc-4378-9503-be756d2d269b,0.0349837447736533,0.1239456011735421,0.4280527288701828
e016324d-1b77-4e53-b9ba-b26bc4b2e0eb,0.095264892621327,0.0894432186727817,0.3913046799105327
e02a4701-4aae-45c8-b3bc-b5cec3500ba7,0.1210409836674475,0.1399176218093519,0.4333969068570708
e02c3bd5-cc3d-48c5-8b61-02f56fa27b94,0.1397796890378586,0.088572460241295,0.5698538438269656
e054ba57-8ef5-48b2-b216-2835653bac2d,0.0160283688738698,0.0216211525090217,0.3309186736598969
e060bf68-c158-49b8-bb60-7e0514a69a15,0.0706745961401501,0.097380631192883,0.4102978196333889
e06c5068-b2cb-4b0f-a07d-29bb02bae539,0.095105747310027,0.103205807378668,0.4988989129913061
e0747099-b1fc-4399-b8a8-deebaccf4073,0.0191731859915748,0.0136716491984238,0.3160012423087049
e086aeb2-df85-41b7-bfb7-6e9f55437960,0.0832950735436615,0.0114570209853206,0.3142669624594576
e09a62c7-075a-4822-9aa4-16ce622098e8,0.023629450707524,0.0103185997138869,0.3271904791484224
e0ab2b3b-8b51-4db6-907c-8a8c069f82ab,0.1304950196542468,0.0734856743806533,0.3867004762719839
e0b8d549-2c05-4c52-9fba-4031e25592e0,0.1584021584751425,0.1574271343731235,0.5997385363571205
e0caa103-66a9-49ac-9fda-612f9cfb78d9,0.0989852983357149,0.1290632967601936,0.4305074768425848
e0d03e13-0dd0-4a0c-b30e-663092fc4643,0.0804800167552906,0.1309299382068345,0.4804649544872166
e0e0ba19-34f9-4175-b40d-72c007681005,0.1050764727479763,0.1042434435289409,0.5791103755989719
e0f9dcc1-c845-4d71-9788-320947d8c5dd,0.1530353142162578,0.0550368268939945,0.4921898362701614
e1010981-fb0a-4925-8c45-ef1b55f6d802,0.0657826289602275,0.1440790824124276,0.4517257531272683
e1049967-e873-4ec9-991e-5c23b549ac7d,0.053405492091738,0.0315021024419684,0.582473331235327
e11127e9-d682-4882-afe6-c70c3321f1d4,0.0607051854155978,0.1036863566932734,0.4127387957067479
e112761d-30e0-4b8a-9a54-149a6fed0c55,0.1307310665561717,0.1099144883863325,0.55133524502251
e13f28ff-cd79-48ee-b99c-365cd225cd94,0.1071277579617425,0.1575958220464184,0.4658719501216984
e15bf45d-e4fd-4d0e-b063-2f4c34ba9176,0.0966764728468816,0.0210126261166158,0.569430502094183
e1654918-6300-4c4b-bad3-095f0ffccd64,0.0503235548046239,0.0620123110063126,0.3751016616349384
e17864bc-44cf-4966-a87d-4556136b9453,0.133753986552167,0.1250658854581255,0.4350425771087206
e17ee0e0-eb53-41c0-be8f-ad4a92a18374,0.0403513360924643,0.0576605670269087,0.3622080880426876
e18c2d42-bb62-4a4c-9ee1-74690364478e,0.0537415612846679,0.0670094250690579,0.3793683426438992
e1945253-66b5-45ca-8737-f108c32386a6,0.0773809512351723,0.114606047455647,0.535406416384529
e1a4101b-27b1-4024-8705-4d203d3d65f6,0.1298031766762051,0.101509596782707,0.5545857948032614
e20600ee-7e74-424c-9692-592e3b326c48,0.0347236546380294,0.0176421986522926,0.3225544229417086
e21fae6c-db9e-471c-b811-5a37c35cc1a9,0.1338967169952497,0.1510362136615602,0.5897519296024119
e235ca8a-8a50-4336-a209-6f3eda36fea1,0.116827816999696,0.0968498287903822,0.4029844309569802
e24020f9-81d9-4c1b-b798-f7e713332a00,0.0299125667903138,0.0211530913701848,0.3342714743355335
e243db0b-bddd-4116-ac76-b435efb1f788,0.0617945024638061,0.117994932909461,0.4315157417018289
e24be61a-d293-4927-870a-c7094f01b2b5,0.1516862080844885,0.0402042106263442,0.3291680127730894
e24fc40a-936b-4a36-a3b3-5453020b6650,0.0621337189341481,0.1435222843812525,0.4483029897974785
e253051f-ebb6-47d5-9a91-cddbe1bb3141,0.0118197759215665,0.0228799519576076,0.3309641594716507
e2622e4a-22c7-44b2-b1bb-0479bd085e2b,0.0979060381063411,0.0874885872162196,0.5402874466117019
e26df085-23aa-44f8-a004-9e86a1ce6ae8,0.0817746570114631,0.0283534840612668,0.3194353291250656
e28671e4-59da-4b75-9737-25328a589d4f,0.0706335975846494,0.1057059610363704,0.5743161263191507
e296b926-1b5f-4dd4-a1ee-1341bcc477f4,0.1001761378606699,0.1509361106427879,0.4334932905236799
e2a761cc-3510-4fb9-b559-164a84667535,0.1194444774553902,0.0832568061305409,0.3771314500902081
e2ad43d1-88f7-4630-b5ec-f094beb31a2b,0.0968692821521648,0.1225675473211351,0.4383323401250756
e2dd327f-e6ab-4ad4-b503-1ce2e67646b4,0.0906475822590419,0.0948426835292821,0.4010924780805708
e2f9f986-9bea-40db-8844-2a5c10092284,0.1262759105438107,0.1087760459299692,0.4094515081805285
e315da49-328e-4c8e-8abd-5db998e5d549,0.0485044261261379,0.0523228591511877,0.3635452654900898
e319d154-ae45-4671-b72c-328dc6524878,0.0688244373172897,0.0900979303038288,0.3878362274378267
e3251b45-82ec-4079-bf8b-603fcf937d74,0.0280343030889195,0.0277573481343845,0.3568959716779318
e32645de-977c-4c86-9e03-15cc3b9b82c5,0.1196412977672618,0.1036910588640068,0.55263305276839
e3411b2b-7184-4d88-9b72-4ea2f094e70c,0.0857258736609592,0.163048969366464,0.5216576115756658
e34b02f8-305e-41bf-9a70-945cbd0e19a8,0.1188067949285375,0.1543074087779903,0.4676724030400641
e34ef8ca-e903-479c-8e73-ab9ee0ed2e15,0.0776133974743757,0.1611478964256068,0.4518798939712087
e351f505-eead-47ec-b831-fb414407bf96,0.0467357110881123,0.0623452713996763,0.3567457759596989
e35cc475-803e-4a53-944c-9915435d1a8e,0.0635077566721064,0.0132769498360234,0.3204843191774565
e36fe34f-6855-4fa2-ad6e-000acffb95dc,0.0091899033072879,0.0225527955151548,0.3298026084092478
e372ec24-60c2-46ed-9464-b97ed6d4298c,0.0778877082316454,0.1559544481751068,0.4914270913305102
e3755904-d7b0-489b-9ded-929acb6fa16e,0.0158875434619593,0.0257021007604998,0.3387302683269349
e385fa0f-5380-4dbd-8200-f4d6e25fc23c,0.0631411383940248,0.0660136482559573,0.3689605753806171
e386c3cd-dd77-4efd-9653-74c353561aa8,0.0660865229272477,0.1061457245861249,0.4281450157322066
e38e645e-2270-4c5b-aa89-5a168577504a,0.0955830157416536,0.0913647524432857,0.547744516451647
e3952f0a-71c1-4063-85be-2b53404ea173,0.0120402722601943,0.0236419802702067,0.3318975302106672
e3ac406b-d269-4bac-93bf-c7049668fec8,0.0869793313340177,0.1486927218856869,0.4693577173825611
e3ace466-f067-4d71-bb66-12c994755be2,0.0976056318964255,0.1423743142022258,0.529427287209157
e3ee4d9e-ba2d-4762-9ac6-74c7ba3395fd,0.1220842369583296,0.0666127255838339,0.3702513888477806
e3f32a4f-44e3-4c7e-82bc-fff8c057f04d,0.0458399016265696,0.0177939953180492,0.2772189158124774
e3f43993-79df-46d1-8f1d-ba1edb183972,0.0924012788106714,0.0757611140629167,0.6170048673665367
e3fe5b3e-7607-48e4-8549-45f3e6874a00,0.0462077689369846,0.0401898961433787,0.347307911309085
e40b7e03-62d3-40f2-a0e2-6493cbc7e66f,0.0071314053958611,0.0181553552386776,0.3127281332502198
e40d51c6-da2f-4c5b-a7a0-217ca83e53fa,0.1000166406264306,0.1134268900316297,0.4251887313735211
e412b5fb-2d4d-49d9-a449-2e93ef8ccfa1,0.0839536200761957,0.1184318049937876,0.5042370659239828
e4397809-6ff6-4159-9ce6-f6d003404fa1,0.0232931081720139,0.0362916454052377,0.3442045893157193
e43e289e-0a6c-4df8-9b76-5e0831dbcf81,0.0421167776087066,0.0476271735128031,0.3532072540923533
e44810b3-94a5-4c8f-af28-be7e553e65da,0.0814762494262067,0.0454600864410947,0.4446368250104832
e44d3a57-d064-426b-9b4c-6e92cca4dfb0,0.1449400000344403,0.119898279699314,0.4264563446743732
e46122dd-0820-4f51-8486-abfad83fd7a0,0.1409227285724649,0.1017378456987865,0.4289687119412352
e48db832-9879-4b3f-ba85-89f22e58b58c,0.0400127642570515,0.0380271866850376,0.3863163495261598
e4a308cb-39ac-44fd-9846-8885fe72b5b7,0.0988953350988929,0.1609133922258312,0.4702557481556729
e4addaa0-dc37-4c22-87be-02461c3befa3,0.0246296246034502,0.0482618731555383,0.3437341346658278
e4c17422-6c12-42fa-8d71-ab3083b3e258,0.1108313445585273,0.1522713888771238,0.6219070873764958
e4c38bb5-5d9e-4814-b4b8-99ec9de89440,0.147339607371189,0.1322640074932528,0.6162754107536847
e4cfe5cf-3728-464e-abf3-bd2c49821d51,0.0610183233879974,0.0585006848910361,0.3592991186037709
e4d621ee-9dcb-4954-9359-8c54db0a3dde,0.092609222812008,0.0834977243160216,0.3928987789989818
e4e00249-d7f5-471f-bb19-3f1ca331db3a,0.1439152892546546,0.1112368727537011,0.4195753718754861
e4efb099-dcb6-49e6-988f-bca2254c3710,0.1465840589937371,0.1260606000932866,0.4499767651555079
e4f88bd7-0c3c-4c93-9809-f94cf66700c7,0.046050608245831,0.0502654263643379,0.3668946265004364
e51030ae-b764-46d3-9c34-3d6f5b6b686f,0.0643122696222702,0.1131223750388867,0.6162836275468139
e5133eb7-b130-475d-b210-cdbe6a74d39a,0.0313101120711677,0.0415910481363926,0.3508027950809707
e5151677-c814-4f77-99d9-5f540eb57236,0.1441655723661656,0.1094337497188314,0.4577321373202502
e515560f-2d84-425d-b418-8af26da7f00b,0.1076717240645229,0.1450661137831774,0.5323914396402057
e51b77c2-616e-4308-a9c5-e2731fb0dfd9,0.0857834532744291,0.0348604308508884,0.3514987229226264
e5201da7-129e-4c60-941f-96d92c74f63f,0.0959938277634559,0.1429026204080136,0.4536320091714003
e5266bcb-7909-4c77-bd4c-fed59c066c8d,0.1325782816838638,0.0907026296934903,0.3760161348027378
e53f9e1f-be0f-4e27-b355-059e3a2d0e51,0.1385692787935612,0.0597353116874916,0.4180409878304909
e546090f-94dd-4260-b67d-01d3a5715b63,0.0393909660698933,0.0529774109352596,0.3588104534691593
e5804aad-8c66-4725-bdae-3535ae639910,0.0304333508067477,0.0163209462648607,0.3199760939496022
e59ea7f5-81fa-4b25-8c6e-936ae5fe87b5,0.0650959789516496,0.0730655039646296,0.3956470827046239
e5a0252f-fe34-4deb-be8a-c80dcf833e24,0.1398235314465903,0.1376539643689458,0.4539837041512152
e5c2ec19-86f4-45c1-a9cc-369fc1e70c85,0.1043186363422109,0.1007893753858188,0.5202632688157534
e5ce84ea-ddaa-4877-8737-39c2b68f2e47,0.1272904822797612,0.1418769286863938,0.4584317015578265
e5dc5dc3-dd39-4ad4-8317-9dedfab6ae28,0.0930334109917785,0.0618785050855962,0.3686741593696631
e5df083d-ba38-4dde-ab2b-f2acd67182f0,0.1390131877071048,0.1233406475697963,0.4239968898240249
e5ed50f2-1899-4ab5-ac7d-ea7fb8f38411,0.0131228578400437,0.0172453078735697,0.332311827465379
e5edd95c-6fc1-4475-ac7b-3b48dde2155b,0.0715920073358815,0.1479058445466927,0.4641941902942402
e5f46874-f3eb-4dba-83b4-d0e1bb25e54c,0.0173656499551436,0.0613745283410911,0.3735946082364636
e5fc074d-a865-4782-8513-05c33e70c46d,0.0755957820001004,0.1542071501514788,0.4573771839488809
e605bc35-9d38-4f18-9773-ad3cfc137483,0.1409119925897055,0.1343658367494037,0.4403007273593466
e614c7f4-13ad-4874-971c-8b58426aaa70,0.1261347521775759,0.0970762123809969,0.4189717467490094
e615c276-7703-4407-a178-b6203b234581,0.136389472969752,0.1184191523460933,0.4162323255739681
e6333285-f7d8-41bc-ba5d-037c5c5e6068,0.0272279348292067,0.0547808760186528,0.3694980784966211
e64c349f-d648-403b-b02b-ee0d507ff72a,0.0283627049057024,0.1340944710287556,0.4750836951986006
e6664485-1288-4ed7-9dbd-5361aee7d924,0.1246353273146975,0.139719386590129,0.5876787638114902
e66bbf1d-9d4c-4e48-9157-cef88cf7fe6d,0.1391758035603495,0.1615309401626634,0.4713188566565511
e67d54bf-95ba-40a1-a323-5683fdc33a81,0.1190596686543556,0.15698954967395,0.5597699624999747
e697746c-3d6c-409a-b081-e45aee59b648,0.053186289141491,0.1142532447088358,0.3969385323628169
e6a898cd-a477-4448-8772-f44490daa04d,0.0247627857286529,0.0257402062191381,0.3326981264235276
e6c41925-ee2c-4bff-83f3-536a01cec3a9,0.0383753726630339,0.0742601337172866,0.3607256779938267
e6c6048f-31d6-425d-b986-5d7034fa2f05,0.0533169920791357,0.0459993714945715,0.3571899536231023
e6c8f394-3ba0-4966-8795-3bf5887c0ea9,0.1473054053046671,0.1231149484525532,0.4989020590667319
e6dc9063-1e83-4b3a-a5b8-ea7859b25f40,0.0556328596080654,0.092558145606274,0.405132815826514
e6de50da-6d0c-428e-bfb6-5e21aaedd74c,0.0403481639004734,0.0421788259311809,0.3618742146751885
e6ee6289-9518-403f-8a00-e5b0893ae728,0.1543656648780221,0.0977185125803038,0.3908729336076312
e6f1cad2-f36a-4013-94a8-199dae3e6a4b,0.0690330819730964,0.114926992020999,0.4124725825911297
e6f2f00f-6a58-46cc-8a27-466f6ec5c403,0.0601322996230465,0.0806384896321435,0.3843503276101437
e6f89c20-68a6-4856-9f7a-ac2c0ead42b9,0.0245843153302617,0.054618362992439,0.3674609178151948
e706e5ac-e8fc-4240-b4b7-88c9e587cbec,0.0316379573779175,0.0380272480401507,0.352326241308201
e70d3ec9-98ca-4ced-825b-8617a1ee82cb,0.0294871569854462,0.0446621817846483,0.3460620813505021
e736b091-d881-4092-a4df-f59a4c9e659d,0.1600042583539206,0.1100670203054656,0.4204009746864259
e7398e73-6ca8-48c2-a84d-7523c3dec4f2,0.0401520105679378,0.0597442505409923,0.3646692842475628
e73bd3d8-ddd6-4960-93dc-b40693b228d6,0.1245168713651986,0.0885165815908433,0.394990503224307
e744e594-0e4f-411f-90f5-90b8d42163a0,0.1047261226251522,0.0364513227991483,0.4530434806677643
e745d756-49ae-44ad-bb89-d74047e224d3,0.0299990890993505,0.0140812648114504,0.3242031027702314
e772d249-2b5e-4213-abc0-e9dfb3d166e4,0.0567715335258354,0.0236505810244877,0.3303107521337781
e789a11e-3fff-4716-b009-0f1b9cae51cc,0.0311734630822187,0.0239042926755021,0.33518813334164
e78b02ce-70bd-477e-931a-efeb4d541ef2,0.0956882878461169,0.0641577403369156,0.3602780494319624
e7912429-a8d3-4f93-9e0b-4d1dd7135809,0.0534417713887509,0.0537320677319108,0.3543621090844623
e797956a-35d1-4943-b160-12576c335b17,0.0522074154218862,0.0618724410839398,0.4026382487419115
e7b9bb6f-b76a-4b76-b92e-b4c23c1f817d,0.0203191022775311,0.0343572335980507,0.3452123332212163
e7c0c7fd-5523-40c9-843d-f1934e6d80c3,0.0129694941366857,0.0240996488719693,0.3249024384493114
e7e9f387-3312-477a-be67-3c977c7f839a,0.0152703112111648,0.0145799985146753,0.3261713803040059
e7fcbc12-f667-44f0-8af3-db6370275911,0.0958713592826056,0.1312786377916202,0.5696565968064573
e8051b1c-782c-4001-b5f9-2ae927ecf8f3,0.0714046470005378,0.1044915234663867,0.4140716239578157
e828fad5-3a0f-443c-8973-c12a1fa12f09,0.0587243498199209,0.0748908344671812,0.3888424430237475
e84f752d-b1aa-47aa-b98c-be84abc0ee21,0.0802079087740125,0.1297556073397222,0.4399511179918376
e857c78d-25f5-4591-914b-1e20f0a883bb,0.1340058881634429,0.1598451571883922,0.4671609112608429
e8887c21-4098-48b4-9671-bd816fc657f7,0.079220123568277,0.1054912464325351,0.4068288338705595
e88d23bf-3ff4-47e4-a4b2-8dc7c45176d7,0.0365499395924196,0.0840023219056426,0.3971836757566689
e88d6128-4c57-4fbb-8b5b-5c7c7503b236,0.0695783467463489,0.0492186734314596,0.5869788904660136
e8be48a9-da20-448c-a169-b0d7fd8c11f7,0.1391668425438321,0.0652347950359382,0.3767891961475752
e8e5857a-ea37-4108-9a38-95262aa23f3e,0.0541335451277106,0.0607040303299129,0.3336142479975335
e8eb4afa-04fa-4401-b983-a4df3c7b1dd0,0.0932476522980048,0.1060618297176069,0.4264067724341092
e8ee2433-3c73-4fc4-a4a6-b6db9f0148e0,0.0661067534280583,0.0403352786272838,0.3569569483293935
e8f83d6d-c12b-4ed3-8356-6ae48433d43b,0.1040868495061043,0.0987717647662581,0.4051339142191092
e8faa56c-5aaf-4178-a721-edda44932de8,0.1115000013086246,0.0970294547072174,0.626049895982272
e9012ae0-2800-4fb4-8836-8b73ea1defda,0.0378515025690759,0.0375642720948019,0.3439599047118057
e91ab137-b5bc-421d-8c04-a090e4795cff,0.0626334792499197,0.110414013481457,0.4219091839915897
e9241a88-1fcb-40d1-8e2a-f3f0e6f38517,0.1303365030151798,0.1150480456747613,0.4556138470435699
e954ff98-b41a-436a-bf91-41fb7ede9943,0.0614340753750277,0.0921490112089881,0.401308388852418
e96ec1bf-701b-44ac-a65d-6cc695726cd5,0.1168547965525722,0.1493094186309731,0.4556837665675088
e98ac8fe-8288-42b1-b430-df30268cfa24,0.1182726942784485,0.1129481481567234,0.6146680539700367
e98b6ab4-ed89-45c7-9bdf-7e468343c6e7,0.100464504961026,0.1593278272658764,0.4627274616495862
e9966228-9131-4206-872e-11ab50cd4d98,0.0775870586314136,0.0722647898121484,0.3822093341939325
e9a1c8c3-8ae3-4129-94e3-043040a70b98,0.0775612397823147,0.1314792547551745,0.4312737347479454
e9b26604-b7bc-432b-a811-43d527f31af5,0.1146191434943514,0.1153244371978783,0.4294292270616249
e9bf2656-62e5-460b-9283-d3e63caa5071,0.0086355267895374,0.0165202726789604,0.3181407647372329
e9c24492-2b8d-4e65-bd9a-d4193478b0d6,0.0267647250901682,0.0273189399608849,0.3349799965316073
e9ca27c7-945b-4a1c-bd55-150359ee3f39,0.0504791325163506,0.0918664726147904,0.3936178632365518
e9e0bee7-4ba5-4e6b-9ae2-800c2eb11dde,0.0436926567947041,0.0862896644790136,0.3941908496561016
e9f4c1ac-99cd-4b43-b655-adcbaaed6522,0.0735244373167305,0.1300764744333922,0.5172198549184767
ea024354-1c74-4f29-b701-6b0adcc19e7e,0.1302666627755626,0.0735535650273803,0.3773568499995028
ea0affe1-278d-4ab4-93c6-a652a8332a7f,0.075773526020323,0.0243180888616981,0.413756802850326
ea2871f1-f266-4b8d-b2d8-e2ec47952f80,0.0555051956184966,0.0399411767239583,0.3554328027357396
ea52a2a6-67a7-4cac-ab4a-f8965d0341aa,0.0510954517070934,0.1018594079881648,0.4364685323511736
ea6b2e26-b12c-48e3-a6b6-d392f67d17e3,0.1265954873103009,0.0385327140086941,0.567532657485335
ea707d26-86b6-4f5f-856d-2b11b9cd7085,0.1397528687154913,0.1232486615078821,0.6278244546279316
ea81736d-d0a0-45b1-b0e5-4f7b010561f2,0.0476539408716196,0.0433911808582227,0.3629573252130188
ea869dc1-bb63-4d9e-bf33-7f9837dab294,0.0300459609912891,0.0331557700949224,0.3570508096888687
ea8ae640-dd07-4bc9-a1ab-7be2f701efc5,0.0691124581764644,0.0654996320172446,0.3752406616051974
eac7b89b-66be-40fe-9b26-b5517f32e4f3,0.1254941073331159,0.1193186918631698,0.5025489147590357
ead9d7bc-284d-4f51-977f-e1aeff42317d,0.0268876002540376,0.0336927958648348,0.3439587380910327
eada99b1-018e-46c4-a26d-0b1395358ec1,0.0741654500239709,0.042330072352925,0.3515744256210858
eafc8968-a3f1-4cfd-a66f-3c31b8424733,0.1003915864627048,0.1086677700757655,0.4125504283624985
eb0e2a95-b002-4925-98e3-380ae3a7e5da,0.0855260679625417,0.1178679544122425,0.5019166902994151
eb2840d7-41bb-4ea0-825d-49b3be328d1f,0.0549805883095954,0.0489136036114256,0.3593367041374166
eb3ff689-ac55-4d71-b685-d00aacc81fa4,0.0761513945197522,0.0892691567190002,0.4021845405558305
eb4244a4-3e0a-4ddf-9b5b-8b4028971568,0.0721940274589867,0.1532175870061987,0.4705479323908351
eb4656c4-1536-410b-bcc2-595789427a52,0.1322334074055321,0.049742800797987,0.3760032881436065
eb633068-cd41-42ec-b495-cb0d9f178148,0.0290719813272605,0.0383572160482875,0.3507803542035301
eb6398c1-1a5d-4671-b21e-70be4e05d9a1,0.0641692595272547,0.0818709375799648,0.3928741336205446
eb6ee1ab-4aeb-4c8f-a28b-433bb67bf0d8,0.1199411504138098,0.0594632589763505,0.3673675555999001
eb77b11e-84d1-4131-8b04-8fdad6c13ca7,0.0597100285145515,0.0683285108735746,0.3796936912176815
eb8ce0bf-a337-4182-adae-57d811d8a0ee,0.0477395484064503,0.0828449517955601,0.3835138013866378
eb939333-6118-4a0d-8033-d29215755c49,0.1108251505756839,0.1157692602828824,0.4766740338845865
ebaf2de4-9ba5-4e85-9f80-ca9f48afe56d,0.0817918829546407,0.1063195851775216,0.5662791189140055
ebfbd24b-fa63-4124-9c74-4cbc8aea1535,0.0446396250571143,0.0975195100822059,0.4084069257995001
ec03f5d7-c333-4d04-ae35-e62bab840458,0.1197809747813858,0.0467993368494671,0.5661005649263735
ec0d9ebb-bd2d-45f1-bacb-e70c1c1a356c,0.0262404263589022,0.0542168882430382,0.3654462899597855
ec2ba00f-e6dc-493a-a882-de8b737780da,0.1153869944847998,0.1608332440960194,0.4906563084254255
ec3359aa-c8ca-41ff-9ea2-9b497bba7313,0.0931851809777606,0.1338288197769503,0.4298587052349494
ec451c6e-cbf7-49a1-9652-bfa042aa6ffa,0.0407855147870146,0.0614171057454004,0.3727771769227477
ec475c81-4fd3-4901-a8a7-88d48fcecacf,0.1365359490836201,0.0896207990252136,0.511241048447479
ec4891e5-45d5-4203-aa5a-53eecee7c692,0.1446071247177712,0.0591823982680036,0.561784165185676
ec4fb68e-f7ad-4bf3-8a74-e36ebb844143,0.1491697178571402,0.1224938110317402,0.5750922121570434
ec61872c-bbf4-4fa2-bd4d-54b39dce5dcb,0.0623431711695712,0.0667623714011907,0.3819913024236862
ec61c2cc-dab4-4380-a37c-72f03afb477e,0.0652704125346732,0.0506728348968348,0.3619029795711911
ec76b561-bfd3-4a6d-af48-d99d21b2e44c,0.1386479492929702,0.0992807638237052,0.5989371291728514
ec7a1cf7-cf9b-4b62-8f9b-9391b4a2f9de,0.1353260466885843,0.1152380093901123,0.5559391791846124
ec82214a-1257-4dc2-9f9c-c21d70a88570,0.1571436891548223,0.0871679225280831,0.6103236584413243
ec94f1c0-fd9d-4617-9afa-51121bca8756,0.1436601817308316,0.1426288322302525,0.6206683037724714
ec956e0e-b4aa-404a-95a7-01294093ea31,0.0882409097075689,0.1367543890156891,0.4424994436086361
ec9bf09e-ec81-429d-87c9-f5897a6a9227,0.0136994693997901,0.0059595672981911,0.2872609496193993
ecb4771c-16e9-4880-9ee6-728f048f0b4c,0.1139919929944609,0.1278640608924828,0.5026565007871863
ece03fda-fade-4922-9257-4c60c686eb4c,0.0167244408099229,0.0220320785798647,0.3314386861356758
ece7612f-64d8-41fe-8d9d-8152c4bd1370,0.0973758343831634,0.0332249412733769,0.6222403387709369
ecf3feb8-1820-4e1d-9c4d-3edfebae5df1,0.0629291669631938,0.0638717838394503,0.3759361202808263
ed04f5a3-f1d5-4d7b-8eaf-2c8dc668f243,0.0483666173577927,0.0584081085714864,0.3695351038539169
ed170753-8426-40fc-9dea-882dccd29e51,0.0560593104434128,0.0887932701401556,0.4021124554351519
ed187dc8-5d79-4906-a0ec-1dd30a4bfb79,0.0653642999491257,0.0313756916610586,0.3360449852391196
ed255cf4-96ae-4105-896c-f36294ac0606,0.1067425221269944,0.0729327034313198,0.5848013634372001
ed4aa4ba-b718-464e-9df4-10118796fdd0,0.0978239434337188,0.0212040407591909,0.3319383366574185
ed563c4b-b9d4-43bf-b539-45eecfbc9726,0.0408518092362023,0.0778148296364775,0.4007225885594592
ed658b26-f8e4-4615-86d9-e2b58c045217,0.0732263878059792,0.1212212013411931,0.5594031895138901
ed6ef19a-8a1d-488d-b0f3-8a69c5afb42f,0.0043384786179439,0.0010355763878468,0.3083360879131818
ed87444a-b50a-401b-8efe-7da15cf016bf,0.1595134605130473,0.1518401132400678,0.4552488609749319
ed8a6c51-98ad-4e24-889e-b11cd65142c7,0.0251080239804178,0.0377829613734379,0.3543719135838545
ed99620b-6973-48e9-be30-1d455764aea0,0.1120788075835776,0.0090516248773323,0.4592571270132271
ed996a8d-d911-4b0c-ae89-7acd4c9de32b,0.0513727294152768,0.1245202648383313,0.4233044774966213
edad7e1d-d87d-4543-afb5-a92045f266a8,0.1148145632786351,0.0452800008622767,0.3564310365377193
edb50c5d-50fc-452a-b712-683265c3d411,0.0640553159580482,0.0934424166306994,0.4056669811545207
ededd862-192b-4fed-a23c-80ecf1fddf7f,0.0202439902317092,0.0308821522435035,0.3227560651729537
ee052c70-fbad-4ff6-89d4-bc9c082af82d,0.1421351734192785,0.10792330674359,0.42338283012333
ee0fe6a5-e5ed-4c13-92ae-0ea53ad1450e,0.1389169519337437,0.0322711701830494,0.4200668329200526
ee150061-fe47-40df-ada6-e7525c7b8882,0.0466664234961734,0.1519855733277361,0.4629468842088052
ee1bfe93-93a8-4a89-a136-ec62f3166090,0.0467639564204338,0.1160432236061023,0.4146133312981075
ee1f4270-0657-4cc7-8229-9c0582b97cbc,0.1277259450341917,0.163826525049676,0.4754603904729671
ee212a68-01d8-4668-abbe-303850ac1cff,0.0815704507020356,0.0692588847032244,0.3756657163619364
ee30b301-81c4-4082-b807-19b70d9c7a42,0.1463561500547297,0.0776757626723564,0.3808986551624616
ee35902e-d562-458c-a3e0-b49ab41e2cb0,0.0098641758918169,0.0071679180752761,0.3117283211664476
ee43b548-7ad2-4d32-a03e-b668c51ea717,0.0165809026078739,0.1528332416723177,0.4617014964459265
ee75120e-fa4b-42e3-97d7-d598555106d5,0.1451586556904892,0.1445234219781652,0.6117376484314335
ee8024d6-cfa0-47c7-96a9-8b9660403800,0.07986314897475,0.1631841164089914,0.4783457582912993
ee826f43-aeb0-416f-9022-af0d5d2d51eb,0.1031443226121797,0.1629811877228824,0.5183804612186407
ee88fd6a-b8e3-4467-963d-b4eec92a2c11,0.1561467351590185,0.0337764446947419,0.6233825452121246
eeaa730c-52ca-403f-afaa-97d4377380f3,0.0353922099370106,0.0498303967944934,0.3613662599809727
eeb764d1-85ed-4a29-bc1d-720ce69868d4,0.0665788000051836,0.0724171459833683,0.3868922414026626
eec77ceb-ce14-4a2b-9d48-04f8f72cd44a,0.1087173438288499,0.1331697903229249,0.4879489217474988
ef0b4ab8-7a8b-4d48-b234-90311ee4c4b0,0.034124510360245,0.0516387704818294,0.3614769730862114
ef104798-33ab-4352-8130-862e1d6ed0a1,0.0695679230250705,0.1136955774042453,0.426324592223842
ef161d93-b9af-46f9-a9e0-e190bd1c85f3,0.0641539289191062,0.1264668966711309,0.4317198130453669
ef1b4949-2ead-4321-bd41-e9e7bf353204,0.1103053169482932,0.0974302843512514,0.5239829845669537
ef24ed9d-77c7-4856-9736-103d5d7f9671,0.1333423252693767,0.1027607405141986,0.4126449307066532
ef5f1acb-d928-4310-b0d7-a522ea6da283,0.0514076153394669,0.0489533853110698,0.3523392644686306
ef7c5a56-5ec5-4e99-ae7a-9ca4bcc842ca,0.1261175601646164,0.0400083335949185,0.5475395475612685
ef7c8e21-d3cb-4a58-9727-34210f8aa15f,0.0565618103175944,0.0814938011073859,0.3940895771757
ef85438c-4a5d-4c85-9940-63edb83216f2,0.0588846264473206,0.1109670280479425,0.4813266953368176
ef8cb009-9ef2-45d1-83bf-3dafcc6d9d05,0.0556071143704465,0.0294864025624305,0.3422726520707904
ef902900-9e1f-4c15-b102-2aad0be8b91a,0.0157505883362711,0.041344713322601,0.3552219988839918
ef9f0bc3-d867-4d7d-8879-4d2af3c449b1,0.062372150319913,0.1342855113511489,0.4364255819038331
efa564a6-3b5d-430d-b804-607f3b7e338d,0.0555088008010834,0.0862770440332915,0.388556055422191
f0088ad5-23ef-41ef-9d4e-77f529b9a0dc,0.1040717524444378,0.0647286016135276,0.3635852172304812
f018db57-9498-4536-9633-bd2ed6edd415,0.0633319892684505,0.0300127845711824,0.3588705327434727
f02a259e-e565-4662-bad0-75c5ca1f279c,0.0438614043318135,0.0172402987825723,0.3248712481687246
f02d6bc9-28dd-47c5-9d56-b7f0aa392f1b,0.0661936810859794,0.0766071834174952,0.5763862271438261
f032afd3-9e48-4ce9-bd29-aed78dff5b27,0.1156752768507324,0.1266189592289701,0.4841209063876781
f036e6a1-06cd-486e-b16a-fd04fcc4abdf,0.025394352747716,0.0269068868523006,0.3367792067158049
f037225a-79eb-4d69-a6ac-2366183372aa,0.0709122538623167,0.1273384120333822,0.4306836510959696
f043ce2b-2926-45da-91ca-6f5808e5a5ef,0.0750887296633635,0.0705616739339172,0.3630599989687058
f04e837e-fef4-44e8-aef5-9e0b22c78bb8,0.0943884086847555,0.1467695667167148,0.5818070176555463
f08ae7d1-ca37-4f8f-8943-d61f0c625198,0.1218569447734626,0.1077107513799048,0.5474098591126204
f08b4b5b-528c-458f-854e-6b2721e3d2a2,0.0985604925261445,0.1152805715758543,0.6004539489932668
f0b18bd9-b618-4f42-a375-389a06b1088d,0.0818315694594079,0.097662762277918,0.4114013020178995
f0b30860-2560-4703-8ff8-41a06d5f79e3,0.100464504961026,0.1593278272658764,0.4627274616495862
f0d2047c-1edc-4ca1-82ea-123adfbb4893,0.1036495266937067,0.1114944477459018,0.5797536894723905
f0dd05f8-9bdd-49b5-a612-d1618af29ec7,0.091632135854071,0.1303582948497363,0.4507428672688653
f0ef08fe-9fc2-4812-a7d9-876ff4abb9e3,0.0140464087877674,0.0201553019616165,0.3359313433735921
f109e9e2-e758-47e8-9716-7d57d75ab9c9,0.0751737333636983,0.0856094123689742,0.6171674773763802
f11f6a39-997b-436a-9f4b-d1748ff2d641,0.0618305761774725,0.0579354247812217,0.356933957721491
f124e214-5495-470d-ad1b-70515f771b5f,0.1165085773551072,0.0546501213784086,0.5863344286015091
f12c1b17-f483-4d27-89c0-4e11ee736727,0.062667761798531,0.076038499700275,0.3877597453790826
f12c59d7-b32b-40c5-a687-13bcb2a44420,0.0321746604202225,0.0562766546713005,0.3623171690552385
f1350fa6-a893-4850-8d13-3829a7addeef,0.1061415722276501,0.0575883347387286,0.3736955597690433
f13c8ab6-019f-41c8-a04d-ce9f7b464881,0.077424138669707,0.1100836557158245,0.4158760338337239
f141a050-7dc1-4d87-bd7a-06e130a52e29,0.1482194932575458,0.1005624249385085,0.4172835491009456
f1426fd9-db12-44a1-9001-0fb6ace71f89,0.0330073898356335,0.0466635876418735,0.3430999671754899
f1532d28-88b2-45c3-a689-1673968cfb18,0.1187244190539764,0.1301066165741733,0.4341019945877382
f16fdd7a-1d45-460d-89e0-da603475cf49,0.0297853816304551,0.0474224834804705,0.3503405353428641
f185ac0a-7739-4c6a-8154-6bb75b5958e9,0.0338111086771215,0.0151091323013392,0.328023502424097
f189aec4-5b0c-489b-9c18-b8147d0a35a7,0.0789876292872862,0.109426174279243,0.5158564611482942
f1b15d01-f22c-4d25-960d-7cea7e5e3ff4,0.0109519287558413,0.0115324926824967,0.3159385755545262
f1bd67d1-7073-452b-9f30-3a69487dfd32,0.0227932494857556,0.0530021008069883,0.3580765156869211
f1d27548-6d26-432a-b2b8-b3656949f3db,0.106846076689296,0.1161947615409074,0.4521396013379123
f1f24de5-8fe5-4632-a2c6-c14c72d26eb6,0.1508320924084679,0.0362036464602538,0.3271015854435756
f20fa27f-c80e-46ba-8d9c-e0ad72d598a2,0.098748562361608,0.1149477725504134,0.4196970930560769
f217f667-4d6c-4f93-ab6e-91ed83867e4f,0.0899057395600575,0.1311201259303916,0.4688816357384348
f2195cd7-28bb-4246-8cd4-9237d128254a,0.0814020568262247,0.0632722543042542,0.358744936847656
f21d58ef-5f52-4a5f-be82-3ac556429adb,0.0602228991813669,0.0562880085069376,0.5615478224647787
f22ddc93-7e5e-481c-ab8c-c81372ae15d2,0.0725438143556454,0.0547261473210044,0.3634926363272603
f267129e-95ad-40f8-9193-f0ff53058d10,0.0524214491713816,0.0881379602346426,0.3938054093242779
f274b412-0759-4833-ae13-60fc314fed4d,0.0410491346426775,0.026798536066407,0.3324829500000254
f27b60e8-aa3c-4066-93f8-20f7063688be,0.1192684667549488,0.0762498061114283,0.5889732189133862
f280505a-dd2f-4498-af24-faa467da7b94,0.0829216972324229,0.1296972117086327,0.5108315849456938
f2acc9b3-51df-4482-b1aa-074279a6e059,0.0230299476717484,0.0159832922127553,0.3072574809088748
f2b0c2e2-f892-4a46-a1c1-5d81e82e870b,0.1184575693694442,0.0679006064111145,0.3872787977921872
f2b0e7e4-39ac-4c0a-adbe-ea72716b8aa1,0.0679954586790306,0.0621192441097861,0.3538325056136437
f2c8a5d7-b4da-4024-908b-04c247b954bc,0.0775497445358777,0.0112575044464566,0.4978896193824458
f2dc9921-89b5-4f81-8412-cc537aaebd40,0.045663663711344,0.0589755611690859,0.3624666280992425
f2ebe4ee-fcf3-42f8-b67b-b78caaaca834,0.0962664141156474,0.0591277237937121,0.3710559610134545
f2efbb8f-897b-4087-9e6c-0e1a39dea8f4,0.0624561951127128,0.0651449019479575,0.3733904495916953
f31f476f-0ab1-457b-9df9-3f12f7aa7014,0.0745017413065524,0.0664440487541233,0.3686607867024877
f33bc6d1-db0d-4f0f-b4b0-c415f6faf14c,0.0970506050054284,0.1001518140216889,0.4132014141393905
f33e86d7-65b6-475c-b28c-b161b4e8185b,0.0862324752419863,0.1118982706245536,0.4373039564654654
f345f6ca-e040-4ecb-84be-7ebd5e6212f4,0.0112408608760028,0.011952834273365,0.3169858272376386
f34cf2cb-411c-47e4-ae0c-be539e661434,0.0852278302915067,0.1325108482230556,0.5715690025884517
f364f642-0307-416c-9f4b-9abb981b32a5,0.1543039403282874,0.065292778291752,0.4248522613737875
f36c8ad5-c4d9-4d10-b1aa-0856a7b4027d,0.1248567628953899,0.0392877334815184,0.523411505484257
f380a7da-78d6-4f1b-9410-ee7229522d45,0.0647297427305033,0.1130224849829241,0.4165026507940105
f3ad72e1-7787-4711-8c0d-1b6a0a7b9fa8,0.1523811508327579,0.0746537936663889,0.6352539410132196
f3cd7eb1-ccc3-4ec1-aa60-2fcd3be42fa2,0.088332130524832,0.143530329916218,0.4979262213521476
f3d58b23-702b-49a0-97f6-6daaaf4a1dee,0.0817563916853337,0.053528825736398,0.3539896421624225
f3ddb88c-c0f6-4d75-88d6-5f998cc6ccdb,0.0641825839570596,0.0965695241415311,0.4048598188837797
f3f31dcd-b218-4470-af06-d6d8331deaae,0.0411086243074536,0.0364148005113396,0.3467642488718889
f3f6091c-424b-4e16-8f50-0e747b195065,0.1006592237356343,0.0230579919062632,0.3271693939327873
f4063840-986d-4ba9-9580-0088e602dbf4,0.0268151350478204,0.0238297752776113,0.3300658498793831
f40e8dc2-fd96-462b-ad8f-de21b0ee5f72,0.0247342293115179,0.0455417000265759,0.3835433649809644
f41d9122-2a66-4058-9930-07f8070252bf,0.0220907282281033,0.0347779843732705,0.3436004106564208
f42fd8be-23b0-4a63-84d1-55f3ec294075,0.0530283371752401,0.0547939311482294,0.4110459632175661
f45f6dc4-6ac3-4333-ad1a-c5f5db32a1c8,0.0096669912908706,0.0206197681912507,0.3238857892273831
f486b6c9-3b91-4ba3-8b27-f4a8beef3f3b,0.1109946461079208,0.0800724206000929,0.3873770156197869
f4a4f265-3345-4696-b61f-d78def335a6e,0.1272407098758355,0.1183053364507869,0.4163046010544701
f4c6bb4a-2c75-40d1-b2ba-12388493bd9b,0.0824956435227903,0.1232170627839314,0.5995420908250996
f4ca6ac6-4989-462d-99b3-3658fc59c673,0.0949115992021338,0.0842678888087263,0.3886523468690937
f4cf53b3-e599-46be-a46a-97f196ba599b,0.1107823581569189,0.1353014416471344,0.562589293545211
f4eb3d5a-552e-4d93-ad54-ce3fd59317b2,0.0696236599814351,0.1409940539575032,0.4396525439631018
f4f7589a-c7c7-4f21-b82d-55911879add2,0.0846794978631832,0.0225908461097485,0.3117736678087476
f4f9b795-3032-4eb5-b740-3a59156d8b49,0.0618942466191062,0.0223899861705898,0.3321064062742088
f50ff0c5-ecde-4eeb-86ae-90b0d7fb1386,0.0720033834244273,0.1444381460125245,0.5584441896631568
f51a0454-26d5-49c8-9a15-1059dd0f90c8,0.04663846465302,0.1008591749403936,0.4110772986462428
f52058f6-9257-4096-b96b-4c8bfdac58e5,0.1070045557352528,0.1279686186175982,0.6173130145212371
f534a86c-8dce-4abd-a7a4-41a11ea967bf,0.06980894281797,0.0783167086968116,0.3800934436898571
f53d0c64-43e5-45bf-9a9d-1d208006a334,0.0861244124288253,0.1326641739816458,0.4189689619174966
f547af97-45b8-4bde-bc50-a08f37549cdc,0.0905825469135939,0.1257351657082166,0.4381529576831927
f55b55ea-a01b-442f-9447-ebb1dd202b9a,0.0747856854067582,0.0756931219573404,0.6123096421563962
f5635ef1-eb65-4d61-a12d-3ea9e1e9475c,0.0795772769229323,0.080041424049421,0.3818464479763268
f56b7e67-fa10-4f84-8a3c-b60787fd40e0,0.0460962031300052,0.1474782417665178,0.4590235518237779
f56f46fb-362f-4822-8a1f-ceb44e4f8400,0.0961854893182942,0.0798665823852621,0.5728876337017509
f5795e08-7fb6-43a5-98d3-a6158c8e72a3,0.1055268949647549,0.0204331555006759,0.3330799184294206
f5869b4f-4291-4d13-9f8c-55ceb72888b9,0.0583321416339053,0.1129158352878303,0.4055845243347988
f59a5f79-9492-4bea-a518-01dd23a4951a,0.0144671014813374,0.0299694185225194,0.3447023827462745
f5b1eb98-b6af-4038-85a7-68c38f730703,0.1005718886520406,0.0510962292263977,0.3678287099809122
f5e56439-88ee-4f4f-b825-3676b1bdc42e,0.1339661422770685,0.0875075518158541,0.4988479690222346
f6074eff-0134-4f29-b449-f7711828d43d,0.1472207049866922,0.0647532889567144,0.5272173196414024
f61303ea-ce07-43c1-8432-fb6fe3dec184,0.0470897362416693,0.0497469085562971,0.3532691425441255
f6259c38-02f2-4079-a34d-aaed1091037f,0.093446742971861,0.1257916663021514,0.6363269981484935
f627f0a9-8155-42b3-9919-39daf645a3aa,0.0912492172191787,0.0469237945505716,0.3480582238449335
f6291191-f465-495f-8c6f-2a02f10f7c94,0.071982570232275,0.0748705571083697,0.3666088746036184
f62c1d36-76e3-4ccf-a962-aee4b3872b34,0.0768181179207276,0.1172045665007363,0.4009996499761069
f631db1c-ff78-4208-af15-075240a28b2b,0.0521610275142549,0.0115726306700475,0.3195452963165433
f63a46fb-9178-4bd7-8a2c-1114496b5c37,0.0149859626785865,0.034257711945628,0.3475119128806382
f65f5a38-e907-46bf-b2dd-73cf635e9935,0.0700509769690784,0.0119419597539552,0.3172906252431217
f673fd57-d116-4fad-832b-a79be48adae0,0.0256820420916072,0.0087679182336453,0.3156446728118331
f67ad0e2-ff95-4f59-b62c-e6f72ba68546,0.0219394471278674,0.0716401112665005,0.3861410227606693
f683e4f4-a183-4cec-97cc-5ca1865354cf,0.0878299306074331,0.1009124693631875,0.4098238129633849
f68c6808-4823-4c38-a397-13265361b9a2,0.0254840846640998,0.0558595953290761,0.3685555699895368
f69da91e-c99a-49a3-b663-2499e6608c9b,0.0479555275206033,0.0518455378862224,0.3604322582584662
f69de03c-2b2e-4a90-b9c5-7bdf0b197fae,0.0880910173952787,0.1195434830963619,0.4318412273520348
f6bc65ba-0351-49f2-ba0d-829b5d302c99,0.0442682047806018,0.0587849711416924,0.358965325334132
f6d49656-ca48-4fe8-bfa5-7d48e856f4f3,0.1168157768675349,0.0239081459166749,0.45659957520994
f6ed0a0b-1095-495a-badd-8a2622225d74,0.1499490206487473,0.1007235591165609,0.3983896311861934
f6f5626e-8055-4bfe-8d94-7ca44ceb9c96,0.0864227886923201,0.0761667054661358,0.3785722074553572
f6fe1cf3-95e4-4c69-aee0-05809742320c,0.1146834685186661,0.1419130870834618,0.4466835159840785
f7086470-b1af-41b0-aa95-c536150045a3,0.0514496201883814,0.1111255801246413,0.4289538988379769
f70910ff-f1f5-46aa-a7b3-649e290ffec1,0.0431621462902827,0.0485660575172072,0.4067605527586151
f70e86db-023b-4c75-8b54-4513e24aa018,0.0288539548158433,0.0768384342792195,0.3869957379923234
f71616ef-dfac-47a5-9ea7-041f17e07b19,0.0594508200572825,0.0854530891298896,0.4891410073500115
f71955e2-e925-4623-a329-c9b763892d80,0.0444098472242154,0.0429719748725368,0.3517582489368608
f71c2267-7235-405d-943a-2599f168b36c,0.0316034295537328,0.0726097147095184,0.3807682541987713
f72ebaff-b7c3-4c4c-a578-409e67657d77,0.1391240290447983,0.1239360107404118,0.4861250456789533
f7642d43-35ed-4d0a-8dd7-1fa835129f54,0.0420866282035143,0.0516911225809739,0.3560185175418442
f78f6a6a-e4e5-4e89-ae29-92535aadcfb7,0.0384811854677151,0.013403749549889,0.3234686608603729
f7a38c45-c66a-4345-acca-0f1cabbb2707,0.1555959522738759,0.1517481798249228,0.5250003086279901
f7ae0869-4275-4b24-a509-f29a863b1203,0.0417509625814098,0.0543394283093076,0.3587670600101704
f7b0d9c2-d084-459d-af7f-ff36e9bf8163,0.0703399263071215,0.0621294551873048,0.6199887885772973
f7b16ee0-f040-40ce-a170-75b387844435,0.151416338251386,0.0856413296521139,0.6313407856473551
f7ca9314-dc07-4679-84f0-a08ca5a957c2,0.0493745597714162,0.1008680503414028,0.428540660550637
f7fd33f1-7b5c-43d1-b4f4-ef99917ee092,0.0911217106542413,0.1433630720201874,0.457167341750993
f7ffee7f-dc52-4f64-b951-60bacba23883,0.0717459650019946,0.0886261252320543,0.3890292783330019
f8001fdb-8503-433d-9974-2b0f3e3e383c,0.0850214693341893,0.1386512319108067,0.5857618959338606
f81d03b4-a6ba-4932-a32c-ef139b1dd736,0.051369569089956,0.056790529116703,0.3616197894961545
f81d5114-ac5e-434f-9570-b17ceaed16c2,0.0949043962797676,0.1551144337864085,0.4826203557080497
f826ba26-9b7e-4239-a57d-7d10f593d3fb,0.0847312445993233,0.1308737128973347,0.4949221402141743
f843ec65-80e1-4e91-8b74-4c2a9978376e,0.1508058260297206,0.0962641639336061,0.5743279979024104
f84d546a-5d9c-4ac0-a86c-5c070fb8e897,0.0180018162143484,0.0249914231026474,0.3325604368798492
f84eeec0-dba5-48d6-a179-4b29c4695061,0.0830563339073559,0.0640084531332539,0.3617185687938356
f857c492-fc96-40fe-9b8a-6da21f07edcb,0.1483858984160296,0.1563122666269479,0.6358856802616865
f87396d2-2964-4955-9600-e8861b538e4c,0.1430726328123645,0.1526513622821163,0.4495256633237847
f88cecdc-e49e-4eb2-acef-06e2d50429bd,0.1570055643026695,0.1118513480772332,0.5222435711781095
f8993fdf-81c9-4daf-9562-42dd64c997ee,0.1204643295135551,0.127374231211858,0.4329879172904877
f8aaca2d-5a90-4ff1-b021-3fc93e8b1719,0.0461902881355264,0.04843981020161,0.3636025151964486
f8b6a7a3-6142-4444-83ff-133fc5e4e28a,0.1080113470714236,0.1135376590929054,0.4189811491863633
f8b87e83-1f38-480a-ac6b-7f41c6d6faa3,0.0333991228946531,0.0443091750684535,0.3482137586578764
f8ca9dee-29af-4045-b719-09fac30c86d2,0.0826508830163603,0.0965521707792275,0.4117542728061663
f8d0af93-8dd9-452f-8e04-43f97ecbc82f,0.1243497064258068,0.1253945813735266,0.5871781167311517
f8d26465-6a5e-42e0-86c3-e780673a4673,0.044544835538253,0.1218956280698808,0.4300062863860872
f8d7e77e-ccc5-48e6-a13e-a0ca11c4fd20,0.0313984944140538,0.0381449703874851,0.3447270820874355
f8e76ace-6c94-45c3-9ba2-bc3a632f6cda,0.0790727178972561,0.1092593323594197,0.4209419938007414
f906008b-a546-4b31-8955-3916abc334b4,0.1217567803112902,0.1385206426163747,0.4198357290560378
f912aa54-19ae-4e74-8cbd-277d4f7a4226,0.045843689679389,0.0615583807678331,0.373394321777076
f91bcbab-20cf-4309-9f52-1f1e7e2d35f4,0.1368113315497228,0.1620111928664414,0.4570829349932113
f92450d3-f984-4ccf-bb5c-179f77b653d8,0.0105406160414448,0.0564482289039171,0.3647117657318426
f92d52c7-6c17-4405-8d35-448b1432adb0,0.0475762659602999,0.1072875887603873,0.4428207956980057
f94ef63f-cf4c-49b2-88fe-3501f67639fd,0.0945046333619082,0.0391632881805124,0.3291338395532322
f955af83-d1bb-4259-a5eb-445f992dfe3e,0.1076552378532795,0.0983167742145717,0.4071906436552833
f95b68b5-5c45-454b-8b30-a79011a967ca,0.0664435281641478,0.0809617213910505,0.3803981881926417
f9697afd-a9e0-42f8-b698-005ea2b99784,0.033647908747893,0.0410757884315231,0.3502976975924463
f9764f00-c16e-4d1e-818e-05906653355d,0.1081899755892155,0.0953903619930177,0.5608493236496731
f9796259-6ce8-48d5-91a8-0120ca68bb3b,0.1512823024203955,0.1467167063533974,0.6256235940384935
f9894b12-06cd-4d85-b4a8-ee2fe0121ee1,0.1179771698803354,0.0603996161159576,0.5846499035013363
f98bd5e7-5874-472d-9363-c4cc43ed073f,0.0208499140636417,0.016643155356963,0.3225910305488214
f992ff41-019b-4bbd-b02b-e48814363cec,0.1474339678930585,0.0492583828180963,0.3699901532711179
f9c1ba22-74e2-4fc4-9910-4b18ca267563,0.0345733288835494,0.0090609069760744,0.318363647645243
f9d0684f-9afb-4ea0-9122-d74059964fa3,0.0065181656504111,0.0152738875920064,0.3271465155265858
f9d83c55-4b6d-42ea-bbd9-0a9da90afb47,0.0331418719480174,0.0321076559235621,0.3325235760667509
f9e1c93c-5760-4bbe-95eb-cab7621de00d,0.0602654787875256,0.0860463675148707,0.3973828841859571
f9eadd69-4ab7-4e00-ad3e-cc254ded98a8,0.031244699173917,0.0368364493783481,0.3439164178188956
f9fdfd89-72b2-4b60-afd7-31e587e2615d,0.0150194579272505,0.0211595022849871,0.332249225682062
fa0d3113-ec28-49a9-9054-6dcbf914a988,0.0777152311179227,0.1545627598723649,0.4493324920801632
fa1b0c34-e297-4161-889f-db5438afb223,0.0327902688815303,0.0495013766461301,0.3632739990952941
fa5507a9-1dd4-4015-86e7-a3c3dfa6b78d,0.0412360052878012,0.0737198957731083,0.4039728082747513
fa5cb192-33dc-4a07-a9b3-ff1d294d84b0,0.0927967087002996,0.0784925982837277,0.3856191934758887
fa5d6231-70f1-4865-8789-d395eec5258f,0.0146080559447973,0.0622186424102568,0.3783928235950579
fa5e40d6-45b1-40a6-b3b4-4cc959211643,0.0928497407129804,0.1240341272964639,0.4445469663104531
fa68db4f-7d8c-4048-b699-54a405bf26c4,0.0249682144530138,0.0306180434130244,0.3404791928939647
fa75f38b-5355-45b8-bdae-73cbc764a9f0,0.1574843285869394,0.1308685511718102,0.5024479411713876
fa79f242-3d3f-457f-96a9-c5f6e5af0cab,0.0215961320471896,0.1038471213962646,0.4106022509575298
fa86238d-7cd3-4fe3-a450-4091bcfebbbb,0.0507622267844185,0.0664440606081332,0.3716449028725083
fa8fef6c-f9e4-48cf-bbfe-3802e2690bc6,0.1123207440589586,0.093026097431138,0.3942722277531693
fa97588d-b0e2-4d43-a595-9c4453037a26,0.077185931357055,0.0367424370866239,0.3341422548639027
faa3998c-fbc4-4ce6-bbc2-66033cf0515f,0.0979060381063411,0.0874885872162196,0.5402874466117019
faa9c79f-6ea3-4c8f-8a4e-00b397090de6,0.0183178423782637,0.024327618833723,0.3304851423530481
faab37f1-7ed8-47ca-b27b-661d0bd5e791,0.0363524793173948,0.0403776670586571,0.3453192179817585
faadfb96-fd59-4c59-9eb8-b1f621e4a8d1,0.089990172179493,0.0244539375622111,0.5796024546864621
facb4e28-d1fc-4d50-9462-a67e24e07837,0.0930923229699162,0.1304303209104365,0.4405305611285416
fad58890-9031-4914-b657-254ccc870307,0.0198968077616289,0.0310836738572362,0.3426125773064416
fae5939c-9703-46b9-99f2-cc465a56e4c7,0.0489224481174152,0.0912334107472173,0.4499076603785111
fb239fd5-6194-4ee8-927a-ec4c325831c5,0.0858143898464549,0.139070336350139,0.5509416268875273
fb35d3ef-4bc3-46ae-9492-2a18dd4141b8,0.1160678903447981,0.1206673890197956,0.5625767928852221
fb5ae7ac-00a1-4640-81ee-7b9ca0989ab3,0.0305809524961324,0.0080104506865377,0.2877154297168142
fb65bd8e-2eb3-48ac-af74-2083d282f5b9,0.0563881415071637,0.0618423406844678,0.3621481420563309
fb6c0b06-0278-48bc-861e-a71ef0eae89d,0.0958170567229765,0.1456275158922899,0.462900375776895
fb7e99c6-e403-4ca0-a4a0-6de2f7a322b4,0.1316230415005788,0.030798131113321,0.3528329903167373
fb8f6ade-c74c-47f1-aa6f-c1ccc92375bf,0.0310986661558153,0.0352024026453701,0.3393883564270223
fb910cc9-1465-4684-82e0-f842f65fb450,0.0341545175638611,0.0527191604141286,0.3630149695060979
fba09b23-8eb3-45bf-8316-d34e77f0ecf7,0.0572501413212725,0.0842168816132586,0.3971351542422323
fbcfeb78-ca60-4ad1-a5d9-6d57d505a87b,0.0899218058077656,0.1117182896629608,0.4192840742915599
fbe582a1-2975-4b36-9d7e-0bd01c4ae821,0.0156995050648124,0.0384376827938056,0.34567563962405
fbf0bdc7-0356-4218-a0e3-65a0e6e6c80b,0.1159826379653016,0.1026318326432308,0.5942338802739805
fbf2dee3-ec8e-4327-9a8a-63bd67f4ebad,0.0748922427310899,0.0886645867095992,0.4341308531363773
fbff9b45-8941-4def-b853-e9cb6426e01c,0.157349952449682,0.0853809448555277,0.5609873925786029
fc1ce107-11da-4ac3-b23e-cb056268c514,0.0528103400541712,0.0509024279205823,0.3629402373445687
fc21ed63-edd6-413d-96a7-6afa05c4d9f4,0.0364462860743672,0.0775511908428372,0.3879101229299991
fc225e89-93d2-463d-9e2a-6d1e9c8ff9ca,0.0621370035459709,0.0573311256679588,0.3701258225501503
fc34de8e-fd6f-4924-bce0-1fefdd539983,0.0551225321941117,0.1573332920707796,0.4543230382269293
fc5340c5-114c-45b2-a34a-e16838c844c3,0.0499175352924583,0.0422128181995128,0.3382769087612877
fc6ea45d-6c6c-402d-a62d-6eb003a55bba,0.007205548173573,0.0219160066198648,0.3281729620050365
fc73d46c-892f-43f8-bd0d-cc0fdf1bf67c,0.013295800860663,0.0150173898191048,0.3269966557202366
fc7b178e-57d9-4f8d-b6c7-c03290b9cf54,0.0315344559205008,0.0475070691563764,0.3631809890664588
fca36c6d-4854-4c6c-b87e-5e137d4452a2,0.0480278427106872,0.0846333055299633,0.3824000962988476
fcc0d532-5d37-4acf-8d64-d9b8d3d3f871,0.1162767413631523,0.1444835582881169,0.4448614084702462
fcc131c3-3a81-400d-b889-32e0d82285a6,0.142606476260795,0.1589217539142581,0.4731569454427012
fce3f766-9e75-42d7-a1a8-aad78a77f4a1,0.0764809857549677,0.1602995803517379,0.4675153326309422
fce5f91f-590b-454e-b05c-e39ad72520dc,0.0746224073071478,0.086450062013737,0.3923737082382773
fd06d4bb-cde5-402f-bb2b-e9c93f976965,0.0794513649593216,0.1279865922324177,0.5264804171281543
fd1ff658-08e9-4fb9-8894-09eb62c3c2ad,0.0459115938674541,0.0423078692845003,0.3491989255937017
fd2ed857-650e-4aee-926e-977867d97056,0.0525123214794352,0.0324918523805338,0.3374508822278846
fd2fa408-4fd0-4617-8e3d-95ea3b932070,0.0554209920665427,0.1081123602116869,0.4154644513198751
fd4c84ab-36cb-4895-bdf3-721486945538,0.1252654764558439,0.0634659155110783,0.6292656851969366
fd5ecf80-cd41-4e19-a6ac-10fd4c861937,0.0554280488129693,0.0931943913402097,0.3942465825160076
fd60de10-e6d0-44ea-abdb-ffcbe2808e4b,0.1475360515892928,0.0527717387900674,0.3496418275034265
fd63b279-6ac2-4e6e-ab41-a7927c36ae1f,0.0115162831430733,0.021982355488985,0.3236528156279339
fd85f2bf-381f-4813-bf04-9324c7c1d2c3,0.1090324609177114,0.0557565242054532,0.3555109042122548
fd8c546a-f037-467a-bdf6-606ae2d3368b,0.1042680049084598,0.1006218820248883,0.4073645589334604
fd8f6871-d4b8-41fe-86ef-f126aac2e82d,0.1090678647538611,0.0217500825625715,0.344058435465918
fd9d3025-b20c-40df-a5f2-57f1114855d8,0.0331558148040441,0.0395605865550007,0.346796129556174
fda4032b-830a-4cb2-a9c5-c9fd6bd29811,0.0269953745708737,0.0442048623502907,0.3555255595266405
fdd1113f-f3e8-480d-8ce0-18be3330cb06,0.1435835456848209,0.1628217266386992,0.6380191262999129
fdd92019-d1f1-49ed-b1fa-fe391e3aa91c,0.0154406592490994,0.038903376512865,0.3439571818933852
fdf693ad-f9f8-4cdf-a04c-79fbba75a8c2,0.0552228145685406,0.0423972064961652,0.5026678821717878
fdfad902-3581-4143-b340-248d27a12f49,0.066917249050358,0.0385272453986159,0.4511490403547539
fdfbd764-db3e-4c7a-b2c8-08526055ddf0,0.1467049245958803,0.1559124398481096,0.4691455263540829
fe3152c5-b00c-474b-9371-a797ca63a97d,0.0833339604527395,0.1503126682096202,0.4614897925282614
fe476ee9-0669-4632-a11e-8e7904c506a6,0.0144060032937804,0.0173433271486058,0.328199786854315
fe501af0-fc63-42a4-8f7b-0a9e63ebe4b9,0.0984776123298577,0.108433140742142,0.4330571228425594
fe5ab65f-7bfa-4c3a-9449-b9a25a3abb16,0.1153869944847998,0.1608332440960194,0.4906563084254255
fe8187d2-8f0b-4a65-b536-7f93a158f808,0.1322334074055321,0.049742800797987,0.3760032881436065
fe8266ce-4c38-47b7-a249-ae6577a4eae4,0.1098965503802911,0.1002984087402193,0.5551633703043181
fe950b1c-aced-4ba5-9ed6-c31eba7308d2,0.0791510198083342,0.1298452324969417,0.426139399878549
feb41e36-405b-4770-a730-d0ca1caaf5db,0.0181430373012562,0.0483929137864272,0.3457874363889255
feb8318d-ed02-49f8-a701-34cffed599f3,0.1560576776008042,0.1325328007927149,0.5862399109346841
fec2da45-b60c-439f-872b-72a0232eb591,0.09318194939633,0.157196751444672,0.5326639294430758
fed28e9a-f17d-4de4-bc96-933128289997,0.084734381258029,0.1440332914277354,0.4368302073878233
fed782e8-b3b7-4528-8a5d-b05beb94244e,0.0918534148358717,0.036018701256483,0.4332270473489122
fedf586f-33f7-4256-bbce-4a8dcfabe90d,0.030912510605712,0.0690228500262677,0.381205651874251
fef0328f-a67c-426a-9615-7a00c6c50add,0.0311384470338597,0.0777084052022701,0.4434826157942827
fef1347b-e770-471b-b026-be37b36f1d3c,0.0835976635032509,0.1050543200128667,0.4155505865494734
fef40ba9-2b18-4ffd-8476-e266f4cdac80,0.1427897780805346,0.1181231983118417,0.407604249250434
ff226230-4530-4b2f-ad86-6f47dc011cda,0.0481699812981549,0.0506566467325762,0.3641986444977488
ff26ba9a-4c03-4614-89d9-0295a6e5c095,0.0664194786108711,0.0691830584128321,0.373811272820475
ff38df02-634d-42ed-8a97-cf0c76193781,0.117067581667781,0.1043250484912536,0.4540792387801801
ff581434-03ba-4eab-9ce1-c711cf898d84,0.1111476741026268,0.1617579974524836,0.631724162782398
ff5eb13a-7456-48e1-aec2-81dbfd17fbe2,0.1013289092838908,0.0722579511437013,0.6128029195018438
ff6104e1-5df4-48bb-b924-09b87f74e5e4,0.0543182136916452,0.0697640266769711,0.3756560750013759
ff62f29a-7dea-4a02-bb5d-20b2c6edb285,0.1537074290643198,0.1202553557902125,0.4233092725484065
ff66c374-7edd-477d-87ca-6549cddf0f5a,0.1115174319905523,0.0718842637278695,0.3761521667998589
ff67a961-b9e5-48b1-8594-416c71deafb0,0.0827869792698865,0.0810907818495227,0.3870883410947093
ff8a7937-990b-4b76-bb25-8630137743db,0.0322053824298429,0.0500212526908441,0.3565522474271386
ff903a14-281e-4714-be08-9d8a8694a396,0.029898519715177,0.078497304780576,0.3854087680980358
ff989cd9-2348-4c6a-86b6-2905735ff3f8,0.0886171411878078,0.1397583036285069,0.4588276223765655
ffa5fe0d-a14c-40d7-a3ef-517d7fbfa842,0.1345066936039774,0.1601307326372608,0.6121475882507155
ffb58ca0-f047-48fb-b361-6650b107405e,0.067468212912061,0.0701494735251829,0.3614393027424618
ffc2396e-adc9-4cb8-a4c9-3c124165e052,0.1171553585151705,0.103132937220328,0.5606158921860881
ffd90500-713a-4549-b234-bc13cafad412,0.159477128452162,0.0991515947044383,0.4253829544410155
ffe776e7-be27-4480-9572-71aef2076dfe,0.0873329044003358,0.1141216549017947,0.4200333235138678
fff73995-6f7a-4bd4-b4f4-f8e9e1f102f8,0.085222867791354,0.1408630453843771,0.5134541021071721
